2026-06-11 23:31:23,925 [INFO] patching driver executable C:\Users\bharath kumar\appdata\roaming\undetected_chromedriver\undetected_chromedriver.exe
2026-06-11 23:32:55,059 [WARNING] Autosuggest error for 'd': Message: invalid session id
Stacktrace:
	undetected_chromedriver!GetHandleVerifier [0xbcfa13+106c3]
	undetected_chromedriver!GetHandleVerifier [0xbcfa54+10704]
	undetected_chromedriver!(No symbol) [0x9ca66e]
	undetected_chromedriver!(No symbol) [0xa08515]
	undetected_chromedriver!(No symbol) [0xa36146]
	undetected_chromedriver!(No symbol) [0xa312a2]
	undetected_chromedriver!(No symbol) [0xa30c81]
	undetected_chromedriver!(No symbol) [0x99dbce]
	undetected_chromedriver!(No symbol) [0x99e16e]
	undetected_chromedriver!(No symbol) [0x99e64d]
	undetected_chromedriver!GetHandleVerifier [0xe544fa+2951aa]
	undetected_chromedriver!GetHandleVerifier [0xe4fb56+290806]
	undetected_chromedriver!GetHandleVerifier [0xe6ff8b+2b0c3b]
	undetected_chromedriver!GetHandleVerifier [0xbe9ed6+2ab86]
	undetected_chromedriver!GetHandleVerifier [0xbf124d+31efd]
	undetected_chromedriver!(No symbol) [0x99d746]
	undetected_chromedriver!(No symbol) [0x99cda2]
	undetected_chromedriver!GetHandleVerifier [0xfb447f+3f512f]
	KERNEL32!BaseThreadInitThunk [0x75b87ba9+19]
	ntdll!RtlInitializeExceptionChain [0x7703c0cb+6b]
	ntdll!RtlClearBits [0x7703c04f+bf]

2026-06-11 23:32:55,059 [WARNING] Autosuggest error for 'e': Message: invalid session id
Stacktrace:
	undetected_chromedriver!GetHandleVerifier [0xbcfa13+106c3]
	undetected_chromedriver!GetHandleVerifier [0xbcfa54+10704]
	undetected_chromedriver!(No symbol) [0x9ca66e]
	undetected_chromedriver!(No symbol) [0xa08515]
	undetected_chromedriver!(No symbol) [0xa36146]
	undetected_chromedriver!(No symbol) [0xa312a2]
	undetected_chromedriver!(No symbol) [0xa30c81]
	undetected_chromedriver!(No symbol) [0x99dbce]
	undetected_chromedriver!(No symbol) [0x99e16e]
	undetected_chromedriver!(No symbol) [0x99e64d]
	undetected_chromedriver!GetHandleVerifier [0xe544fa+2951aa]
	undetected_chromedriver!GetHandleVerifier [0xe4fb56+290806]
	undetected_chromedriver!GetHandleVerifier [0xe6ff8b+2b0c3b]
	undetected_chromedriver!GetHandleVerifier [0xbe9ed6+2ab86]
	undetected_chromedriver!GetHandleVerifier [0xbf124d+31efd]
	undetected_chromedriver!(No symbol) [0x99d746]
	undetected_chromedriver!(No symbol) [0x99cda2]
	undetected_chromedriver!GetHandleVerifier [0xfb447f+3f512f]
	KERNEL32!BaseThreadInitThunk [0x75b87ba9+19]
	ntdll!RtlInitializeExceptionChain [0x7703c0cb+6b]
	ntdll!RtlClearBits [0x7703c04f+bf]

2026-06-11 23:32:55,059 [WARNING] Autosuggest error for 'f': Message: invalid session id
Stacktrace:
	undetected_chromedriver!GetHandleVerifier [0xbcfa13+106c3]
	undetected_chromedriver!GetHandleVerifier [0xbcfa54+10704]
	undetected_chromedriver!(No symbol) [0x9ca66e]
	undetected_chromedriver!(No symbol) [0xa08515]
	undetected_chromedriver!(No symbol) [0xa36146]
	undetected_chromedriver!(No symbol) [0xa312a2]
	undetected_chromedriver!(No symbol) [0xa30c81]
	undetected_chromedriver!(No symbol) [0x99dbce]
	undetected_chromedriver!(No symbol) [0x99e16e]
	undetected_chromedriver!(No symbol) [0x99e64d]
	undetected_chromedriver!GetHandleVerifier [0xe544fa+2951aa]
	undetected_chromedriver!GetHandleVerifier [0xe4fb56+290806]
	undetected_chromedriver!GetHandleVerifier [0xe6ff8b+2b0c3b]
	undetected_chromedriver!GetHandleVerifier [0xbe9ed6+2ab86]
	undetected_chromedriver!GetHandleVerifier [0xbf124d+31efd]
	undetected_chromedriver!(No symbol) [0x99d746]
	undetected_chromedriver!(No symbol) [0x99cda2]
	undetected_chromedriver!GetHandleVerifier [0xfb447f+3f512f]
	KERNEL32!BaseThreadInitThunk [0x75b87ba9+19]
	ntdll!RtlInitializeExceptionChain [0x7703c0cb+6b]
	ntdll!RtlClearBits [0x7703c04f+bf]

2026-06-11 23:32:55,059 [WARNING] Autosuggest error for 'g': Message: invalid session id
Stacktrace:
	undetected_chromedriver!GetHandleVerifier [0xbcfa13+106c3]
	undetected_chromedriver!GetHandleVerifier [0xbcfa54+10704]
	undetected_chromedriver!(No symbol) [0x9ca66e]
	undetected_chromedriver!(No symbol) [0xa08515]
	undetected_chromedriver!(No symbol) [0xa36146]
	undetected_chromedriver!(No symbol) [0xa312a2]
	undetected_chromedriver!(No symbol) [0xa30c81]
	undetected_chromedriver!(No symbol) [0x99dbce]
	undetected_chromedriver!(No symbol) [0x99e16e]
	undetected_chromedriver!(No symbol) [0x99e64d]
	undetected_chromedriver!GetHandleVerifier [0xe544fa+2951aa]
	undetected_chromedriver!GetHandleVerifier [0xe4fb56+290806]
	undetected_chromedriver!GetHandleVerifier [0xe6ff8b+2b0c3b]
	undetected_chromedriver!GetHandleVerifier [0xbe9ed6+2ab86]
	undetected_chromedriver!GetHandleVerifier [0xbf124d+31efd]
	undetected_chromedriver!(No symbol) [0x99d746]
	undetected_chromedriver!(No symbol) [0x99cda2]
	undetected_chromedriver!GetHandleVerifier [0xfb447f+3f512f]
	KERNEL32!BaseThreadInitThunk [0x75b87ba9+19]
	ntdll!RtlInitializeExceptionChain [0x7703c0cb+6b]
	ntdll!RtlClearBits [0x7703c04f+bf]

2026-06-11 23:32:55,059 [WARNING] Autosuggest error for 'h': Message: invalid session id
Stacktrace:
	undetected_chromedriver!GetHandleVerifier [0xbcfa13+106c3]
	undetected_chromedriver!GetHandleVerifier [0xbcfa54+10704]
	undetected_chromedriver!(No symbol) [0x9ca66e]
	undetected_chromedriver!(No symbol) [0xa08515]
	undetected_chromedriver!(No symbol) [0xa36146]
	undetected_chromedriver!(No symbol) [0xa312a2]
	undetected_chromedriver!(No symbol) [0xa30c81]
	undetected_chromedriver!(No symbol) [0x99dbce]
	undetected_chromedriver!(No symbol) [0x99e16e]
	undetected_chromedriver!(No symbol) [0x99e64d]
	undetected_chromedriver!GetHandleVerifier [0xe544fa+2951aa]
	undetected_chromedriver!GetHandleVerifier [0xe4fb56+290806]
	undetected_chromedriver!GetHandleVerifier [0xe6ff8b+2b0c3b]
	undetected_chromedriver!GetHandleVerifier [0xbe9ed6+2ab86]
	undetected_chromedriver!GetHandleVerifier [0xbf124d+31efd]
	undetected_chromedriver!(No symbol) [0x99d746]
	undetected_chromedriver!(No symbol) [0x99cda2]
	undetected_chromedriver!GetHandleVerifier [0xfb447f+3f512f]
	KERNEL32!BaseThreadInitThunk [0x75b87ba9+19]
	ntdll!RtlInitializeExceptionChain [0x7703c0cb+6b]
	ntdll!RtlClearBits [0x7703c04f+bf]

2026-06-11 23:32:55,059 [WARNING] Autosuggest error for 'i': Message: invalid session id
Stacktrace:
	undetected_chromedriver!GetHandleVerifier [0xbcfa13+106c3]
	undetected_chromedriver!GetHandleVerifier [0xbcfa54+10704]
	undetected_chromedriver!(No symbol) [0x9ca66e]
	undetected_chromedriver!(No symbol) [0xa08515]
	undetected_chromedriver!(No symbol) [0xa36146]
	undetected_chromedriver!(No symbol) [0xa312a2]
	undetected_chromedriver!(No symbol) [0xa30c81]
	undetected_chromedriver!(No symbol) [0x99dbce]
	undetected_chromedriver!(No symbol) [0x99e16e]
	undetected_chromedriver!(No symbol) [0x99e64d]
	undetected_chromedriver!GetHandleVerifier [0xe544fa+2951aa]
	undetected_chromedriver!GetHandleVerifier [0xe4fb56+290806]
	undetected_chromedriver!GetHandleVerifier [0xe6ff8b+2b0c3b]
	undetected_chromedriver!GetHandleVerifier [0xbe9ed6+2ab86]
	undetected_chromedriver!GetHandleVerifier [0xbf124d+31efd]
	undetected_chromedriver!(No symbol) [0x99d746]
	undetected_chromedriver!(No symbol) [0x99cda2]
	undetected_chromedriver!GetHandleVerifier [0xfb447f+3f512f]
	KERNEL32!BaseThreadInitThunk [0x75b87ba9+19]
	ntdll!RtlInitializeExceptionChain [0x7703c0cb+6b]
	ntdll!RtlClearBits [0x7703c04f+bf]

2026-06-11 23:32:55,059 [WARNING] Autosuggest error for 'j': Message: invalid session id
Stacktrace:
	undetected_chromedriver!GetHandleVerifier [0xbcfa13+106c3]
	undetected_chromedriver!GetHandleVerifier [0xbcfa54+10704]
	undetected_chromedriver!(No symbol) [0x9ca66e]
	undetected_chromedriver!(No symbol) [0xa08515]
	undetected_chromedriver!(No symbol) [0xa36146]
	undetected_chromedriver!(No symbol) [0xa312a2]
	undetected_chromedriver!(No symbol) [0xa30c81]
	undetected_chromedriver!(No symbol) [0x99dbce]
	undetected_chromedriver!(No symbol) [0x99e16e]
	undetected_chromedriver!(No symbol) [0x99e64d]
	undetected_chromedriver!GetHandleVerifier [0xe544fa+2951aa]
	undetected_chromedriver!GetHandleVerifier [0xe4fb56+290806]
	undetected_chromedriver!GetHandleVerifier [0xe6ff8b+2b0c3b]
	undetected_chromedriver!GetHandleVerifier [0xbe9ed6+2ab86]
	undetected_chromedriver!GetHandleVerifier [0xbf124d+31efd]
	undetected_chromedriver!(No symbol) [0x99d746]
	undetected_chromedriver!(No symbol) [0x99cda2]
	undetected_chromedriver!GetHandleVerifier [0xfb447f+3f512f]
	KERNEL32!BaseThreadInitThunk [0x75b87ba9+19]
	ntdll!RtlInitializeExceptionChain [0x7703c0cb+6b]
	ntdll!RtlClearBits [0x7703c04f+bf]

2026-06-11 23:32:55,059 [WARNING] Autosuggest error for 'k': Message: invalid session id
Stacktrace:
	undetected_chromedriver!GetHandleVerifier [0xbcfa13+106c3]
	undetected_chromedriver!GetHandleVerifier [0xbcfa54+10704]
	undetected_chromedriver!(No symbol) [0x9ca66e]
	undetected_chromedriver!(No symbol) [0xa08515]
	undetected_chromedriver!(No symbol) [0xa36146]
	undetected_chromedriver!(No symbol) [0xa312a2]
	undetected_chromedriver!(No symbol) [0xa30c81]
	undetected_chromedriver!(No symbol) [0x99dbce]
	undetected_chromedriver!(No symbol) [0x99e16e]
	undetected_chromedriver!(No symbol) [0x99e64d]
	undetected_chromedriver!GetHandleVerifier [0xe544fa+2951aa]
	undetected_chromedriver!GetHandleVerifier [0xe4fb56+290806]
	undetected_chromedriver!GetHandleVerifier [0xe6ff8b+2b0c3b]
	undetected_chromedriver!GetHandleVerifier [0xbe9ed6+2ab86]
	undetected_chromedriver!GetHandleVerifier [0xbf124d+31efd]
	undetected_chromedriver!(No symbol) [0x99d746]
	undetected_chromedriver!(No symbol) [0x99cda2]
	undetected_chromedriver!GetHandleVerifier [0xfb447f+3f512f]
	KERNEL32!BaseThreadInitThunk [0x75b87ba9+19]
	ntdll!RtlInitializeExceptionChain [0x7703c0cb+6b]
	ntdll!RtlClearBits [0x7703c04f+bf]

2026-06-11 23:32:55,059 [WARNING] Autosuggest error for 'l': Message: invalid session id
Stacktrace:
	undetected_chromedriver!GetHandleVerifier [0xbcfa13+106c3]
	undetected_chromedriver!GetHandleVerifier [0xbcfa54+10704]
	undetected_chromedriver!(No symbol) [0x9ca66e]
	undetected_chromedriver!(No symbol) [0xa08515]
	undetected_chromedriver!(No symbol) [0xa36146]
	undetected_chromedriver!(No symbol) [0xa312a2]
	undetected_chromedriver!(No symbol) [0xa30c81]
	undetected_chromedriver!(No symbol) [0x99dbce]
	undetected_chromedriver!(No symbol) [0x99e16e]
	undetected_chromedriver!(No symbol) [0x99e64d]
	undetected_chromedriver!GetHandleVerifier [0xe544fa+2951aa]
	undetected_chromedriver!GetHandleVerifier [0xe4fb56+290806]
	undetected_chromedriver!GetHandleVerifier [0xe6ff8b+2b0c3b]
	undetected_chromedriver!GetHandleVerifier [0xbe9ed6+2ab86]
	undetected_chromedriver!GetHandleVerifier [0xbf124d+31efd]
	undetected_chromedriver!(No symbol) [0x99d746]
	undetected_chromedriver!(No symbol) [0x99cda2]
	undetected_chromedriver!GetHandleVerifier [0xfb447f+3f512f]
	KERNEL32!BaseThreadInitThunk [0x75b87ba9+19]
	ntdll!RtlInitializeExceptionChain [0x7703c0cb+6b]
	ntdll!RtlClearBits [0x7703c04f+bf]

2026-06-11 23:32:55,059 [WARNING] Autosuggest error for 'm': Message: invalid session id
Stacktrace:
	undetected_chromedriver!GetHandleVerifier [0xbcfa13+106c3]
	undetected_chromedriver!GetHandleVerifier [0xbcfa54+10704]
	undetected_chromedriver!(No symbol) [0x9ca66e]
	undetected_chromedriver!(No symbol) [0xa08515]
	undetected_chromedriver!(No symbol) [0xa36146]
	undetected_chromedriver!(No symbol) [0xa312a2]
	undetected_chromedriver!(No symbol) [0xa30c81]
	undetected_chromedriver!(No symbol) [0x99dbce]
	undetected_chromedriver!(No symbol) [0x99e16e]
	undetected_chromedriver!(No symbol) [0x99e64d]
	undetected_chromedriver!GetHandleVerifier [0xe544fa+2951aa]
	undetected_chromedriver!GetHandleVerifier [0xe4fb56+290806]
	undetected_chromedriver!GetHandleVerifier [0xe6ff8b+2b0c3b]
	undetected_chromedriver!GetHandleVerifier [0xbe9ed6+2ab86]
	undetected_chromedriver!GetHandleVerifier [0xbf124d+31efd]
	undetected_chromedriver!(No symbol) [0x99d746]
	undetected_chromedriver!(No symbol) [0x99cda2]
	undetected_chromedriver!GetHandleVerifier [0xfb447f+3f512f]
	KERNEL32!BaseThreadInitThunk [0x75b87ba9+19]
	ntdll!RtlInitializeExceptionChain [0x7703c0cb+6b]
	ntdll!RtlClearBits [0x7703c04f+bf]

2026-06-11 23:32:55,059 [WARNING] Autosuggest error for 'n': Message: invalid session id
Stacktrace:
	undetected_chromedriver!GetHandleVerifier [0xbcfa13+106c3]
	undetected_chromedriver!GetHandleVerifier [0xbcfa54+10704]
	undetected_chromedriver!(No symbol) [0x9ca66e]
	undetected_chromedriver!(No symbol) [0xa08515]
	undetected_chromedriver!(No symbol) [0xa36146]
	undetected_chromedriver!(No symbol) [0xa312a2]
	undetected_chromedriver!(No symbol) [0xa30c81]
	undetected_chromedriver!(No symbol) [0x99dbce]
	undetected_chromedriver!(No symbol) [0x99e16e]
	undetected_chromedriver!(No symbol) [0x99e64d]
	undetected_chromedriver!GetHandleVerifier [0xe544fa+2951aa]
	undetected_chromedriver!GetHandleVerifier [0xe4fb56+290806]
	undetected_chromedriver!GetHandleVerifier [0xe6ff8b+2b0c3b]
	undetected_chromedriver!GetHandleVerifier [0xbe9ed6+2ab86]
	undetected_chromedriver!GetHandleVerifier [0xbf124d+31efd]
	undetected_chromedriver!(No symbol) [0x99d746]
	undetected_chromedriver!(No symbol) [0x99cda2]
	undetected_chromedriver!GetHandleVerifier [0xfb447f+3f512f]
	KERNEL32!BaseThreadInitThunk [0x75b87ba9+19]
	ntdll!RtlInitializeExceptionChain [0x7703c0cb+6b]
	ntdll!RtlClearBits [0x7703c04f+bf]

2026-06-11 23:32:55,071 [WARNING] Autosuggest error for 'o': Message: invalid session id
Stacktrace:
	undetected_chromedriver!GetHandleVerifier [0xbcfa13+106c3]
	undetected_chromedriver!GetHandleVerifier [0xbcfa54+10704]
	undetected_chromedriver!(No symbol) [0x9ca66e]
	undetected_chromedriver!(No symbol) [0xa08515]
	undetected_chromedriver!(No symbol) [0xa36146]
	undetected_chromedriver!(No symbol) [0xa312a2]
	undetected_chromedriver!(No symbol) [0xa30c81]
	undetected_chromedriver!(No symbol) [0x99dbce]
	undetected_chromedriver!(No symbol) [0x99e16e]
	undetected_chromedriver!(No symbol) [0x99e64d]
	undetected_chromedriver!GetHandleVerifier [0xe544fa+2951aa]
	undetected_chromedriver!GetHandleVerifier [0xe4fb56+290806]
	undetected_chromedriver!GetHandleVerifier [0xe6ff8b+2b0c3b]
	undetected_chromedriver!GetHandleVerifier [0xbe9ed6+2ab86]
	undetected_chromedriver!GetHandleVerifier [0xbf124d+31efd]
	undetected_chromedriver!(No symbol) [0x99d746]
	undetected_chromedriver!(No symbol) [0x99cda2]
	undetected_chromedriver!GetHandleVerifier [0xfb447f+3f512f]
	KERNEL32!BaseThreadInitThunk [0x75b87ba9+19]
	ntdll!RtlInitializeExceptionChain [0x7703c0cb+6b]
	ntdll!RtlClearBits [0x7703c04f+bf]

2026-06-11 23:32:55,071 [WARNING] Autosuggest error for 'p': Message: invalid session id
Stacktrace:
	undetected_chromedriver!GetHandleVerifier [0xbcfa13+106c3]
	undetected_chromedriver!GetHandleVerifier [0xbcfa54+10704]
	undetected_chromedriver!(No symbol) [0x9ca66e]
	undetected_chromedriver!(No symbol) [0xa08515]
	undetected_chromedriver!(No symbol) [0xa36146]
	undetected_chromedriver!(No symbol) [0xa312a2]
	undetected_chromedriver!(No symbol) [0xa30c81]
	undetected_chromedriver!(No symbol) [0x99dbce]
	undetected_chromedriver!(No symbol) [0x99e16e]
	undetected_chromedriver!(No symbol) [0x99e64d]
	undetected_chromedriver!GetHandleVerifier [0xe544fa+2951aa]
	undetected_chromedriver!GetHandleVerifier [0xe4fb56+290806]
	undetected_chromedriver!GetHandleVerifier [0xe6ff8b+2b0c3b]
	undetected_chromedriver!GetHandleVerifier [0xbe9ed6+2ab86]
	undetected_chromedriver!GetHandleVerifier [0xbf124d+31efd]
	undetected_chromedriver!(No symbol) [0x99d746]
	undetected_chromedriver!(No symbol) [0x99cda2]
	undetected_chromedriver!GetHandleVerifier [0xfb447f+3f512f]
	KERNEL32!BaseThreadInitThunk [0x75b87ba9+19]
	ntdll!RtlInitializeExceptionChain [0x7703c0cb+6b]
	ntdll!RtlClearBits [0x7703c04f+bf]

2026-06-11 23:32:55,072 [WARNING] Autosuggest error for 'q': Message: invalid session id
Stacktrace:
	undetected_chromedriver!GetHandleVerifier [0xbcfa13+106c3]
	undetected_chromedriver!GetHandleVerifier [0xbcfa54+10704]
	undetected_chromedriver!(No symbol) [0x9ca66e]
	undetected_chromedriver!(No symbol) [0xa08515]
	undetected_chromedriver!(No symbol) [0xa36146]
	undetected_chromedriver!(No symbol) [0xa312a2]
	undetected_chromedriver!(No symbol) [0xa30c81]
	undetected_chromedriver!(No symbol) [0x99dbce]
	undetected_chromedriver!(No symbol) [0x99e16e]
	undetected_chromedriver!(No symbol) [0x99e64d]
	undetected_chromedriver!GetHandleVerifier [0xe544fa+2951aa]
	undetected_chromedriver!GetHandleVerifier [0xe4fb56+290806]
	undetected_chromedriver!GetHandleVerifier [0xe6ff8b+2b0c3b]
	undetected_chromedriver!GetHandleVerifier [0xbe9ed6+2ab86]
	undetected_chromedriver!GetHandleVerifier [0xbf124d+31efd]
	undetected_chromedriver!(No symbol) [0x99d746]
	undetected_chromedriver!(No symbol) [0x99cda2]
	undetected_chromedriver!GetHandleVerifier [0xfb447f+3f512f]
	KERNEL32!BaseThreadInitThunk [0x75b87ba9+19]
	ntdll!RtlInitializeExceptionChain [0x7703c0cb+6b]
	ntdll!RtlClearBits [0x7703c04f+bf]

2026-06-11 23:32:55,072 [WARNING] Autosuggest error for 'r': Message: invalid session id
Stacktrace:
	undetected_chromedriver!GetHandleVerifier [0xbcfa13+106c3]
	undetected_chromedriver!GetHandleVerifier [0xbcfa54+10704]
	undetected_chromedriver!(No symbol) [0x9ca66e]
	undetected_chromedriver!(No symbol) [0xa08515]
	undetected_chromedriver!(No symbol) [0xa36146]
	undetected_chromedriver!(No symbol) [0xa312a2]
	undetected_chromedriver!(No symbol) [0xa30c81]
	undetected_chromedriver!(No symbol) [0x99dbce]
	undetected_chromedriver!(No symbol) [0x99e16e]
	undetected_chromedriver!(No symbol) [0x99e64d]
	undetected_chromedriver!GetHandleVerifier [0xe544fa+2951aa]
	undetected_chromedriver!GetHandleVerifier [0xe4fb56+290806]
	undetected_chromedriver!GetHandleVerifier [0xe6ff8b+2b0c3b]
	undetected_chromedriver!GetHandleVerifier [0xbe9ed6+2ab86]
	undetected_chromedriver!GetHandleVerifier [0xbf124d+31efd]
	undetected_chromedriver!(No symbol) [0x99d746]
	undetected_chromedriver!(No symbol) [0x99cda2]
	undetected_chromedriver!GetHandleVerifier [0xfb447f+3f512f]
	KERNEL32!BaseThreadInitThunk [0x75b87ba9+19]
	ntdll!RtlInitializeExceptionChain [0x7703c0cb+6b]
	ntdll!RtlClearBits [0x7703c04f+bf]

2026-06-11 23:32:55,072 [WARNING] Autosuggest error for 's': Message: invalid session id
Stacktrace:
	undetected_chromedriver!GetHandleVerifier [0xbcfa13+106c3]
	undetected_chromedriver!GetHandleVerifier [0xbcfa54+10704]
	undetected_chromedriver!(No symbol) [0x9ca66e]
	undetected_chromedriver!(No symbol) [0xa08515]
	undetected_chromedriver!(No symbol) [0xa36146]
	undetected_chromedriver!(No symbol) [0xa312a2]
	undetected_chromedriver!(No symbol) [0xa30c81]
	undetected_chromedriver!(No symbol) [0x99dbce]
	undetected_chromedriver!(No symbol) [0x99e16e]
	undetected_chromedriver!(No symbol) [0x99e64d]
	undetected_chromedriver!GetHandleVerifier [0xe544fa+2951aa]
	undetected_chromedriver!GetHandleVerifier [0xe4fb56+290806]
	undetected_chromedriver!GetHandleVerifier [0xe6ff8b+2b0c3b]
	undetected_chromedriver!GetHandleVerifier [0xbe9ed6+2ab86]
	undetected_chromedriver!GetHandleVerifier [0xbf124d+31efd]
	undetected_chromedriver!(No symbol) [0x99d746]
	undetected_chromedriver!(No symbol) [0x99cda2]
	undetected_chromedriver!GetHandleVerifier [0xfb447f+3f512f]
	KERNEL32!BaseThreadInitThunk [0x75b87ba9+19]
	ntdll!RtlInitializeExceptionChain [0x7703c0cb+6b]
	ntdll!RtlClearBits [0x7703c04f+bf]

2026-06-11 23:32:55,072 [WARNING] Autosuggest error for 't': Message: invalid session id
Stacktrace:
	undetected_chromedriver!GetHandleVerifier [0xbcfa13+106c3]
	undetected_chromedriver!GetHandleVerifier [0xbcfa54+10704]
	undetected_chromedriver!(No symbol) [0x9ca66e]
	undetected_chromedriver!(No symbol) [0xa08515]
	undetected_chromedriver!(No symbol) [0xa36146]
	undetected_chromedriver!(No symbol) [0xa312a2]
	undetected_chromedriver!(No symbol) [0xa30c81]
	undetected_chromedriver!(No symbol) [0x99dbce]
	undetected_chromedriver!(No symbol) [0x99e16e]
	undetected_chromedriver!(No symbol) [0x99e64d]
	undetected_chromedriver!GetHandleVerifier [0xe544fa+2951aa]
	undetected_chromedriver!GetHandleVerifier [0xe4fb56+290806]
	undetected_chromedriver!GetHandleVerifier [0xe6ff8b+2b0c3b]
	undetected_chromedriver!GetHandleVerifier [0xbe9ed6+2ab86]
	undetected_chromedriver!GetHandleVerifier [0xbf124d+31efd]
	undetected_chromedriver!(No symbol) [0x99d746]
	undetected_chromedriver!(No symbol) [0x99cda2]
	undetected_chromedriver!GetHandleVerifier [0xfb447f+3f512f]
	KERNEL32!BaseThreadInitThunk [0x75b87ba9+19]
	ntdll!RtlInitializeExceptionChain [0x7703c0cb+6b]
	ntdll!RtlClearBits [0x7703c04f+bf]

2026-06-11 23:32:55,072 [WARNING] Autosuggest error for 'u': Message: invalid session id
Stacktrace:
	undetected_chromedriver!GetHandleVerifier [0xbcfa13+106c3]
	undetected_chromedriver!GetHandleVerifier [0xbcfa54+10704]
	undetected_chromedriver!(No symbol) [0x9ca66e]
	undetected_chromedriver!(No symbol) [0xa08515]
	undetected_chromedriver!(No symbol) [0xa36146]
	undetected_chromedriver!(No symbol) [0xa312a2]
	undetected_chromedriver!(No symbol) [0xa30c81]
	undetected_chromedriver!(No symbol) [0x99dbce]
	undetected_chromedriver!(No symbol) [0x99e16e]
	undetected_chromedriver!(No symbol) [0x99e64d]
	undetected_chromedriver!GetHandleVerifier [0xe544fa+2951aa]
	undetected_chromedriver!GetHandleVerifier [0xe4fb56+290806]
	undetected_chromedriver!GetHandleVerifier [0xe6ff8b+2b0c3b]
	undetected_chromedriver!GetHandleVerifier [0xbe9ed6+2ab86]
	undetected_chromedriver!GetHandleVerifier [0xbf124d+31efd]
	undetected_chromedriver!(No symbol) [0x99d746]
	undetected_chromedriver!(No symbol) [0x99cda2]
	undetected_chromedriver!GetHandleVerifier [0xfb447f+3f512f]
	KERNEL32!BaseThreadInitThunk [0x75b87ba9+19]
	ntdll!RtlInitializeExceptionChain [0x7703c0cb+6b]
	ntdll!RtlClearBits [0x7703c04f+bf]

2026-06-11 23:32:55,072 [WARNING] Autosuggest error for 'v': Message: invalid session id
Stacktrace:
	undetected_chromedriver!GetHandleVerifier [0xbcfa13+106c3]
	undetected_chromedriver!GetHandleVerifier [0xbcfa54+10704]
	undetected_chromedriver!(No symbol) [0x9ca66e]
	undetected_chromedriver!(No symbol) [0xa08515]
	undetected_chromedriver!(No symbol) [0xa36146]
	undetected_chromedriver!(No symbol) [0xa312a2]
	undetected_chromedriver!(No symbol) [0xa30c81]
	undetected_chromedriver!(No symbol) [0x99dbce]
	undetected_chromedriver!(No symbol) [0x99e16e]
	undetected_chromedriver!(No symbol) [0x99e64d]
	undetected_chromedriver!GetHandleVerifier [0xe544fa+2951aa]
	undetected_chromedriver!GetHandleVerifier [0xe4fb56+290806]
	undetected_chromedriver!GetHandleVerifier [0xe6ff8b+2b0c3b]
	undetected_chromedriver!GetHandleVerifier [0xbe9ed6+2ab86]
	undetected_chromedriver!GetHandleVerifier [0xbf124d+31efd]
	undetected_chromedriver!(No symbol) [0x99d746]
	undetected_chromedriver!(No symbol) [0x99cda2]
	undetected_chromedriver!GetHandleVerifier [0xfb447f+3f512f]
	KERNEL32!BaseThreadInitThunk [0x75b87ba9+19]
	ntdll!RtlInitializeExceptionChain [0x7703c0cb+6b]
	ntdll!RtlClearBits [0x7703c04f+bf]

2026-06-11 23:32:55,072 [WARNING] Autosuggest error for 'w': Message: invalid session id
Stacktrace:
	undetected_chromedriver!GetHandleVerifier [0xbcfa13+106c3]
	undetected_chromedriver!GetHandleVerifier [0xbcfa54+10704]
	undetected_chromedriver!(No symbol) [0x9ca66e]
	undetected_chromedriver!(No symbol) [0xa08515]
	undetected_chromedriver!(No symbol) [0xa36146]
	undetected_chromedriver!(No symbol) [0xa312a2]
	undetected_chromedriver!(No symbol) [0xa30c81]
	undetected_chromedriver!(No symbol) [0x99dbce]
	undetected_chromedriver!(No symbol) [0x99e16e]
	undetected_chromedriver!(No symbol) [0x99e64d]
	undetected_chromedriver!GetHandleVerifier [0xe544fa+2951aa]
	undetected_chromedriver!GetHandleVerifier [0xe4fb56+290806]
	undetected_chromedriver!GetHandleVerifier [0xe6ff8b+2b0c3b]
	undetected_chromedriver!GetHandleVerifier [0xbe9ed6+2ab86]
	undetected_chromedriver!GetHandleVerifier [0xbf124d+31efd]
	undetected_chromedriver!(No symbol) [0x99d746]
	undetected_chromedriver!(No symbol) [0x99cda2]
	undetected_chromedriver!GetHandleVerifier [0xfb447f+3f512f]
	KERNEL32!BaseThreadInitThunk [0x75b87ba9+19]
	ntdll!RtlInitializeExceptionChain [0x7703c0cb+6b]
	ntdll!RtlClearBits [0x7703c04f+bf]

2026-06-11 23:32:55,072 [WARNING] Autosuggest error for 'x': Message: invalid session id
Stacktrace:
	undetected_chromedriver!GetHandleVerifier [0xbcfa13+106c3]
	undetected_chromedriver!GetHandleVerifier [0xbcfa54+10704]
	undetected_chromedriver!(No symbol) [0x9ca66e]
	undetected_chromedriver!(No symbol) [0xa08515]
	undetected_chromedriver!(No symbol) [0xa36146]
	undetected_chromedriver!(No symbol) [0xa312a2]
	undetected_chromedriver!(No symbol) [0xa30c81]
	undetected_chromedriver!(No symbol) [0x99dbce]
	undetected_chromedriver!(No symbol) [0x99e16e]
	undetected_chromedriver!(No symbol) [0x99e64d]
	undetected_chromedriver!GetHandleVerifier [0xe544fa+2951aa]
	undetected_chromedriver!GetHandleVerifier [0xe4fb56+290806]
	undetected_chromedriver!GetHandleVerifier [0xe6ff8b+2b0c3b]
	undetected_chromedriver!GetHandleVerifier [0xbe9ed6+2ab86]
	undetected_chromedriver!GetHandleVerifier [0xbf124d+31efd]
	undetected_chromedriver!(No symbol) [0x99d746]
	undetected_chromedriver!(No symbol) [0x99cda2]
	undetected_chromedriver!GetHandleVerifier [0xfb447f+3f512f]
	KERNEL32!BaseThreadInitThunk [0x75b87ba9+19]
	ntdll!RtlInitializeExceptionChain [0x7703c0cb+6b]
	ntdll!RtlClearBits [0x7703c04f+bf]

2026-06-11 23:32:55,072 [WARNING] Autosuggest error for 'y': Message: invalid session id
Stacktrace:
	undetected_chromedriver!GetHandleVerifier [0xbcfa13+106c3]
	undetected_chromedriver!GetHandleVerifier [0xbcfa54+10704]
	undetected_chromedriver!(No symbol) [0x9ca66e]
	undetected_chromedriver!(No symbol) [0xa08515]
	undetected_chromedriver!(No symbol) [0xa36146]
	undetected_chromedriver!(No symbol) [0xa312a2]
	undetected_chromedriver!(No symbol) [0xa30c81]
	undetected_chromedriver!(No symbol) [0x99dbce]
	undetected_chromedriver!(No symbol) [0x99e16e]
	undetected_chromedriver!(No symbol) [0x99e64d]
	undetected_chromedriver!GetHandleVerifier [0xe544fa+2951aa]
	undetected_chromedriver!GetHandleVerifier [0xe4fb56+290806]
	undetected_chromedriver!GetHandleVerifier [0xe6ff8b+2b0c3b]
	undetected_chromedriver!GetHandleVerifier [0xbe9ed6+2ab86]
	undetected_chromedriver!GetHandleVerifier [0xbf124d+31efd]
	undetected_chromedriver!(No symbol) [0x99d746]
	undetected_chromedriver!(No symbol) [0x99cda2]
	undetected_chromedriver!GetHandleVerifier [0xfb447f+3f512f]
	KERNEL32!BaseThreadInitThunk [0x75b87ba9+19]
	ntdll!RtlInitializeExceptionChain [0x7703c0cb+6b]
	ntdll!RtlClearBits [0x7703c04f+bf]

2026-06-11 23:32:55,072 [WARNING] Autosuggest error for 'z': Message: invalid session id
Stacktrace:
	undetected_chromedriver!GetHandleVerifier [0xbcfa13+106c3]
	undetected_chromedriver!GetHandleVerifier [0xbcfa54+10704]
	undetected_chromedriver!(No symbol) [0x9ca66e]
	undetected_chromedriver!(No symbol) [0xa08515]
	undetected_chromedriver!(No symbol) [0xa36146]
	undetected_chromedriver!(No symbol) [0xa312a2]
	undetected_chromedriver!(No symbol) [0xa30c81]
	undetected_chromedriver!(No symbol) [0x99dbce]
	undetected_chromedriver!(No symbol) [0x99e16e]
	undetected_chromedriver!(No symbol) [0x99e64d]
	undetected_chromedriver!GetHandleVerifier [0xe544fa+2951aa]
	undetected_chromedriver!GetHandleVerifier [0xe4fb56+290806]
	undetected_chromedriver!GetHandleVerifier [0xe6ff8b+2b0c3b]
	undetected_chromedriver!GetHandleVerifier [0xbe9ed6+2ab86]
	undetected_chromedriver!GetHandleVerifier [0xbf124d+31efd]
	undetected_chromedriver!(No symbol) [0x99d746]
	undetected_chromedriver!(No symbol) [0x99cda2]
	undetected_chromedriver!GetHandleVerifier [0xfb447f+3f512f]
	KERNEL32!BaseThreadInitThunk [0x75b87ba9+19]
	ntdll!RtlInitializeExceptionChain [0x7703c0cb+6b]
	ntdll!RtlClearBits [0x7703c04f+bf]

2026-06-11 23:33:00,368 [INFO] patching driver executable C:\Users\bharath kumar\appdata\roaming\undetected_chromedriver\undetected_chromedriver.exe
2026-06-11 23:33:01,460 [ERROR] Keyword 'AWS': Traceback (most recent call last):
  File "C:\Users\bharath kumar\Desktop\Web Scraper for Nakuri\naukri_scraper.py", line 503, in process_keyword
    driver = make_driver()
             ^^^^^^^^^^^^^
  File "C:\Users\bharath kumar\Desktop\Web Scraper for Nakuri\naukri_scraper.py", line 145, in make_driver
    driver = uc.Chrome(options=options)   # no use_subprocess, no headless
             ^^^^^^^^^^^^^^^^^^^^^^^^^^
  File "C:\Users\bharath kumar\AppData\Local\Programs\Python\Python311\Lib\site-packages\undetected_chromedriver\__init__.py", line 258, in __init__
    self.patcher.auto()
  File "C:\Users\bharath kumar\AppData\Local\Programs\Python\Python311\Lib\site-packages\undetected_chromedriver\patcher.py", line 178, in auto
    self.unzip_package(self.fetch_package())
  File "C:\Users\bharath kumar\AppData\Local\Programs\Python\Python311\Lib\site-packages\undetected_chromedriver\patcher.py", line 310, in unzip_package
    os.rename(os.path.join(self.zip_path, exe_path), self.executable_path)
FileExistsError: [WinError 183] Cannot create a file when that file already exists: 'C:\\Users\\bharath kumar\\appdata\\roaming\\undetected_chromedriver\\undetected\\chromedriver-win32\\chromedriver.exe' -> 'C:\\Users\\bharath kumar\\appdata\\roaming\\undetected_chromedriver\\undetected_chromedriver.exe'

2026-06-12 00:13:15,808 [WARNING] Navigation error https://www.naukri.com/job-listings-sales-associate-direct-sales-amazon-mumbai-1-to-5-years-210526017775: Message: unknown error: net::ERR_CONNECTION_CLOSED
  (Session info: chrome=149.0.7827.103)
Stacktrace:
	undetected_chromedriver!GetHandleVerifier [0xd9fa13+106c3]
	undetected_chromedriver!GetHandleVerifier [0xd9fa54+10704]
	undetected_chromedriver!(No symbol) [0xb9a830]
	undetected_chromedriver!(No symbol) [0xb97dc9]
	undetected_chromedriver!(No symbol) [0xb8b004]
	undetected_chromedriver!(No symbol) [0xb8c9fc]
	undetected_chromedriver!(No symbol) [0xb8b4a2]
	undetected_chromedriver!(No symbol) [0xb8add5]
	undetected_chromedriver!(No symbol) [0xb8aad5]
	undetected_chromedriver!(No symbol) [0xb88ca8]
	undetected_chromedriver!(No symbol) [0xb893ba]
	undetected_chromedriver!(No symbol) [0xb9e2be]
	undetected_chromedriver!(No symbol) [0xc23e24]
	undetected_chromedriver!(No symbol) [0xc0628c]
	undetected_chromedriver!(No symbol) [0xc232fa]
	undetected_chromedriver!(No symbol) [0xc06026]
	undetected_chromedriver!(No symbol) [0xbd9289]
	undetected_chromedriver!(No symbol) [0xbda054]
	undetected_chromedriver!GetHandleVerifier [0x10244fa+2951aa]
	undetected_chromedriver!GetHandleVerifier [0x101fb56+290806]
	undetected_chromedriver!GetHandleVerifier [0x103ff8b+2b0c3b]
	undetected_chromedriver!GetHandleVerifier [0xdb9ed6+2ab86]
	undetected_chromedriver!GetHandleVerifier [0xdc124d+31efd]
	undetected_chromedriver!GetHandleVerifier [0xda83d8+19088]
	undetected_chromedriver!GetHandleVerifier [0xda8585+19235]
	undetected_chromedriver!GetHandleVerifier [0xd9125f+1f0f]
	KERNEL32!BaseThreadInitThunk [0x75b87ba9+19]
	ntdll!RtlInitializeExceptionChain [0x7703c0cb+6b]
	ntdll!RtlClearBits [0x7703c04f+bf]

2026-06-12 00:54:15,356 [WARNING] Navigation error https://www.naukri.com/job-listings-business-analyst-oyo-gurugram-2-to-5-years-090426000381: Message: unknown error: net::ERR_CONNECTION_CLOSED
  (Session info: chrome=149.0.7827.103)
Stacktrace:
	undetected_chromedriver!GetHandleVerifier [0xd9fa13+106c3]
	undetected_chromedriver!GetHandleVerifier [0xd9fa54+10704]
	undetected_chromedriver!(No symbol) [0xb9a830]
	undetected_chromedriver!(No symbol) [0xb97dc9]
	undetected_chromedriver!(No symbol) [0xb8b004]
	undetected_chromedriver!(No symbol) [0xb8c9fc]
	undetected_chromedriver!(No symbol) [0xb8b4a2]
	undetected_chromedriver!(No symbol) [0xb8add5]
	undetected_chromedriver!(No symbol) [0xb8aad5]
	undetected_chromedriver!(No symbol) [0xb88ca8]
	undetected_chromedriver!(No symbol) [0xb893ba]
	undetected_chromedriver!(No symbol) [0xb9e2be]
	undetected_chromedriver!(No symbol) [0xc23e24]
	undetected_chromedriver!(No symbol) [0xc0628c]
	undetected_chromedriver!(No symbol) [0xc232fa]
	undetected_chromedriver!(No symbol) [0xc06026]
	undetected_chromedriver!(No symbol) [0xbd9289]
	undetected_chromedriver!(No symbol) [0xbda054]
	undetected_chromedriver!GetHandleVerifier [0x10244fa+2951aa]
	undetected_chromedriver!GetHandleVerifier [0x101fb56+290806]
	undetected_chromedriver!GetHandleVerifier [0x103ff8b+2b0c3b]
	undetected_chromedriver!GetHandleVerifier [0xdb9ed6+2ab86]
	undetected_chromedriver!GetHandleVerifier [0xdc124d+31efd]
	undetected_chromedriver!GetHandleVerifier [0xda83d8+19088]
	undetected_chromedriver!GetHandleVerifier [0xda8585+19235]
	undetected_chromedriver!GetHandleVerifier [0xd9125f+1f0f]
	KERNEL32!BaseThreadInitThunk [0x75b87ba9+19]
	ntdll!RtlInitializeExceptionChain [0x7703c0cb+6b]
	ntdll!RtlClearBits [0x7703c04f+bf]

2026-06-12 00:54:16,628 [WARNING] Navigation error https://www.naukri.com/job-listings-blockchain-developer-opencubicles-technologies-pvt-ltd-gurgaon-1-to-3-years-051119500013: Message: unknown error: net::ERR_CONNECTION_CLOSED
  (Session info: chrome=149.0.7827.103)
Stacktrace:
	undetected_chromedriver!GetHandleVerifier [0xd9fa13+106c3]
	undetected_chromedriver!GetHandleVerifier [0xd9fa54+10704]
	undetected_chromedriver!(No symbol) [0xb9a830]
	undetected_chromedriver!(No symbol) [0xb97dc9]
	undetected_chromedriver!(No symbol) [0xb8b004]
	undetected_chromedriver!(No symbol) [0xb8c9fc]
	undetected_chromedriver!(No symbol) [0xb8b4a2]
	undetected_chromedriver!(No symbol) [0xb8add5]
	undetected_chromedriver!(No symbol) [0xb8aad5]
	undetected_chromedriver!(No symbol) [0xb88ca8]
	undetected_chromedriver!(No symbol) [0xb893ba]
	undetected_chromedriver!(No symbol) [0xb9e2be]
	undetected_chromedriver!(No symbol) [0xc23e24]
	undetected_chromedriver!(No symbol) [0xc0628c]
	undetected_chromedriver!(No symbol) [0xc232fa]
	undetected_chromedriver!(No symbol) [0xc06026]
	undetected_chromedriver!(No symbol) [0xbd9289]
	undetected_chromedriver!(No symbol) [0xbda054]
	undetected_chromedriver!GetHandleVerifier [0x10244fa+2951aa]
	undetected_chromedriver!GetHandleVerifier [0x101fb56+290806]
	undetected_chromedriver!GetHandleVerifier [0x103ff8b+2b0c3b]
	undetected_chromedriver!GetHandleVerifier [0xdb9ed6+2ab86]
	undetected_chromedriver!GetHandleVerifier [0xdc124d+31efd]
	undetected_chromedriver!GetHandleVerifier [0xda83d8+19088]
	undetected_chromedriver!GetHandleVerifier [0xda8585+19235]
	undetected_chromedriver!GetHandleVerifier [0xd9125f+1f0f]
	KERNEL32!BaseThreadInitThunk [0x75b87ba9+19]
	ntdll!RtlInitializeExceptionChain [0x7703c0cb+6b]
	ntdll!RtlClearBits [0x7703c04f+bf]

2026-06-12 01:25:28,295 [WARNING] Blocked/404 for keyword 'Company' page 1
2026-06-12 01:32:26,081 [WARNING] Navigation error https://www.naukri.com/job-listings-content-writer-cyber-web-services-kolkata-mumbai-new-delhi-hyderabad-pune-chennai-bengaluru-1-to-3-years-110626500557: Message: invalid session id: session deleted as the browser has closed the connection
from disconnected: Unable to receive message from renderer
  (Session info: chrome=149.0.7827.103)
Stacktrace:
	undetected_chromedriver!GetHandleVerifier [0xd9fa13+106c3]
	undetected_chromedriver!GetHandleVerifier [0xd9fa54+10704]
	undetected_chromedriver!(No symbol) [0xb9a830]
	undetected_chromedriver!(No symbol) [0xb8ada3]
	undetected_chromedriver!(No symbol) [0xb8aad5]
	undetected_chromedriver!(No symbol) [0xb88ca8]
	undetected_chromedriver!(No symbol) [0xb893ba]
	undetected_chromedriver!(No symbol) [0xb9e2be]
	undetected_chromedriver!(No symbol) [0xc23e24]
	undetected_chromedriver!(No symbol) [0xc0628c]
	undetected_chromedriver!(No symbol) [0xc232fa]
	undetected_chromedriver!(No symbol) [0xc06026]
	undetected_chromedriver!(No symbol) [0xbd9289]
	undetected_chromedriver!(No symbol) [0xbda054]
	undetected_chromedriver!GetHandleVerifier [0x10244fa+2951aa]
	undetected_chromedriver!GetHandleVerifier [0x101fb56+290806]
	undetected_chromedriver!GetHandleVerifier [0x103ff8b+2b0c3b]
	undetected_chromedriver!GetHandleVerifier [0xdb9ed6+2ab86]
	undetected_chromedriver!GetHandleVerifier [0xdc124d+31efd]
	undetected_chromedriver!GetHandleVerifier [0xda83d8+19088]
	undetected_chromedriver!GetHandleVerifier [0xda8585+19235]
	undetected_chromedriver!GetHandleVerifier [0xd9125f+1f0f]
	KERNEL32!BaseThreadInitThunk [0x75b87ba9+19]
	ntdll!RtlInitializeExceptionChain [0x7703c0cb+6b]
	ntdll!RtlClearBits [0x7703c04f+bf]

2026-06-12 01:32:26,089 [WARNING] Navigation error https://www.naukri.com/job-listings-content-writer-world-e-mart-kolkata-mumbai-new-delhi-hyderabad-pune-chennai-bengaluru-2-to-5-years-110626500750: Message: invalid session id
Stacktrace:
	undetected_chromedriver!GetHandleVerifier [0xd9fa13+106c3]
	undetected_chromedriver!GetHandleVerifier [0xd9fa54+10704]
	undetected_chromedriver!(No symbol) [0xb9a66e]
	undetected_chromedriver!(No symbol) [0xbd8515]
	undetected_chromedriver!(No symbol) [0xc06146]
	undetected_chromedriver!(No symbol) [0xc012a2]
	undetected_chromedriver!(No symbol) [0xc00c81]
	undetected_chromedriver!(No symbol) [0xb6dbce]
	undetected_chromedriver!(No symbol) [0xb6e16e]
	undetected_chromedriver!(No symbol) [0xb6e64d]
	undetected_chromedriver!GetHandleVerifier [0x10244fa+2951aa]
	undetected_chromedriver!GetHandleVerifier [0x101fb56+290806]
	undetected_chromedriver!GetHandleVerifier [0x103ff8b+2b0c3b]
	undetected_chromedriver!GetHandleVerifier [0xdb9ed6+2ab86]
	undetected_chromedriver!GetHandleVerifier [0xdc124d+31efd]
	undetected_chromedriver!(No symbol) [0xb6d746]
	undetected_chromedriver!(No symbol) [0xb6cda2]
	undetected_chromedriver!GetHandleVerifier [0x118447f+3f512f]
	KERNEL32!BaseThreadInitThunk [0x75b87ba9+19]
	ntdll!RtlInitializeExceptionChain [0x7703c0cb+6b]
	ntdll!RtlClearBits [0x7703c04f+bf]

2026-06-12 01:32:26,089 [WARNING] Navigation error https://www.naukri.com/job-listings-content-writer-mahe-technologies-pvt-ltd-kolkata-mumbai-new-delhi-hyderabad-pune-chennai-bengaluru-2-to-7-years-110626500500: Message: invalid session id
Stacktrace:
	undetected_chromedriver!GetHandleVerifier [0xd9fa13+106c3]
	undetected_chromedriver!GetHandleVerifier [0xd9fa54+10704]
	undetected_chromedriver!(No symbol) [0xb9a66e]
	undetected_chromedriver!(No symbol) [0xbd8515]
	undetected_chromedriver!(No symbol) [0xc06146]
	undetected_chromedriver!(No symbol) [0xc012a2]
	undetected_chromedriver!(No symbol) [0xc00c81]
	undetected_chromedriver!(No symbol) [0xb6dbce]
	undetected_chromedriver!(No symbol) [0xb6e16e]
	undetected_chromedriver!(No symbol) [0xb6e64d]
	undetected_chromedriver!GetHandleVerifier [0x10244fa+2951aa]
	undetected_chromedriver!GetHandleVerifier [0x101fb56+290806]
	undetected_chromedriver!GetHandleVerifier [0x103ff8b+2b0c3b]
	undetected_chromedriver!GetHandleVerifier [0xdb9ed6+2ab86]
	undetected_chromedriver!GetHandleVerifier [0xdc124d+31efd]
	undetected_chromedriver!(No symbol) [0xb6d746]
	undetected_chromedriver!(No symbol) [0xb6cda2]
	undetected_chromedriver!GetHandleVerifier [0x118447f+3f512f]
	KERNEL32!BaseThreadInitThunk [0x75b87ba9+19]
	ntdll!RtlInitializeExceptionChain [0x7703c0cb+6b]
	ntdll!RtlClearBits [0x7703c04f+bf]

2026-06-12 01:32:26,097 [WARNING] Navigation error https://www.naukri.com/job-listings-content-writer-thrills-technologies-kolkata-mumbai-new-delhi-hyderabad-pune-chennai-bengaluru-5-to-10-years-110626500442: Message: invalid session id
Stacktrace:
	undetected_chromedriver!GetHandleVerifier [0xd9fa13+106c3]
	undetected_chromedriver!GetHandleVerifier [0xd9fa54+10704]
	undetected_chromedriver!(No symbol) [0xb9a66e]
	undetected_chromedriver!(No symbol) [0xbd8515]
	undetected_chromedriver!(No symbol) [0xc06146]
	undetected_chromedriver!(No symbol) [0xc012a2]
	undetected_chromedriver!(No symbol) [0xc00c81]
	undetected_chromedriver!(No symbol) [0xb6dbce]
	undetected_chromedriver!(No symbol) [0xb6e16e]
	undetected_chromedriver!(No symbol) [0xb6e64d]
	undetected_chromedriver!GetHandleVerifier [0x10244fa+2951aa]
	undetected_chromedriver!GetHandleVerifier [0x101fb56+290806]
	undetected_chromedriver!GetHandleVerifier [0x103ff8b+2b0c3b]
	undetected_chromedriver!GetHandleVerifier [0xdb9ed6+2ab86]
	undetected_chromedriver!GetHandleVerifier [0xdc124d+31efd]
	undetected_chromedriver!(No symbol) [0xb6d746]
	undetected_chromedriver!(No symbol) [0xb6cda2]
	undetected_chromedriver!GetHandleVerifier [0x118447f+3f512f]
	KERNEL32!BaseThreadInitThunk [0x75b87ba9+19]
	ntdll!RtlInitializeExceptionChain [0x7703c0cb+6b]
	ntdll!RtlClearBits [0x7703c04f+bf]

2026-06-12 01:32:26,097 [WARNING] Navigation error https://www.naukri.com/job-listings-content-writer-global-trendz-new-delhi-chennai-0-to-2-years-290526507628: Message: invalid session id
Stacktrace:
	undetected_chromedriver!GetHandleVerifier [0xd9fa13+106c3]
	undetected_chromedriver!GetHandleVerifier [0xd9fa54+10704]
	undetected_chromedriver!(No symbol) [0xb9a66e]
	undetected_chromedriver!(No symbol) [0xbd8515]
	undetected_chromedriver!(No symbol) [0xc06146]
	undetected_chromedriver!(No symbol) [0xc012a2]
	undetected_chromedriver!(No symbol) [0xc00c81]
	undetected_chromedriver!(No symbol) [0xb6dbce]
	undetected_chromedriver!(No symbol) [0xb6e16e]
	undetected_chromedriver!(No symbol) [0xb6e64d]
	undetected_chromedriver!GetHandleVerifier [0x10244fa+2951aa]
	undetected_chromedriver!GetHandleVerifier [0x101fb56+290806]
	undetected_chromedriver!GetHandleVerifier [0x103ff8b+2b0c3b]
	undetected_chromedriver!GetHandleVerifier [0xdb9ed6+2ab86]
	undetected_chromedriver!GetHandleVerifier [0xdc124d+31efd]
	undetected_chromedriver!(No symbol) [0xb6d746]
	undetected_chromedriver!(No symbol) [0xb6cda2]
	undetected_chromedriver!GetHandleVerifier [0x118447f+3f512f]
	KERNEL32!BaseThreadInitThunk [0x75b87ba9+19]
	ntdll!RtlInitializeExceptionChain [0x7703c0cb+6b]
	ntdll!RtlClearBits [0x7703c04f+bf]

2026-06-12 01:32:26,110 [WARNING] Navigation error https://www.naukri.com/job-listings-content-writer-social-studies-target-publications-thane-3-to-4-years-100626507022: Message: invalid session id
Stacktrace:
	undetected_chromedriver!GetHandleVerifier [0xd9fa13+106c3]
	undetected_chromedriver!GetHandleVerifier [0xd9fa54+10704]
	undetected_chromedriver!(No symbol) [0xb9a66e]
	undetected_chromedriver!(No symbol) [0xbd8515]
	undetected_chromedriver!(No symbol) [0xc06146]
	undetected_chromedriver!(No symbol) [0xc012a2]
	undetected_chromedriver!(No symbol) [0xc00c81]
	undetected_chromedriver!(No symbol) [0xb6dbce]
	undetected_chromedriver!(No symbol) [0xb6e16e]
	undetected_chromedriver!(No symbol) [0xb6e64d]
	undetected_chromedriver!GetHandleVerifier [0x10244fa+2951aa]
	undetected_chromedriver!GetHandleVerifier [0x101fb56+290806]
	undetected_chromedriver!GetHandleVerifier [0x103ff8b+2b0c3b]
	undetected_chromedriver!GetHandleVerifier [0xdb9ed6+2ab86]
	undetected_chromedriver!GetHandleVerifier [0xdc124d+31efd]
	undetected_chromedriver!(No symbol) [0xb6d746]
	undetected_chromedriver!(No symbol) [0xb6cda2]
	undetected_chromedriver!GetHandleVerifier [0x118447f+3f512f]
	KERNEL32!BaseThreadInitThunk [0x75b87ba9+19]
	ntdll!RtlInitializeExceptionChain [0x7703c0cb+6b]
	ntdll!RtlClearBits [0x7703c04f+bf]

2026-06-12 01:32:26,113 [WARNING] Navigation error https://www.naukri.com/job-listings-content-writer-content-creator-kalanjali-arts-craft-ramoji-group-ramoji-hyderabad-3-to-6-years-100626500607: Message: invalid session id
Stacktrace:
	undetected_chromedriver!GetHandleVerifier [0xd9fa13+106c3]
	undetected_chromedriver!GetHandleVerifier [0xd9fa54+10704]
	undetected_chromedriver!(No symbol) [0xb9a66e]
	undetected_chromedriver!(No symbol) [0xbd8515]
	undetected_chromedriver!(No symbol) [0xc06146]
	undetected_chromedriver!(No symbol) [0xc012a2]
	undetected_chromedriver!(No symbol) [0xc00c81]
	undetected_chromedriver!(No symbol) [0xb6dbce]
	undetected_chromedriver!(No symbol) [0xb6e16e]
	undetected_chromedriver!(No symbol) [0xb6e64d]
	undetected_chromedriver!GetHandleVerifier [0x10244fa+2951aa]
	undetected_chromedriver!GetHandleVerifier [0x101fb56+290806]
	undetected_chromedriver!GetHandleVerifier [0x103ff8b+2b0c3b]
	undetected_chromedriver!GetHandleVerifier [0xdb9ed6+2ab86]
	undetected_chromedriver!GetHandleVerifier [0xdc124d+31efd]
	undetected_chromedriver!(No symbol) [0xb6d746]
	undetected_chromedriver!(No symbol) [0xb6cda2]
	undetected_chromedriver!GetHandleVerifier [0x118447f+3f512f]
	KERNEL32!BaseThreadInitThunk [0x75b87ba9+19]
	ntdll!RtlInitializeExceptionChain [0x7703c0cb+6b]
	ntdll!RtlClearBits [0x7703c04f+bf]

2026-06-12 01:32:26,113 [WARNING] Navigation error https://www.naukri.com/job-listings-content-writer-services-international-new-delhi-0-to-1-years-010626500681: Message: invalid session id
Stacktrace:
	undetected_chromedriver!GetHandleVerifier [0xd9fa13+106c3]
	undetected_chromedriver!GetHandleVerifier [0xd9fa54+10704]
	undetected_chromedriver!(No symbol) [0xb9a66e]
	undetected_chromedriver!(No symbol) [0xbd8515]
	undetected_chromedriver!(No symbol) [0xc06146]
	undetected_chromedriver!(No symbol) [0xc012a2]
	undetected_chromedriver!(No symbol) [0xc00c81]
	undetected_chromedriver!(No symbol) [0xb6dbce]
	undetected_chromedriver!(No symbol) [0xb6e16e]
	undetected_chromedriver!(No symbol) [0xb6e64d]
	undetected_chromedriver!GetHandleVerifier [0x10244fa+2951aa]
	undetected_chromedriver!GetHandleVerifier [0x101fb56+290806]
	undetected_chromedriver!GetHandleVerifier [0x103ff8b+2b0c3b]
	undetected_chromedriver!GetHandleVerifier [0xdb9ed6+2ab86]
	undetected_chromedriver!GetHandleVerifier [0xdc124d+31efd]
	undetected_chromedriver!(No symbol) [0xb6d746]
	undetected_chromedriver!(No symbol) [0xb6cda2]
	undetected_chromedriver!GetHandleVerifier [0x118447f+3f512f]
	KERNEL32!BaseThreadInitThunk [0x75b87ba9+19]
	ntdll!RtlInitializeExceptionChain [0x7703c0cb+6b]
	ntdll!RtlClearBits [0x7703c04f+bf]

2026-06-12 01:32:26,121 [WARNING] Navigation error https://www.naukri.com/job-listings-content-writer-byline-learning-solutions-pune-0-to-4-years-090626015690: Message: invalid session id
Stacktrace:
	undetected_chromedriver!GetHandleVerifier [0xd9fa13+106c3]
	undetected_chromedriver!GetHandleVerifier [0xd9fa54+10704]
	undetected_chromedriver!(No symbol) [0xb9a66e]
	undetected_chromedriver!(No symbol) [0xbd8515]
	undetected_chromedriver!(No symbol) [0xc06146]
	undetected_chromedriver!(No symbol) [0xc012a2]
	undetected_chromedriver!(No symbol) [0xc00c81]
	undetected_chromedriver!(No symbol) [0xb6dbce]
	undetected_chromedriver!(No symbol) [0xb6e16e]
	undetected_chromedriver!(No symbol) [0xb6e64d]
	undetected_chromedriver!GetHandleVerifier [0x10244fa+2951aa]
	undetected_chromedriver!GetHandleVerifier [0x101fb56+290806]
	undetected_chromedriver!GetHandleVerifier [0x103ff8b+2b0c3b]
	undetected_chromedriver!GetHandleVerifier [0xdb9ed6+2ab86]
	undetected_chromedriver!GetHandleVerifier [0xdc124d+31efd]
	undetected_chromedriver!(No symbol) [0xb6d746]
	undetected_chromedriver!(No symbol) [0xb6cda2]
	undetected_chromedriver!GetHandleVerifier [0x118447f+3f512f]
	KERNEL32!BaseThreadInitThunk [0x75b87ba9+19]
	ntdll!RtlInitializeExceptionChain [0x7703c0cb+6b]
	ntdll!RtlClearBits [0x7703c04f+bf]

2026-06-12 01:32:26,121 [WARNING] Navigation error https://www.naukri.com/job-listings-content-writer-digiroket-jaipur-0-to-2-years-030626501698: Message: invalid session id
Stacktrace:
	undetected_chromedriver!GetHandleVerifier [0xd9fa13+106c3]
	undetected_chromedriver!GetHandleVerifier [0xd9fa54+10704]
	undetected_chromedriver!(No symbol) [0xb9a66e]
	undetected_chromedriver!(No symbol) [0xbd8515]
	undetected_chromedriver!(No symbol) [0xc06146]
	undetected_chromedriver!(No symbol) [0xc012a2]
	undetected_chromedriver!(No symbol) [0xc00c81]
	undetected_chromedriver!(No symbol) [0xb6dbce]
	undetected_chromedriver!(No symbol) [0xb6e16e]
	undetected_chromedriver!(No symbol) [0xb6e64d]
	undetected_chromedriver!GetHandleVerifier [0x10244fa+2951aa]
	undetected_chromedriver!GetHandleVerifier [0x101fb56+290806]
	undetected_chromedriver!GetHandleVerifier [0x103ff8b+2b0c3b]
	undetected_chromedriver!GetHandleVerifier [0xdb9ed6+2ab86]
	undetected_chromedriver!GetHandleVerifier [0xdc124d+31efd]
	undetected_chromedriver!(No symbol) [0xb6d746]
	undetected_chromedriver!(No symbol) [0xb6cda2]
	undetected_chromedriver!GetHandleVerifier [0x118447f+3f512f]
	KERNEL32!BaseThreadInitThunk [0x75b87ba9+19]
	ntdll!RtlInitializeExceptionChain [0x7703c0cb+6b]
	ntdll!RtlClearBits [0x7703c04f+bf]

2026-06-12 01:32:26,121 [WARNING] Navigation error https://www.naukri.com/job-listings-content-writer-adecco-india-bengaluru-2-to-5-years-090626013202: Message: invalid session id
Stacktrace:
	undetected_chromedriver!GetHandleVerifier [0xd9fa13+106c3]
	undetected_chromedriver!GetHandleVerifier [0xd9fa54+10704]
	undetected_chromedriver!(No symbol) [0xb9a66e]
	undetected_chromedriver!(No symbol) [0xbd8515]
	undetected_chromedriver!(No symbol) [0xc06146]
	undetected_chromedriver!(No symbol) [0xc012a2]
	undetected_chromedriver!(No symbol) [0xc00c81]
	undetected_chromedriver!(No symbol) [0xb6dbce]
	undetected_chromedriver!(No symbol) [0xb6e16e]
	undetected_chromedriver!(No symbol) [0xb6e64d]
	undetected_chromedriver!GetHandleVerifier [0x10244fa+2951aa]
	undetected_chromedriver!GetHandleVerifier [0x101fb56+290806]
	undetected_chromedriver!GetHandleVerifier [0x103ff8b+2b0c3b]
	undetected_chromedriver!GetHandleVerifier [0xdb9ed6+2ab86]
	undetected_chromedriver!GetHandleVerifier [0xdc124d+31efd]
	undetected_chromedriver!(No symbol) [0xb6d746]
	undetected_chromedriver!(No symbol) [0xb6cda2]
	undetected_chromedriver!GetHandleVerifier [0x118447f+3f512f]
	KERNEL32!BaseThreadInitThunk [0x75b87ba9+19]
	ntdll!RtlInitializeExceptionChain [0x7703c0cb+6b]
	ntdll!RtlClearBits [0x7703c04f+bf]

2026-06-12 01:32:26,129 [WARNING] Navigation error https://www.naukri.com/job-listings-content-writer-inficore-soft-patna-1-to-4-years-100626507109: Message: invalid session id
Stacktrace:
	undetected_chromedriver!GetHandleVerifier [0xd9fa13+106c3]
	undetected_chromedriver!GetHandleVerifier [0xd9fa54+10704]
	undetected_chromedriver!(No symbol) [0xb9a66e]
	undetected_chromedriver!(No symbol) [0xbd8515]
	undetected_chromedriver!(No symbol) [0xc06146]
	undetected_chromedriver!(No symbol) [0xc012a2]
	undetected_chromedriver!(No symbol) [0xc00c81]
	undetected_chromedriver!(No symbol) [0xb6dbce]
	undetected_chromedriver!(No symbol) [0xb6e16e]
	undetected_chromedriver!(No symbol) [0xb6e64d]
	undetected_chromedriver!GetHandleVerifier [0x10244fa+2951aa]
	undetected_chromedriver!GetHandleVerifier [0x101fb56+290806]
	undetected_chromedriver!GetHandleVerifier [0x103ff8b+2b0c3b]
	undetected_chromedriver!GetHandleVerifier [0xdb9ed6+2ab86]
	undetected_chromedriver!GetHandleVerifier [0xdc124d+31efd]
	undetected_chromedriver!(No symbol) [0xb6d746]
	undetected_chromedriver!(No symbol) [0xb6cda2]
	undetected_chromedriver!GetHandleVerifier [0x118447f+3f512f]
	KERNEL32!BaseThreadInitThunk [0x75b87ba9+19]
	ntdll!RtlInitializeExceptionChain [0x7703c0cb+6b]
	ntdll!RtlClearBits [0x7703c04f+bf]

2026-06-12 01:32:26,129 [WARNING] Navigation error https://www.naukri.com/job-listings-content-writer-brightchamps-bengaluru-0-to-4-years-110626014886: Message: invalid session id
Stacktrace:
	undetected_chromedriver!GetHandleVerifier [0xd9fa13+106c3]
	undetected_chromedriver!GetHandleVerifier [0xd9fa54+10704]
	undetected_chromedriver!(No symbol) [0xb9a66e]
	undetected_chromedriver!(No symbol) [0xbd8515]
	undetected_chromedriver!(No symbol) [0xc06146]
	undetected_chromedriver!(No symbol) [0xc012a2]
	undetected_chromedriver!(No symbol) [0xc00c81]
	undetected_chromedriver!(No symbol) [0xb6dbce]
	undetected_chromedriver!(No symbol) [0xb6e16e]
	undetected_chromedriver!(No symbol) [0xb6e64d]
	undetected_chromedriver!GetHandleVerifier [0x10244fa+2951aa]
	undetected_chromedriver!GetHandleVerifier [0x101fb56+290806]
	undetected_chromedriver!GetHandleVerifier [0x103ff8b+2b0c3b]
	undetected_chromedriver!GetHandleVerifier [0xdb9ed6+2ab86]
	undetected_chromedriver!GetHandleVerifier [0xdc124d+31efd]
	undetected_chromedriver!(No symbol) [0xb6d746]
	undetected_chromedriver!(No symbol) [0xb6cda2]
	undetected_chromedriver!GetHandleVerifier [0x118447f+3f512f]
	KERNEL32!BaseThreadInitThunk [0x75b87ba9+19]
	ntdll!RtlInitializeExceptionChain [0x7703c0cb+6b]
	ntdll!RtlClearBits [0x7703c04f+bf]

2026-06-12 01:32:26,129 [WARNING] Navigation error https://www.naukri.com/job-listings-content-writer-dot-communications-mumbai-all-areas-3-to-5-years-100626917181: Message: invalid session id
Stacktrace:
	undetected_chromedriver!GetHandleVerifier [0xd9fa13+106c3]
	undetected_chromedriver!GetHandleVerifier [0xd9fa54+10704]
	undetected_chromedriver!(No symbol) [0xb9a66e]
	undetected_chromedriver!(No symbol) [0xbd8515]
	undetected_chromedriver!(No symbol) [0xc06146]
	undetected_chromedriver!(No symbol) [0xc012a2]
	undetected_chromedriver!(No symbol) [0xc00c81]
	undetected_chromedriver!(No symbol) [0xb6dbce]
	undetected_chromedriver!(No symbol) [0xb6e16e]
	undetected_chromedriver!(No symbol) [0xb6e64d]
	undetected_chromedriver!GetHandleVerifier [0x10244fa+2951aa]
	undetected_chromedriver!GetHandleVerifier [0x101fb56+290806]
	undetected_chromedriver!GetHandleVerifier [0x103ff8b+2b0c3b]
	undetected_chromedriver!GetHandleVerifier [0xdb9ed6+2ab86]
	undetected_chromedriver!GetHandleVerifier [0xdc124d+31efd]
	undetected_chromedriver!(No symbol) [0xb6d746]
	undetected_chromedriver!(No symbol) [0xb6cda2]
	undetected_chromedriver!GetHandleVerifier [0x118447f+3f512f]
	KERNEL32!BaseThreadInitThunk [0x75b87ba9+19]
	ntdll!RtlInitializeExceptionChain [0x7703c0cb+6b]
	ntdll!RtlClearBits [0x7703c04f+bf]

2026-06-12 01:32:26,129 [WARNING] Navigation error https://www.naukri.com/job-listings-content-writers-digitant-talent-solutions-hyderabad-0-to-4-years-100626504619: Message: invalid session id
Stacktrace:
	undetected_chromedriver!GetHandleVerifier [0xd9fa13+106c3]
	undetected_chromedriver!GetHandleVerifier [0xd9fa54+10704]
	undetected_chromedriver!(No symbol) [0xb9a66e]
	undetected_chromedriver!(No symbol) [0xbd8515]
	undetected_chromedriver!(No symbol) [0xc06146]
	undetected_chromedriver!(No symbol) [0xc012a2]
	undetected_chromedriver!(No symbol) [0xc00c81]
	undetected_chromedriver!(No symbol) [0xb6dbce]
	undetected_chromedriver!(No symbol) [0xb6e16e]
	undetected_chromedriver!(No symbol) [0xb6e64d]
	undetected_chromedriver!GetHandleVerifier [0x10244fa+2951aa]
	undetected_chromedriver!GetHandleVerifier [0x101fb56+290806]
	undetected_chromedriver!GetHandleVerifier [0x103ff8b+2b0c3b]
	undetected_chromedriver!GetHandleVerifier [0xdb9ed6+2ab86]
	undetected_chromedriver!GetHandleVerifier [0xdc124d+31efd]
	undetected_chromedriver!(No symbol) [0xb6d746]
	undetected_chromedriver!(No symbol) [0xb6cda2]
	undetected_chromedriver!GetHandleVerifier [0x118447f+3f512f]
	KERNEL32!BaseThreadInitThunk [0x75b87ba9+19]
	ntdll!RtlInitializeExceptionChain [0x7703c0cb+6b]
	ntdll!RtlClearBits [0x7703c04f+bf]

2026-06-12 01:32:26,145 [WARNING] Navigation error https://www.naukri.com/job-listings-content-writer-webandcrafts-thrissur-2-to-7-years-110626500652: Message: invalid session id
Stacktrace:
	undetected_chromedriver!GetHandleVerifier [0xd9fa13+106c3]
	undetected_chromedriver!GetHandleVerifier [0xd9fa54+10704]
	undetected_chromedriver!(No symbol) [0xb9a66e]
	undetected_chromedriver!(No symbol) [0xbd8515]
	undetected_chromedriver!(No symbol) [0xc06146]
	undetected_chromedriver!(No symbol) [0xc012a2]
	undetected_chromedriver!(No symbol) [0xc00c81]
	undetected_chromedriver!(No symbol) [0xb6dbce]
	undetected_chromedriver!(No symbol) [0xb6e16e]
	undetected_chromedriver!(No symbol) [0xb6e64d]
	undetected_chromedriver!GetHandleVerifier [0x10244fa+2951aa]
	undetected_chromedriver!GetHandleVerifier [0x101fb56+290806]
	undetected_chromedriver!GetHandleVerifier [0x103ff8b+2b0c3b]
	undetected_chromedriver!GetHandleVerifier [0xdb9ed6+2ab86]
	undetected_chromedriver!GetHandleVerifier [0xdc124d+31efd]
	undetected_chromedriver!(No symbol) [0xb6d746]
	undetected_chromedriver!(No symbol) [0xb6cda2]
	undetected_chromedriver!GetHandleVerifier [0x118447f+3f512f]
	KERNEL32!BaseThreadInitThunk [0x75b87ba9+19]
	ntdll!RtlInitializeExceptionChain [0x7703c0cb+6b]
	ntdll!RtlClearBits [0x7703c04f+bf]

2026-06-12 01:32:26,145 [WARNING] Navigation error https://www.naukri.com/job-listings-content-writer-chemistry-target-publications-thane-5-to-10-years-100626507021: Message: invalid session id
Stacktrace:
	undetected_chromedriver!GetHandleVerifier [0xd9fa13+106c3]
	undetected_chromedriver!GetHandleVerifier [0xd9fa54+10704]
	undetected_chromedriver!(No symbol) [0xb9a66e]
	undetected_chromedriver!(No symbol) [0xbd8515]
	undetected_chromedriver!(No symbol) [0xc06146]
	undetected_chromedriver!(No symbol) [0xc012a2]
	undetected_chromedriver!(No symbol) [0xc00c81]
	undetected_chromedriver!(No symbol) [0xb6dbce]
	undetected_chromedriver!(No symbol) [0xb6e16e]
	undetected_chromedriver!(No symbol) [0xb6e64d]
	undetected_chromedriver!GetHandleVerifier [0x10244fa+2951aa]
	undetected_chromedriver!GetHandleVerifier [0x101fb56+290806]
	undetected_chromedriver!GetHandleVerifier [0x103ff8b+2b0c3b]
	undetected_chromedriver!GetHandleVerifier [0xdb9ed6+2ab86]
	undetected_chromedriver!GetHandleVerifier [0xdc124d+31efd]
	undetected_chromedriver!(No symbol) [0xb6d746]
	undetected_chromedriver!(No symbol) [0xb6cda2]
	undetected_chromedriver!GetHandleVerifier [0x118447f+3f512f]
	KERNEL32!BaseThreadInitThunk [0x75b87ba9+19]
	ntdll!RtlInitializeExceptionChain [0x7703c0cb+6b]
	ntdll!RtlClearBits [0x7703c04f+bf]

2026-06-12 01:32:26,145 [WARNING] Navigation error https://www.naukri.com/job-listings-content-writer-tirtha-yatra-chennai-0-to-3-years-130426500212: Message: invalid session id
Stacktrace:
	undetected_chromedriver!GetHandleVerifier [0xd9fa13+106c3]
	undetected_chromedriver!GetHandleVerifier [0xd9fa54+10704]
	undetected_chromedriver!(No symbol) [0xb9a66e]
	undetected_chromedriver!(No symbol) [0xbd8515]
	undetected_chromedriver!(No symbol) [0xc06146]
	undetected_chromedriver!(No symbol) [0xc012a2]
	undetected_chromedriver!(No symbol) [0xc00c81]
	undetected_chromedriver!(No symbol) [0xb6dbce]
	undetected_chromedriver!(No symbol) [0xb6e16e]
	undetected_chromedriver!(No symbol) [0xb6e64d]
	undetected_chromedriver!GetHandleVerifier [0x10244fa+2951aa]
	undetected_chromedriver!GetHandleVerifier [0x101fb56+290806]
	undetected_chromedriver!GetHandleVerifier [0x103ff8b+2b0c3b]
	undetected_chromedriver!GetHandleVerifier [0xdb9ed6+2ab86]
	undetected_chromedriver!GetHandleVerifier [0xdc124d+31efd]
	undetected_chromedriver!(No symbol) [0xb6d746]
	undetected_chromedriver!(No symbol) [0xb6cda2]
	undetected_chromedriver!GetHandleVerifier [0x118447f+3f512f]
	KERNEL32!BaseThreadInitThunk [0x75b87ba9+19]
	ntdll!RtlInitializeExceptionChain [0x7703c0cb+6b]
	ntdll!RtlClearBits [0x7703c04f+bf]

2026-06-12 01:32:26,145 [WARNING] Navigation error https://www.naukri.com/job-listings-content-writer-samyotech-software-solutions-pvt-ltd-indore-1-to-2-years-110626500653: Message: invalid session id
Stacktrace:
	undetected_chromedriver!GetHandleVerifier [0xd9fa13+106c3]
	undetected_chromedriver!GetHandleVerifier [0xd9fa54+10704]
	undetected_chromedriver!(No symbol) [0xb9a66e]
	undetected_chromedriver!(No symbol) [0xbd8515]
	undetected_chromedriver!(No symbol) [0xc06146]
	undetected_chromedriver!(No symbol) [0xc012a2]
	undetected_chromedriver!(No symbol) [0xc00c81]
	undetected_chromedriver!(No symbol) [0xb6dbce]
	undetected_chromedriver!(No symbol) [0xb6e16e]
	undetected_chromedriver!(No symbol) [0xb6e64d]
	undetected_chromedriver!GetHandleVerifier [0x10244fa+2951aa]
	undetected_chromedriver!GetHandleVerifier [0x101fb56+290806]
	undetected_chromedriver!GetHandleVerifier [0x103ff8b+2b0c3b]
	undetected_chromedriver!GetHandleVerifier [0xdb9ed6+2ab86]
	undetected_chromedriver!GetHandleVerifier [0xdc124d+31efd]
	undetected_chromedriver!(No symbol) [0xb6d746]
	undetected_chromedriver!(No symbol) [0xb6cda2]
	undetected_chromedriver!GetHandleVerifier [0x118447f+3f512f]
	KERNEL32!BaseThreadInitThunk [0x75b87ba9+19]
	ntdll!RtlInitializeExceptionChain [0x7703c0cb+6b]
	ntdll!RtlClearBits [0x7703c04f+bf]

2026-06-12 01:32:26,145 [WARNING] Navigation error https://www.naukri.com/job-listings-content-writer-service-n-sure-gurugram-2-to-7-years-110626502384: Message: invalid session id
Stacktrace:
	undetected_chromedriver!GetHandleVerifier [0xd9fa13+106c3]
	undetected_chromedriver!GetHandleVerifier [0xd9fa54+10704]
	undetected_chromedriver!(No symbol) [0xb9a66e]
	undetected_chromedriver!(No symbol) [0xbd8515]
	undetected_chromedriver!(No symbol) [0xc06146]
	undetected_chromedriver!(No symbol) [0xc012a2]
	undetected_chromedriver!(No symbol) [0xc00c81]
	undetected_chromedriver!(No symbol) [0xb6dbce]
	undetected_chromedriver!(No symbol) [0xb6e16e]
	undetected_chromedriver!(No symbol) [0xb6e64d]
	undetected_chromedriver!GetHandleVerifier [0x10244fa+2951aa]
	undetected_chromedriver!GetHandleVerifier [0x101fb56+290806]
	undetected_chromedriver!GetHandleVerifier [0x103ff8b+2b0c3b]
	undetected_chromedriver!GetHandleVerifier [0xdb9ed6+2ab86]
	undetected_chromedriver!GetHandleVerifier [0xdc124d+31efd]
	undetected_chromedriver!(No symbol) [0xb6d746]
	undetected_chromedriver!(No symbol) [0xb6cda2]
	undetected_chromedriver!GetHandleVerifier [0x118447f+3f512f]
	KERNEL32!BaseThreadInitThunk [0x75b87ba9+19]
	ntdll!RtlInitializeExceptionChain [0x7703c0cb+6b]
	ntdll!RtlClearBits [0x7703c04f+bf]

2026-06-12 01:32:26,162 [WARNING] Navigation error https://www.naukri.com/job-listings-content-writer-turain-software-pvt-ltd-kolkata-2-to-7-years-110626500678: Message: invalid session id
Stacktrace:
	undetected_chromedriver!GetHandleVerifier [0xd9fa13+106c3]
	undetected_chromedriver!GetHandleVerifier [0xd9fa54+10704]
	undetected_chromedriver!(No symbol) [0xb9a66e]
	undetected_chromedriver!(No symbol) [0xbd8515]
	undetected_chromedriver!(No symbol) [0xc06146]
	undetected_chromedriver!(No symbol) [0xc012a2]
	undetected_chromedriver!(No symbol) [0xc00c81]
	undetected_chromedriver!(No symbol) [0xb6dbce]
	undetected_chromedriver!(No symbol) [0xb6e16e]
	undetected_chromedriver!(No symbol) [0xb6e64d]
	undetected_chromedriver!GetHandleVerifier [0x10244fa+2951aa]
	undetected_chromedriver!GetHandleVerifier [0x101fb56+290806]
	undetected_chromedriver!GetHandleVerifier [0x103ff8b+2b0c3b]
	undetected_chromedriver!GetHandleVerifier [0xdb9ed6+2ab86]
	undetected_chromedriver!GetHandleVerifier [0xdc124d+31efd]
	undetected_chromedriver!(No symbol) [0xb6d746]
	undetected_chromedriver!(No symbol) [0xb6cda2]
	undetected_chromedriver!GetHandleVerifier [0x118447f+3f512f]
	KERNEL32!BaseThreadInitThunk [0x75b87ba9+19]
	ntdll!RtlInitializeExceptionChain [0x7703c0cb+6b]
	ntdll!RtlClearBits [0x7703c04f+bf]

2026-06-12 01:32:26,162 [WARNING] Navigation error https://www.naukri.com/job-listings-content-writer-anirat-contracts-noida-2-to-7-years-110626500603: Message: invalid session id
Stacktrace:
	undetected_chromedriver!GetHandleVerifier [0xd9fa13+106c3]
	undetected_chromedriver!GetHandleVerifier [0xd9fa54+10704]
	undetected_chromedriver!(No symbol) [0xb9a66e]
	undetected_chromedriver!(No symbol) [0xbd8515]
	undetected_chromedriver!(No symbol) [0xc06146]
	undetected_chromedriver!(No symbol) [0xc012a2]
	undetected_chromedriver!(No symbol) [0xc00c81]
	undetected_chromedriver!(No symbol) [0xb6dbce]
	undetected_chromedriver!(No symbol) [0xb6e16e]
	undetected_chromedriver!(No symbol) [0xb6e64d]
	undetected_chromedriver!GetHandleVerifier [0x10244fa+2951aa]
	undetected_chromedriver!GetHandleVerifier [0x101fb56+290806]
	undetected_chromedriver!GetHandleVerifier [0x103ff8b+2b0c3b]
	undetected_chromedriver!GetHandleVerifier [0xdb9ed6+2ab86]
	undetected_chromedriver!GetHandleVerifier [0xdc124d+31efd]
	undetected_chromedriver!(No symbol) [0xb6d746]
	undetected_chromedriver!(No symbol) [0xb6cda2]
	undetected_chromedriver!GetHandleVerifier [0x118447f+3f512f]
	KERNEL32!BaseThreadInitThunk [0x75b87ba9+19]
	ntdll!RtlInitializeExceptionChain [0x7703c0cb+6b]
	ntdll!RtlClearBits [0x7703c04f+bf]

2026-06-12 01:32:26,162 [WARNING] Navigation error https://www.naukri.com/job-listings-content-writer-quanint-techsoft-hyderabad-3-to-5-years-110626023052: Message: invalid session id
Stacktrace:
	undetected_chromedriver!GetHandleVerifier [0xd9fa13+106c3]
	undetected_chromedriver!GetHandleVerifier [0xd9fa54+10704]
	undetected_chromedriver!(No symbol) [0xb9a66e]
	undetected_chromedriver!(No symbol) [0xbd8515]
	undetected_chromedriver!(No symbol) [0xc06146]
	undetected_chromedriver!(No symbol) [0xc012a2]
	undetected_chromedriver!(No symbol) [0xc00c81]
	undetected_chromedriver!(No symbol) [0xb6dbce]
	undetected_chromedriver!(No symbol) [0xb6e16e]
	undetected_chromedriver!(No symbol) [0xb6e64d]
	undetected_chromedriver!GetHandleVerifier [0x10244fa+2951aa]
	undetected_chromedriver!GetHandleVerifier [0x101fb56+290806]
	undetected_chromedriver!GetHandleVerifier [0x103ff8b+2b0c3b]
	undetected_chromedriver!GetHandleVerifier [0xdb9ed6+2ab86]
	undetected_chromedriver!GetHandleVerifier [0xdc124d+31efd]
	undetected_chromedriver!(No symbol) [0xb6d746]
	undetected_chromedriver!(No symbol) [0xb6cda2]
	undetected_chromedriver!GetHandleVerifier [0x118447f+3f512f]
	KERNEL32!BaseThreadInitThunk [0x75b87ba9+19]
	ntdll!RtlInitializeExceptionChain [0x7703c0cb+6b]
	ntdll!RtlClearBits [0x7703c04f+bf]

2026-06-12 01:32:26,176 [WARNING] Navigation error https://www.naukri.com/job-listings-150526500699: Message: invalid session id
Stacktrace:
	undetected_chromedriver!GetHandleVerifier [0xd9fa13+106c3]
	undetected_chromedriver!GetHandleVerifier [0xd9fa54+10704]
	undetected_chromedriver!(No symbol) [0xb9a66e]
	undetected_chromedriver!(No symbol) [0xbd8515]
	undetected_chromedriver!(No symbol) [0xc06146]
	undetected_chromedriver!(No symbol) [0xc012a2]
	undetected_chromedriver!(No symbol) [0xc00c81]
	undetected_chromedriver!(No symbol) [0xb6dbce]
	undetected_chromedriver!(No symbol) [0xb6e16e]
	undetected_chromedriver!(No symbol) [0xb6e64d]
	undetected_chromedriver!GetHandleVerifier [0x10244fa+2951aa]
	undetected_chromedriver!GetHandleVerifier [0x101fb56+290806]
	undetected_chromedriver!GetHandleVerifier [0x103ff8b+2b0c3b]
	undetected_chromedriver!GetHandleVerifier [0xdb9ed6+2ab86]
	undetected_chromedriver!GetHandleVerifier [0xdc124d+31efd]
	undetected_chromedriver!(No symbol) [0xb6d746]
	undetected_chromedriver!(No symbol) [0xb6cda2]
	undetected_chromedriver!GetHandleVerifier [0x118447f+3f512f]
	KERNEL32!BaseThreadInitThunk [0x75b87ba9+19]
	ntdll!RtlInitializeExceptionChain [0x7703c0cb+6b]
	ntdll!RtlClearBits [0x7703c04f+bf]

2026-06-12 01:32:26,180 [WARNING] Navigation error https://www.naukri.com/job-listings-content-writer-maktal-thrissur-0-to-3-years-010626501507: Message: invalid session id
Stacktrace:
	undetected_chromedriver!GetHandleVerifier [0xd9fa13+106c3]
	undetected_chromedriver!GetHandleVerifier [0xd9fa54+10704]
	undetected_chromedriver!(No symbol) [0xb9a66e]
	undetected_chromedriver!(No symbol) [0xbd8515]
	undetected_chromedriver!(No symbol) [0xc06146]
	undetected_chromedriver!(No symbol) [0xc012a2]
	undetected_chromedriver!(No symbol) [0xc00c81]
	undetected_chromedriver!(No symbol) [0xb6dbce]
	undetected_chromedriver!(No symbol) [0xb6e16e]
	undetected_chromedriver!(No symbol) [0xb6e64d]
	undetected_chromedriver!GetHandleVerifier [0x10244fa+2951aa]
	undetected_chromedriver!GetHandleVerifier [0x101fb56+290806]
	undetected_chromedriver!GetHandleVerifier [0x103ff8b+2b0c3b]
	undetected_chromedriver!GetHandleVerifier [0xdb9ed6+2ab86]
	undetected_chromedriver!GetHandleVerifier [0xdc124d+31efd]
	undetected_chromedriver!(No symbol) [0xb6d746]
	undetected_chromedriver!(No symbol) [0xb6cda2]
	undetected_chromedriver!GetHandleVerifier [0x118447f+3f512f]
	KERNEL32!BaseThreadInitThunk [0x75b87ba9+19]
	ntdll!RtlInitializeExceptionChain [0x7703c0cb+6b]
	ntdll!RtlClearBits [0x7703c04f+bf]

2026-06-12 01:32:26,180 [WARNING] Navigation error https://www.naukri.com/job-listings-content-writer-cybrosys-technologies-pvt-ltd-kozhikode-0-to-1-years-080626503918: Message: invalid session id
Stacktrace:
	undetected_chromedriver!GetHandleVerifier [0xd9fa13+106c3]
	undetected_chromedriver!GetHandleVerifier [0xd9fa54+10704]
	undetected_chromedriver!(No symbol) [0xb9a66e]
	undetected_chromedriver!(No symbol) [0xbd8515]
	undetected_chromedriver!(No symbol) [0xc06146]
	undetected_chromedriver!(No symbol) [0xc012a2]
	undetected_chromedriver!(No symbol) [0xc00c81]
	undetected_chromedriver!(No symbol) [0xb6dbce]
	undetected_chromedriver!(No symbol) [0xb6e16e]
	undetected_chromedriver!(No symbol) [0xb6e64d]
	undetected_chromedriver!GetHandleVerifier [0x10244fa+2951aa]
	undetected_chromedriver!GetHandleVerifier [0x101fb56+290806]
	undetected_chromedriver!GetHandleVerifier [0x103ff8b+2b0c3b]
	undetected_chromedriver!GetHandleVerifier [0xdb9ed6+2ab86]
	undetected_chromedriver!GetHandleVerifier [0xdc124d+31efd]
	undetected_chromedriver!(No symbol) [0xb6d746]
	undetected_chromedriver!(No symbol) [0xb6cda2]
	undetected_chromedriver!GetHandleVerifier [0x118447f+3f512f]
	KERNEL32!BaseThreadInitThunk [0x75b87ba9+19]
	ntdll!RtlInitializeExceptionChain [0x7703c0cb+6b]
	ntdll!RtlClearBits [0x7703c04f+bf]

2026-06-12 01:32:26,180 [WARNING] Navigation error https://www.naukri.com/job-listings-content-writer-wbcom-designs-lucknow-0-to-2-years-050626500892: Message: invalid session id
Stacktrace:
	undetected_chromedriver!GetHandleVerifier [0xd9fa13+106c3]
	undetected_chromedriver!GetHandleVerifier [0xd9fa54+10704]
	undetected_chromedriver!(No symbol) [0xb9a66e]
	undetected_chromedriver!(No symbol) [0xbd8515]
	undetected_chromedriver!(No symbol) [0xc06146]
	undetected_chromedriver!(No symbol) [0xc012a2]
	undetected_chromedriver!(No symbol) [0xc00c81]
	undetected_chromedriver!(No symbol) [0xb6dbce]
	undetected_chromedriver!(No symbol) [0xb6e16e]
	undetected_chromedriver!(No symbol) [0xb6e64d]
	undetected_chromedriver!GetHandleVerifier [0x10244fa+2951aa]
	undetected_chromedriver!GetHandleVerifier [0x101fb56+290806]
	undetected_chromedriver!GetHandleVerifier [0x103ff8b+2b0c3b]
	undetected_chromedriver!GetHandleVerifier [0xdb9ed6+2ab86]
	undetected_chromedriver!GetHandleVerifier [0xdc124d+31efd]
	undetected_chromedriver!(No symbol) [0xb6d746]
	undetected_chromedriver!(No symbol) [0xb6cda2]
	undetected_chromedriver!GetHandleVerifier [0x118447f+3f512f]
	KERNEL32!BaseThreadInitThunk [0x75b87ba9+19]
	ntdll!RtlInitializeExceptionChain [0x7703c0cb+6b]
	ntdll!RtlClearBits [0x7703c04f+bf]

2026-06-12 01:32:26,192 [WARNING] Navigation error https://www.naukri.com/job-listings-tech-content-writer-creator-thinkverge-new-delhi-2-to-5-years-100626018906: Message: invalid session id
Stacktrace:
	undetected_chromedriver!GetHandleVerifier [0xd9fa13+106c3]
	undetected_chromedriver!GetHandleVerifier [0xd9fa54+10704]
	undetected_chromedriver!(No symbol) [0xb9a66e]
	undetected_chromedriver!(No symbol) [0xbd8515]
	undetected_chromedriver!(No symbol) [0xc06146]
	undetected_chromedriver!(No symbol) [0xc012a2]
	undetected_chromedriver!(No symbol) [0xc00c81]
	undetected_chromedriver!(No symbol) [0xb6dbce]
	undetected_chromedriver!(No symbol) [0xb6e16e]
	undetected_chromedriver!(No symbol) [0xb6e64d]
	undetected_chromedriver!GetHandleVerifier [0x10244fa+2951aa]
	undetected_chromedriver!GetHandleVerifier [0x101fb56+290806]
	undetected_chromedriver!GetHandleVerifier [0x103ff8b+2b0c3b]
	undetected_chromedriver!GetHandleVerifier [0xdb9ed6+2ab86]
	undetected_chromedriver!GetHandleVerifier [0xdc124d+31efd]
	undetected_chromedriver!(No symbol) [0xb6d746]
	undetected_chromedriver!(No symbol) [0xb6cda2]
	undetected_chromedriver!GetHandleVerifier [0x118447f+3f512f]
	KERNEL32!BaseThreadInitThunk [0x75b87ba9+19]
	ntdll!RtlInitializeExceptionChain [0x7703c0cb+6b]
	ntdll!RtlClearBits [0x7703c04f+bf]

2026-06-12 01:32:26,192 [WARNING] Navigation error https://www.naukri.com/job-listings-content-writer-ai-editor-genius-agency-ai-remote-0-to-3-years-050626503917: Message: invalid session id
Stacktrace:
	undetected_chromedriver!GetHandleVerifier [0xd9fa13+106c3]
	undetected_chromedriver!GetHandleVerifier [0xd9fa54+10704]
	undetected_chromedriver!(No symbol) [0xb9a66e]
	undetected_chromedriver!(No symbol) [0xbd8515]
	undetected_chromedriver!(No symbol) [0xc06146]
	undetected_chromedriver!(No symbol) [0xc012a2]
	undetected_chromedriver!(No symbol) [0xc00c81]
	undetected_chromedriver!(No symbol) [0xb6dbce]
	undetected_chromedriver!(No symbol) [0xb6e16e]
	undetected_chromedriver!(No symbol) [0xb6e64d]
	undetected_chromedriver!GetHandleVerifier [0x10244fa+2951aa]
	undetected_chromedriver!GetHandleVerifier [0x101fb56+290806]
	undetected_chromedriver!GetHandleVerifier [0x103ff8b+2b0c3b]
	undetected_chromedriver!GetHandleVerifier [0xdb9ed6+2ab86]
	undetected_chromedriver!GetHandleVerifier [0xdc124d+31efd]
	undetected_chromedriver!(No symbol) [0xb6d746]
	undetected_chromedriver!(No symbol) [0xb6cda2]
	undetected_chromedriver!GetHandleVerifier [0x118447f+3f512f]
	KERNEL32!BaseThreadInitThunk [0x75b87ba9+19]
	ntdll!RtlInitializeExceptionChain [0x7703c0cb+6b]
	ntdll!RtlClearBits [0x7703c04f+bf]

2026-06-12 01:32:26,192 [WARNING] Navigation error https://www.naukri.com/job-listings-content-writer-reach-skyline-chennai-0-to-3-years-240426500140: Message: invalid session id
Stacktrace:
	undetected_chromedriver!GetHandleVerifier [0xd9fa13+106c3]
	undetected_chromedriver!GetHandleVerifier [0xd9fa54+10704]
	undetected_chromedriver!(No symbol) [0xb9a66e]
	undetected_chromedriver!(No symbol) [0xbd8515]
	undetected_chromedriver!(No symbol) [0xc06146]
	undetected_chromedriver!(No symbol) [0xc012a2]
	undetected_chromedriver!(No symbol) [0xc00c81]
	undetected_chromedriver!(No symbol) [0xb6dbce]
	undetected_chromedriver!(No symbol) [0xb6e16e]
	undetected_chromedriver!(No symbol) [0xb6e64d]
	undetected_chromedriver!GetHandleVerifier [0x10244fa+2951aa]
	undetected_chromedriver!GetHandleVerifier [0x101fb56+290806]
	undetected_chromedriver!GetHandleVerifier [0x103ff8b+2b0c3b]
	undetected_chromedriver!GetHandleVerifier [0xdb9ed6+2ab86]
	undetected_chromedriver!GetHandleVerifier [0xdc124d+31efd]
	undetected_chromedriver!(No symbol) [0xb6d746]
	undetected_chromedriver!(No symbol) [0xb6cda2]
	undetected_chromedriver!GetHandleVerifier [0x118447f+3f512f]
	KERNEL32!BaseThreadInitThunk [0x75b87ba9+19]
	ntdll!RtlInitializeExceptionChain [0x7703c0cb+6b]
	ntdll!RtlClearBits [0x7703c04f+bf]

2026-06-12 01:32:26,192 [WARNING] Navigation error https://www.naukri.com/job-listings-content-writer-sarkar-group-of-companies-kolkata-2-to-6-years-100626506837: Message: invalid session id
Stacktrace:
	undetected_chromedriver!GetHandleVerifier [0xd9fa13+106c3]
	undetected_chromedriver!GetHandleVerifier [0xd9fa54+10704]
	undetected_chromedriver!(No symbol) [0xb9a66e]
	undetected_chromedriver!(No symbol) [0xbd8515]
	undetected_chromedriver!(No symbol) [0xc06146]
	undetected_chromedriver!(No symbol) [0xc012a2]
	undetected_chromedriver!(No symbol) [0xc00c81]
	undetected_chromedriver!(No symbol) [0xb6dbce]
	undetected_chromedriver!(No symbol) [0xb6e16e]
	undetected_chromedriver!(No symbol) [0xb6e64d]
	undetected_chromedriver!GetHandleVerifier [0x10244fa+2951aa]
	undetected_chromedriver!GetHandleVerifier [0x101fb56+290806]
	undetected_chromedriver!GetHandleVerifier [0x103ff8b+2b0c3b]
	undetected_chromedriver!GetHandleVerifier [0xdb9ed6+2ab86]
	undetected_chromedriver!GetHandleVerifier [0xdc124d+31efd]
	undetected_chromedriver!(No symbol) [0xb6d746]
	undetected_chromedriver!(No symbol) [0xb6cda2]
	undetected_chromedriver!GetHandleVerifier [0x118447f+3f512f]
	KERNEL32!BaseThreadInitThunk [0x75b87ba9+19]
	ntdll!RtlInitializeExceptionChain [0x7703c0cb+6b]
	ntdll!RtlClearBits [0x7703c04f+bf]

2026-06-12 01:32:26,208 [WARNING] Navigation error https://www.naukri.com/job-listings-content-writer-upalaksh-recruitment-raipur-1-to-3-years-100626034765: Message: invalid session id
Stacktrace:
	undetected_chromedriver!GetHandleVerifier [0xd9fa13+106c3]
	undetected_chromedriver!GetHandleVerifier [0xd9fa54+10704]
	undetected_chromedriver!(No symbol) [0xb9a66e]
	undetected_chromedriver!(No symbol) [0xbd8515]
	undetected_chromedriver!(No symbol) [0xc06146]
	undetected_chromedriver!(No symbol) [0xc012a2]
	undetected_chromedriver!(No symbol) [0xc00c81]
	undetected_chromedriver!(No symbol) [0xb6dbce]
	undetected_chromedriver!(No symbol) [0xb6e16e]
	undetected_chromedriver!(No symbol) [0xb6e64d]
	undetected_chromedriver!GetHandleVerifier [0x10244fa+2951aa]
	undetected_chromedriver!GetHandleVerifier [0x101fb56+290806]
	undetected_chromedriver!GetHandleVerifier [0x103ff8b+2b0c3b]
	undetected_chromedriver!GetHandleVerifier [0xdb9ed6+2ab86]
	undetected_chromedriver!GetHandleVerifier [0xdc124d+31efd]
	undetected_chromedriver!(No symbol) [0xb6d746]
	undetected_chromedriver!(No symbol) [0xb6cda2]
	undetected_chromedriver!GetHandleVerifier [0x118447f+3f512f]
	KERNEL32!BaseThreadInitThunk [0x75b87ba9+19]
	ntdll!RtlInitializeExceptionChain [0x7703c0cb+6b]
	ntdll!RtlClearBits [0x7703c04f+bf]

2026-06-12 01:32:26,213 [WARNING] Navigation error https://www.naukri.com/job-listings-content-writer-india-turns-pink-chennai-0-to-0-years-130126505723: Message: invalid session id
Stacktrace:
	undetected_chromedriver!GetHandleVerifier [0xd9fa13+106c3]
	undetected_chromedriver!GetHandleVerifier [0xd9fa54+10704]
	undetected_chromedriver!(No symbol) [0xb9a66e]
	undetected_chromedriver!(No symbol) [0xbd8515]
	undetected_chromedriver!(No symbol) [0xc06146]
	undetected_chromedriver!(No symbol) [0xc012a2]
	undetected_chromedriver!(No symbol) [0xc00c81]
	undetected_chromedriver!(No symbol) [0xb6dbce]
	undetected_chromedriver!(No symbol) [0xb6e16e]
	undetected_chromedriver!(No symbol) [0xb6e64d]
	undetected_chromedriver!GetHandleVerifier [0x10244fa+2951aa]
	undetected_chromedriver!GetHandleVerifier [0x101fb56+290806]
	undetected_chromedriver!GetHandleVerifier [0x103ff8b+2b0c3b]
	undetected_chromedriver!GetHandleVerifier [0xdb9ed6+2ab86]
	undetected_chromedriver!GetHandleVerifier [0xdc124d+31efd]
	undetected_chromedriver!(No symbol) [0xb6d746]
	undetected_chromedriver!(No symbol) [0xb6cda2]
	undetected_chromedriver!GetHandleVerifier [0x118447f+3f512f]
	KERNEL32!BaseThreadInitThunk [0x75b87ba9+19]
	ntdll!RtlInitializeExceptionChain [0x7703c0cb+6b]
	ntdll!RtlClearBits [0x7703c04f+bf]

2026-06-12 01:32:26,214 [WARNING] Navigation error https://www.naukri.com/job-listings-content-writer-webclues-infotech-kolkata-mumbai-new-delhi-hyderabad-pune-chennai-bengaluru-1-to-3-years-110626500506: Message: invalid session id
Stacktrace:
	undetected_chromedriver!GetHandleVerifier [0xd9fa13+106c3]
	undetected_chromedriver!GetHandleVerifier [0xd9fa54+10704]
	undetected_chromedriver!(No symbol) [0xb9a66e]
	undetected_chromedriver!(No symbol) [0xbd8515]
	undetected_chromedriver!(No symbol) [0xc06146]
	undetected_chromedriver!(No symbol) [0xc012a2]
	undetected_chromedriver!(No symbol) [0xc00c81]
	undetected_chromedriver!(No symbol) [0xb6dbce]
	undetected_chromedriver!(No symbol) [0xb6e16e]
	undetected_chromedriver!(No symbol) [0xb6e64d]
	undetected_chromedriver!GetHandleVerifier [0x10244fa+2951aa]
	undetected_chromedriver!GetHandleVerifier [0x101fb56+290806]
	undetected_chromedriver!GetHandleVerifier [0x103ff8b+2b0c3b]
	undetected_chromedriver!GetHandleVerifier [0xdb9ed6+2ab86]
	undetected_chromedriver!GetHandleVerifier [0xdc124d+31efd]
	undetected_chromedriver!(No symbol) [0xb6d746]
	undetected_chromedriver!(No symbol) [0xb6cda2]
	undetected_chromedriver!GetHandleVerifier [0x118447f+3f512f]
	KERNEL32!BaseThreadInitThunk [0x75b87ba9+19]
	ntdll!RtlInitializeExceptionChain [0x7703c0cb+6b]
	ntdll!RtlClearBits [0x7703c04f+bf]

2026-06-12 01:32:26,214 [WARNING] Navigation error https://www.naukri.com/job-listings-content-writer-zynerd-chennai-1-to-6-years-110626500676: Message: invalid session id
Stacktrace:
	undetected_chromedriver!GetHandleVerifier [0xd9fa13+106c3]
	undetected_chromedriver!GetHandleVerifier [0xd9fa54+10704]
	undetected_chromedriver!(No symbol) [0xb9a66e]
	undetected_chromedriver!(No symbol) [0xbd8515]
	undetected_chromedriver!(No symbol) [0xc06146]
	undetected_chromedriver!(No symbol) [0xc012a2]
	undetected_chromedriver!(No symbol) [0xc00c81]
	undetected_chromedriver!(No symbol) [0xb6dbce]
	undetected_chromedriver!(No symbol) [0xb6e16e]
	undetected_chromedriver!(No symbol) [0xb6e64d]
	undetected_chromedriver!GetHandleVerifier [0x10244fa+2951aa]
	undetected_chromedriver!GetHandleVerifier [0x101fb56+290806]
	undetected_chromedriver!GetHandleVerifier [0x103ff8b+2b0c3b]
	undetected_chromedriver!GetHandleVerifier [0xdb9ed6+2ab86]
	undetected_chromedriver!GetHandleVerifier [0xdc124d+31efd]
	undetected_chromedriver!(No symbol) [0xb6d746]
	undetected_chromedriver!(No symbol) [0xb6cda2]
	undetected_chromedriver!GetHandleVerifier [0x118447f+3f512f]
	KERNEL32!BaseThreadInitThunk [0x75b87ba9+19]
	ntdll!RtlInitializeExceptionChain [0x7703c0cb+6b]
	ntdll!RtlClearBits [0x7703c04f+bf]

2026-06-12 01:32:26,224 [WARNING] Navigation error https://www.naukri.com/job-listings-content-writer-arissa-india-kolkata-mumbai-new-delhi-hyderabad-pune-chennai-bengaluru-2-to-3-years-110626500569: Message: invalid session id
Stacktrace:
	undetected_chromedriver!GetHandleVerifier [0xd9fa13+106c3]
	undetected_chromedriver!GetHandleVerifier [0xd9fa54+10704]
	undetected_chromedriver!(No symbol) [0xb9a66e]
	undetected_chromedriver!(No symbol) [0xbd8515]
	undetected_chromedriver!(No symbol) [0xc06146]
	undetected_chromedriver!(No symbol) [0xc012a2]
	undetected_chromedriver!(No symbol) [0xc00c81]
	undetected_chromedriver!(No symbol) [0xb6dbce]
	undetected_chromedriver!(No symbol) [0xb6e16e]
	undetected_chromedriver!(No symbol) [0xb6e64d]
	undetected_chromedriver!GetHandleVerifier [0x10244fa+2951aa]
	undetected_chromedriver!GetHandleVerifier [0x101fb56+290806]
	undetected_chromedriver!GetHandleVerifier [0x103ff8b+2b0c3b]
	undetected_chromedriver!GetHandleVerifier [0xdb9ed6+2ab86]
	undetected_chromedriver!GetHandleVerifier [0xdc124d+31efd]
	undetected_chromedriver!(No symbol) [0xb6d746]
	undetected_chromedriver!(No symbol) [0xb6cda2]
	undetected_chromedriver!GetHandleVerifier [0x118447f+3f512f]
	KERNEL32!BaseThreadInitThunk [0x75b87ba9+19]
	ntdll!RtlInitializeExceptionChain [0x7703c0cb+6b]
	ntdll!RtlClearBits [0x7703c04f+bf]

2026-06-12 01:32:26,224 [WARNING] Navigation error https://www.naukri.com/job-listings-content-writer-digital-vigyapan-mumbai-5-to-10-years-100626505533: Message: invalid session id
Stacktrace:
	undetected_chromedriver!GetHandleVerifier [0xd9fa13+106c3]
	undetected_chromedriver!GetHandleVerifier [0xd9fa54+10704]
	undetected_chromedriver!(No symbol) [0xb9a66e]
	undetected_chromedriver!(No symbol) [0xbd8515]
	undetected_chromedriver!(No symbol) [0xc06146]
	undetected_chromedriver!(No symbol) [0xc012a2]
	undetected_chromedriver!(No symbol) [0xc00c81]
	undetected_chromedriver!(No symbol) [0xb6dbce]
	undetected_chromedriver!(No symbol) [0xb6e16e]
	undetected_chromedriver!(No symbol) [0xb6e64d]
	undetected_chromedriver!GetHandleVerifier [0x10244fa+2951aa]
	undetected_chromedriver!GetHandleVerifier [0x101fb56+290806]
	undetected_chromedriver!GetHandleVerifier [0x103ff8b+2b0c3b]
	undetected_chromedriver!GetHandleVerifier [0xdb9ed6+2ab86]
	undetected_chromedriver!GetHandleVerifier [0xdc124d+31efd]
	undetected_chromedriver!(No symbol) [0xb6d746]
	undetected_chromedriver!(No symbol) [0xb6cda2]
	undetected_chromedriver!GetHandleVerifier [0x118447f+3f512f]
	KERNEL32!BaseThreadInitThunk [0x75b87ba9+19]
	ntdll!RtlInitializeExceptionChain [0x7703c0cb+6b]
	ntdll!RtlClearBits [0x7703c04f+bf]

2026-06-12 01:32:26,224 [WARNING] Navigation error https://www.naukri.com/job-listings-content-writer-the-dollar-business-hyderabad-1-to-4-years-171125026903: Message: invalid session id
Stacktrace:
	undetected_chromedriver!GetHandleVerifier [0xd9fa13+106c3]
	undetected_chromedriver!GetHandleVerifier [0xd9fa54+10704]
	undetected_chromedriver!(No symbol) [0xb9a66e]
	undetected_chromedriver!(No symbol) [0xbd8515]
	undetected_chromedriver!(No symbol) [0xc06146]
	undetected_chromedriver!(No symbol) [0xc012a2]
	undetected_chromedriver!(No symbol) [0xc00c81]
	undetected_chromedriver!(No symbol) [0xb6dbce]
	undetected_chromedriver!(No symbol) [0xb6e16e]
	undetected_chromedriver!(No symbol) [0xb6e64d]
	undetected_chromedriver!GetHandleVerifier [0x10244fa+2951aa]
	undetected_chromedriver!GetHandleVerifier [0x101fb56+290806]
	undetected_chromedriver!GetHandleVerifier [0x103ff8b+2b0c3b]
	undetected_chromedriver!GetHandleVerifier [0xdb9ed6+2ab86]
	undetected_chromedriver!GetHandleVerifier [0xdc124d+31efd]
	undetected_chromedriver!(No symbol) [0xb6d746]
	undetected_chromedriver!(No symbol) [0xb6cda2]
	undetected_chromedriver!GetHandleVerifier [0x118447f+3f512f]
	KERNEL32!BaseThreadInitThunk [0x75b87ba9+19]
	ntdll!RtlInitializeExceptionChain [0x7703c0cb+6b]
	ntdll!RtlClearBits [0x7703c04f+bf]

2026-06-12 01:32:26,224 [WARNING] Navigation error https://www.naukri.com/job-listings-content-writer-viha-digital-commerce-kolkata-mumbai-new-delhi-hyderabad-pune-chennai-bengaluru-1-to-2-years-110626500571: Message: invalid session id
Stacktrace:
	undetected_chromedriver!GetHandleVerifier [0xd9fa13+106c3]
	undetected_chromedriver!GetHandleVerifier [0xd9fa54+10704]
	undetected_chromedriver!(No symbol) [0xb9a66e]
	undetected_chromedriver!(No symbol) [0xbd8515]
	undetected_chromedriver!(No symbol) [0xc06146]
	undetected_chromedriver!(No symbol) [0xc012a2]
	undetected_chromedriver!(No symbol) [0xc00c81]
	undetected_chromedriver!(No symbol) [0xb6dbce]
	undetected_chromedriver!(No symbol) [0xb6e16e]
	undetected_chromedriver!(No symbol) [0xb6e64d]
	undetected_chromedriver!GetHandleVerifier [0x10244fa+2951aa]
	undetected_chromedriver!GetHandleVerifier [0x101fb56+290806]
	undetected_chromedriver!GetHandleVerifier [0x103ff8b+2b0c3b]
	undetected_chromedriver!GetHandleVerifier [0xdb9ed6+2ab86]
	undetected_chromedriver!GetHandleVerifier [0xdc124d+31efd]
	undetected_chromedriver!(No symbol) [0xb6d746]
	undetected_chromedriver!(No symbol) [0xb6cda2]
	undetected_chromedriver!GetHandleVerifier [0x118447f+3f512f]
	KERNEL32!BaseThreadInitThunk [0x75b87ba9+19]
	ntdll!RtlInitializeExceptionChain [0x7703c0cb+6b]
	ntdll!RtlClearBits [0x7703c04f+bf]

2026-06-12 01:32:26,224 [WARNING] Navigation error https://www.naukri.com/job-listings-content-writer-unbound-marketing-private-limited-kolkata-mumbai-new-delhi-hyderabad-pune-chennai-bengaluru-2-to-3-years-110626500660: Message: invalid session id
Stacktrace:
	undetected_chromedriver!GetHandleVerifier [0xd9fa13+106c3]
	undetected_chromedriver!GetHandleVerifier [0xd9fa54+10704]
	undetected_chromedriver!(No symbol) [0xb9a66e]
	undetected_chromedriver!(No symbol) [0xbd8515]
	undetected_chromedriver!(No symbol) [0xc06146]
	undetected_chromedriver!(No symbol) [0xc012a2]
	undetected_chromedriver!(No symbol) [0xc00c81]
	undetected_chromedriver!(No symbol) [0xb6dbce]
	undetected_chromedriver!(No symbol) [0xb6e16e]
	undetected_chromedriver!(No symbol) [0xb6e64d]
	undetected_chromedriver!GetHandleVerifier [0x10244fa+2951aa]
	undetected_chromedriver!GetHandleVerifier [0x101fb56+290806]
	undetected_chromedriver!GetHandleVerifier [0x103ff8b+2b0c3b]
	undetected_chromedriver!GetHandleVerifier [0xdb9ed6+2ab86]
	undetected_chromedriver!GetHandleVerifier [0xdc124d+31efd]
	undetected_chromedriver!(No symbol) [0xb6d746]
	undetected_chromedriver!(No symbol) [0xb6cda2]
	undetected_chromedriver!GetHandleVerifier [0x118447f+3f512f]
	KERNEL32!BaseThreadInitThunk [0x75b87ba9+19]
	ntdll!RtlInitializeExceptionChain [0x7703c0cb+6b]
	ntdll!RtlClearBits [0x7703c04f+bf]

2026-06-12 01:32:26,239 [WARNING] Navigation error https://www.naukri.com/job-listings-content-writer-digilogue-communications-kolkata-mumbai-new-delhi-hyderabad-pune-chennai-bengaluru-2-to-3-years-110626500633: Message: invalid session id
Stacktrace:
	undetected_chromedriver!GetHandleVerifier [0xd9fa13+106c3]
	undetected_chromedriver!GetHandleVerifier [0xd9fa54+10704]
	undetected_chromedriver!(No symbol) [0xb9a66e]
	undetected_chromedriver!(No symbol) [0xbd8515]
	undetected_chromedriver!(No symbol) [0xc06146]
	undetected_chromedriver!(No symbol) [0xc012a2]
	undetected_chromedriver!(No symbol) [0xc00c81]
	undetected_chromedriver!(No symbol) [0xb6dbce]
	undetected_chromedriver!(No symbol) [0xb6e16e]
	undetected_chromedriver!(No symbol) [0xb6e64d]
	undetected_chromedriver!GetHandleVerifier [0x10244fa+2951aa]
	undetected_chromedriver!GetHandleVerifier [0x101fb56+290806]
	undetected_chromedriver!GetHandleVerifier [0x103ff8b+2b0c3b]
	undetected_chromedriver!GetHandleVerifier [0xdb9ed6+2ab86]
	undetected_chromedriver!GetHandleVerifier [0xdc124d+31efd]
	undetected_chromedriver!(No symbol) [0xb6d746]
	undetected_chromedriver!(No symbol) [0xb6cda2]
	undetected_chromedriver!GetHandleVerifier [0x118447f+3f512f]
	KERNEL32!BaseThreadInitThunk [0x75b87ba9+19]
	ntdll!RtlInitializeExceptionChain [0x7703c0cb+6b]
	ntdll!RtlClearBits [0x7703c04f+bf]

2026-06-12 01:32:26,239 [WARNING] Navigation error https://www.naukri.com/job-listings-content-writer-addact-kolkata-mumbai-new-delhi-hyderabad-pune-chennai-bengaluru-4-to-9-years-110626500497: Message: invalid session id
Stacktrace:
	undetected_chromedriver!GetHandleVerifier [0xd9fa13+106c3]
	undetected_chromedriver!GetHandleVerifier [0xd9fa54+10704]
	undetected_chromedriver!(No symbol) [0xb9a66e]
	undetected_chromedriver!(No symbol) [0xbd8515]
	undetected_chromedriver!(No symbol) [0xc06146]
	undetected_chromedriver!(No symbol) [0xc012a2]
	undetected_chromedriver!(No symbol) [0xc00c81]
	undetected_chromedriver!(No symbol) [0xb6dbce]
	undetected_chromedriver!(No symbol) [0xb6e16e]
	undetected_chromedriver!(No symbol) [0xb6e64d]
	undetected_chromedriver!GetHandleVerifier [0x10244fa+2951aa]
	undetected_chromedriver!GetHandleVerifier [0x101fb56+290806]
	undetected_chromedriver!GetHandleVerifier [0x103ff8b+2b0c3b]
	undetected_chromedriver!GetHandleVerifier [0xdb9ed6+2ab86]
	undetected_chromedriver!GetHandleVerifier [0xdc124d+31efd]
	undetected_chromedriver!(No symbol) [0xb6d746]
	undetected_chromedriver!(No symbol) [0xb6cda2]
	undetected_chromedriver!GetHandleVerifier [0x118447f+3f512f]
	KERNEL32!BaseThreadInitThunk [0x75b87ba9+19]
	ntdll!RtlInitializeExceptionChain [0x7703c0cb+6b]
	ntdll!RtlClearBits [0x7703c04f+bf]

2026-06-12 01:32:26,239 [WARNING] Navigation error https://www.naukri.com/job-listings-content-writer-remunance-systems-pune-0-to-1-years-020626014755: Message: invalid session id
Stacktrace:
	undetected_chromedriver!GetHandleVerifier [0xd9fa13+106c3]
	undetected_chromedriver!GetHandleVerifier [0xd9fa54+10704]
	undetected_chromedriver!(No symbol) [0xb9a66e]
	undetected_chromedriver!(No symbol) [0xbd8515]
	undetected_chromedriver!(No symbol) [0xc06146]
	undetected_chromedriver!(No symbol) [0xc012a2]
	undetected_chromedriver!(No symbol) [0xc00c81]
	undetected_chromedriver!(No symbol) [0xb6dbce]
	undetected_chromedriver!(No symbol) [0xb6e16e]
	undetected_chromedriver!(No symbol) [0xb6e64d]
	undetected_chromedriver!GetHandleVerifier [0x10244fa+2951aa]
	undetected_chromedriver!GetHandleVerifier [0x101fb56+290806]
	undetected_chromedriver!GetHandleVerifier [0x103ff8b+2b0c3b]
	undetected_chromedriver!GetHandleVerifier [0xdb9ed6+2ab86]
	undetected_chromedriver!GetHandleVerifier [0xdc124d+31efd]
	undetected_chromedriver!(No symbol) [0xb6d746]
	undetected_chromedriver!(No symbol) [0xb6cda2]
	undetected_chromedriver!GetHandleVerifier [0x118447f+3f512f]
	KERNEL32!BaseThreadInitThunk [0x75b87ba9+19]
	ntdll!RtlInitializeExceptionChain [0x7703c0cb+6b]
	ntdll!RtlClearBits [0x7703c04f+bf]

2026-06-12 01:32:26,239 [WARNING] Navigation error https://www.naukri.com/job-listings-content-writer-pepgra-chennai-0-to-4-years-260526505920: Message: invalid session id
Stacktrace:
	undetected_chromedriver!GetHandleVerifier [0xd9fa13+106c3]
	undetected_chromedriver!GetHandleVerifier [0xd9fa54+10704]
	undetected_chromedriver!(No symbol) [0xb9a66e]
	undetected_chromedriver!(No symbol) [0xbd8515]
	undetected_chromedriver!(No symbol) [0xc06146]
	undetected_chromedriver!(No symbol) [0xc012a2]
	undetected_chromedriver!(No symbol) [0xc00c81]
	undetected_chromedriver!(No symbol) [0xb6dbce]
	undetected_chromedriver!(No symbol) [0xb6e16e]
	undetected_chromedriver!(No symbol) [0xb6e64d]
	undetected_chromedriver!GetHandleVerifier [0x10244fa+2951aa]
	undetected_chromedriver!GetHandleVerifier [0x101fb56+290806]
	undetected_chromedriver!GetHandleVerifier [0x103ff8b+2b0c3b]
	undetected_chromedriver!GetHandleVerifier [0xdb9ed6+2ab86]
	undetected_chromedriver!GetHandleVerifier [0xdc124d+31efd]
	undetected_chromedriver!(No symbol) [0xb6d746]
	undetected_chromedriver!(No symbol) [0xb6cda2]
	undetected_chromedriver!GetHandleVerifier [0x118447f+3f512f]
	KERNEL32!BaseThreadInitThunk [0x75b87ba9+19]
	ntdll!RtlInitializeExceptionChain [0x7703c0cb+6b]
	ntdll!RtlClearBits [0x7703c04f+bf]

2026-06-12 01:32:26,239 [WARNING] Navigation error https://www.naukri.com/job-listings-content-writer-script-writer-youtube-convate-consultancy-services-bengaluru-1-to-3-years-080626003750: Message: invalid session id
Stacktrace:
	undetected_chromedriver!GetHandleVerifier [0xd9fa13+106c3]
	undetected_chromedriver!GetHandleVerifier [0xd9fa54+10704]
	undetected_chromedriver!(No symbol) [0xb9a66e]
	undetected_chromedriver!(No symbol) [0xbd8515]
	undetected_chromedriver!(No symbol) [0xc06146]
	undetected_chromedriver!(No symbol) [0xc012a2]
	undetected_chromedriver!(No symbol) [0xc00c81]
	undetected_chromedriver!(No symbol) [0xb6dbce]
	undetected_chromedriver!(No symbol) [0xb6e16e]
	undetected_chromedriver!(No symbol) [0xb6e64d]
	undetected_chromedriver!GetHandleVerifier [0x10244fa+2951aa]
	undetected_chromedriver!GetHandleVerifier [0x101fb56+290806]
	undetected_chromedriver!GetHandleVerifier [0x103ff8b+2b0c3b]
	undetected_chromedriver!GetHandleVerifier [0xdb9ed6+2ab86]
	undetected_chromedriver!GetHandleVerifier [0xdc124d+31efd]
	undetected_chromedriver!(No symbol) [0xb6d746]
	undetected_chromedriver!(No symbol) [0xb6cda2]
	undetected_chromedriver!GetHandleVerifier [0x118447f+3f512f]
	KERNEL32!BaseThreadInitThunk [0x75b87ba9+19]
	ntdll!RtlInitializeExceptionChain [0x7703c0cb+6b]
	ntdll!RtlClearBits [0x7703c04f+bf]

2026-06-12 01:32:26,255 [WARNING] Navigation error https://www.naukri.com/job-listings-content-researcher-script-writer-creatorflow-network-india-0-to-0-years-120626000152: Message: invalid session id
Stacktrace:
	undetected_chromedriver!GetHandleVerifier [0xd9fa13+106c3]
	undetected_chromedriver!GetHandleVerifier [0xd9fa54+10704]
	undetected_chromedriver!(No symbol) [0xb9a66e]
	undetected_chromedriver!(No symbol) [0xbd8515]
	undetected_chromedriver!(No symbol) [0xc06146]
	undetected_chromedriver!(No symbol) [0xc012a2]
	undetected_chromedriver!(No symbol) [0xc00c81]
	undetected_chromedriver!(No symbol) [0xb6dbce]
	undetected_chromedriver!(No symbol) [0xb6e16e]
	undetected_chromedriver!(No symbol) [0xb6e64d]
	undetected_chromedriver!GetHandleVerifier [0x10244fa+2951aa]
	undetected_chromedriver!GetHandleVerifier [0x101fb56+290806]
	undetected_chromedriver!GetHandleVerifier [0x103ff8b+2b0c3b]
	undetected_chromedriver!GetHandleVerifier [0xdb9ed6+2ab86]
	undetected_chromedriver!GetHandleVerifier [0xdc124d+31efd]
	undetected_chromedriver!(No symbol) [0xb6d746]
	undetected_chromedriver!(No symbol) [0xb6cda2]
	undetected_chromedriver!GetHandleVerifier [0x118447f+3f512f]
	KERNEL32!BaseThreadInitThunk [0x75b87ba9+19]
	ntdll!RtlInitializeExceptionChain [0x7703c0cb+6b]
	ntdll!RtlClearBits [0x7703c04f+bf]

2026-06-12 01:32:26,255 [WARNING] Navigation error https://www.naukri.com/job-listings-copywriter-content-writer-ano-writers-remote-1-to-4-years-080626500382: Message: invalid session id
Stacktrace:
	undetected_chromedriver!GetHandleVerifier [0xd9fa13+106c3]
	undetected_chromedriver!GetHandleVerifier [0xd9fa54+10704]
	undetected_chromedriver!(No symbol) [0xb9a66e]
	undetected_chromedriver!(No symbol) [0xbd8515]
	undetected_chromedriver!(No symbol) [0xc06146]
	undetected_chromedriver!(No symbol) [0xc012a2]
	undetected_chromedriver!(No symbol) [0xc00c81]
	undetected_chromedriver!(No symbol) [0xb6dbce]
	undetected_chromedriver!(No symbol) [0xb6e16e]
	undetected_chromedriver!(No symbol) [0xb6e64d]
	undetected_chromedriver!GetHandleVerifier [0x10244fa+2951aa]
	undetected_chromedriver!GetHandleVerifier [0x101fb56+290806]
	undetected_chromedriver!GetHandleVerifier [0x103ff8b+2b0c3b]
	undetected_chromedriver!GetHandleVerifier [0xdb9ed6+2ab86]
	undetected_chromedriver!GetHandleVerifier [0xdc124d+31efd]
	undetected_chromedriver!(No symbol) [0xb6d746]
	undetected_chromedriver!(No symbol) [0xb6cda2]
	undetected_chromedriver!GetHandleVerifier [0x118447f+3f512f]
	KERNEL32!BaseThreadInitThunk [0x75b87ba9+19]
	ntdll!RtlInitializeExceptionChain [0x7703c0cb+6b]
	ntdll!RtlClearBits [0x7703c04f+bf]

2026-06-12 01:32:26,260 [WARNING] Navigation error https://www.naukri.com/job-listings-content-writer-bangalore-angel-one-bengaluru-2-to-5-years-080626022079: Message: invalid session id
Stacktrace:
	undetected_chromedriver!GetHandleVerifier [0xd9fa13+106c3]
	undetected_chromedriver!GetHandleVerifier [0xd9fa54+10704]
	undetected_chromedriver!(No symbol) [0xb9a66e]
	undetected_chromedriver!(No symbol) [0xbd8515]
	undetected_chromedriver!(No symbol) [0xc06146]
	undetected_chromedriver!(No symbol) [0xc012a2]
	undetected_chromedriver!(No symbol) [0xc00c81]
	undetected_chromedriver!(No symbol) [0xb6dbce]
	undetected_chromedriver!(No symbol) [0xb6e16e]
	undetected_chromedriver!(No symbol) [0xb6e64d]
	undetected_chromedriver!GetHandleVerifier [0x10244fa+2951aa]
	undetected_chromedriver!GetHandleVerifier [0x101fb56+290806]
	undetected_chromedriver!GetHandleVerifier [0x103ff8b+2b0c3b]
	undetected_chromedriver!GetHandleVerifier [0xdb9ed6+2ab86]
	undetected_chromedriver!GetHandleVerifier [0xdc124d+31efd]
	undetected_chromedriver!(No symbol) [0xb6d746]
	undetected_chromedriver!(No symbol) [0xb6cda2]
	undetected_chromedriver!GetHandleVerifier [0x118447f+3f512f]
	KERNEL32!BaseThreadInitThunk [0x75b87ba9+19]
	ntdll!RtlInitializeExceptionChain [0x7703c0cb+6b]
	ntdll!RtlClearBits [0x7703c04f+bf]

2026-06-12 01:32:26,260 [WARNING] Navigation error https://www.naukri.com/job-listings-content-writer-ardent-digital-beyond-kochi-1-to-3-years-090626010936: Message: invalid session id
Stacktrace:
	undetected_chromedriver!GetHandleVerifier [0xd9fa13+106c3]
	undetected_chromedriver!GetHandleVerifier [0xd9fa54+10704]
	undetected_chromedriver!(No symbol) [0xb9a66e]
	undetected_chromedriver!(No symbol) [0xbd8515]
	undetected_chromedriver!(No symbol) [0xc06146]
	undetected_chromedriver!(No symbol) [0xc012a2]
	undetected_chromedriver!(No symbol) [0xc00c81]
	undetected_chromedriver!(No symbol) [0xb6dbce]
	undetected_chromedriver!(No symbol) [0xb6e16e]
	undetected_chromedriver!(No symbol) [0xb6e64d]
	undetected_chromedriver!GetHandleVerifier [0x10244fa+2951aa]
	undetected_chromedriver!GetHandleVerifier [0x101fb56+290806]
	undetected_chromedriver!GetHandleVerifier [0x103ff8b+2b0c3b]
	undetected_chromedriver!GetHandleVerifier [0xdb9ed6+2ab86]
	undetected_chromedriver!GetHandleVerifier [0xdc124d+31efd]
	undetected_chromedriver!(No symbol) [0xb6d746]
	undetected_chromedriver!(No symbol) [0xb6cda2]
	undetected_chromedriver!GetHandleVerifier [0x118447f+3f512f]
	KERNEL32!BaseThreadInitThunk [0x75b87ba9+19]
	ntdll!RtlInitializeExceptionChain [0x7703c0cb+6b]
	ntdll!RtlClearBits [0x7703c04f+bf]

2026-06-12 01:32:26,260 [WARNING] Navigation error https://www.naukri.com/job-listings-content-writers-dristi-new-delhi-1-to-7-years-090626501443: Message: invalid session id
Stacktrace:
	undetected_chromedriver!GetHandleVerifier [0xd9fa13+106c3]
	undetected_chromedriver!GetHandleVerifier [0xd9fa54+10704]
	undetected_chromedriver!(No symbol) [0xb9a66e]
	undetected_chromedriver!(No symbol) [0xbd8515]
	undetected_chromedriver!(No symbol) [0xc06146]
	undetected_chromedriver!(No symbol) [0xc012a2]
	undetected_chromedriver!(No symbol) [0xc00c81]
	undetected_chromedriver!(No symbol) [0xb6dbce]
	undetected_chromedriver!(No symbol) [0xb6e16e]
	undetected_chromedriver!(No symbol) [0xb6e64d]
	undetected_chromedriver!GetHandleVerifier [0x10244fa+2951aa]
	undetected_chromedriver!GetHandleVerifier [0x101fb56+290806]
	undetected_chromedriver!GetHandleVerifier [0x103ff8b+2b0c3b]
	undetected_chromedriver!GetHandleVerifier [0xdb9ed6+2ab86]
	undetected_chromedriver!GetHandleVerifier [0xdc124d+31efd]
	undetected_chromedriver!(No symbol) [0xb6d746]
	undetected_chromedriver!(No symbol) [0xb6cda2]
	undetected_chromedriver!GetHandleVerifier [0x118447f+3f512f]
	KERNEL32!BaseThreadInitThunk [0x75b87ba9+19]
	ntdll!RtlInitializeExceptionChain [0x7703c0cb+6b]
	ntdll!RtlClearBits [0x7703c04f+bf]

2026-06-12 01:32:26,272 [WARNING] Navigation error https://www.naukri.com/job-listings-content-writer-finshots-ditto-insurance-bengaluru-1-to-2-years-030626029861: Message: invalid session id
Stacktrace:
	undetected_chromedriver!GetHandleVerifier [0xd9fa13+106c3]
	undetected_chromedriver!GetHandleVerifier [0xd9fa54+10704]
	undetected_chromedriver!(No symbol) [0xb9a66e]
	undetected_chromedriver!(No symbol) [0xbd8515]
	undetected_chromedriver!(No symbol) [0xc06146]
	undetected_chromedriver!(No symbol) [0xc012a2]
	undetected_chromedriver!(No symbol) [0xc00c81]
	undetected_chromedriver!(No symbol) [0xb6dbce]
	undetected_chromedriver!(No symbol) [0xb6e16e]
	undetected_chromedriver!(No symbol) [0xb6e64d]
	undetected_chromedriver!GetHandleVerifier [0x10244fa+2951aa]
	undetected_chromedriver!GetHandleVerifier [0x101fb56+290806]
	undetected_chromedriver!GetHandleVerifier [0x103ff8b+2b0c3b]
	undetected_chromedriver!GetHandleVerifier [0xdb9ed6+2ab86]
	undetected_chromedriver!GetHandleVerifier [0xdc124d+31efd]
	undetected_chromedriver!(No symbol) [0xb6d746]
	undetected_chromedriver!(No symbol) [0xb6cda2]
	undetected_chromedriver!GetHandleVerifier [0x118447f+3f512f]
	KERNEL32!BaseThreadInitThunk [0x75b87ba9+19]
	ntdll!RtlInitializeExceptionChain [0x7703c0cb+6b]
	ntdll!RtlClearBits [0x7703c04f+bf]

2026-06-12 01:32:26,272 [WARNING] Navigation error https://www.naukri.com/job-listings-content-writer-upsc-csat-dristi-new-delhi-1-to-5-years-050626500538: Message: invalid session id
Stacktrace:
	undetected_chromedriver!GetHandleVerifier [0xd9fa13+106c3]
	undetected_chromedriver!GetHandleVerifier [0xd9fa54+10704]
	undetected_chromedriver!(No symbol) [0xb9a66e]
	undetected_chromedriver!(No symbol) [0xbd8515]
	undetected_chromedriver!(No symbol) [0xc06146]
	undetected_chromedriver!(No symbol) [0xc012a2]
	undetected_chromedriver!(No symbol) [0xc00c81]
	undetected_chromedriver!(No symbol) [0xb6dbce]
	undetected_chromedriver!(No symbol) [0xb6e16e]
	undetected_chromedriver!(No symbol) [0xb6e64d]
	undetected_chromedriver!GetHandleVerifier [0x10244fa+2951aa]
	undetected_chromedriver!GetHandleVerifier [0x101fb56+290806]
	undetected_chromedriver!GetHandleVerifier [0x103ff8b+2b0c3b]
	undetected_chromedriver!GetHandleVerifier [0xdb9ed6+2ab86]
	undetected_chromedriver!GetHandleVerifier [0xdc124d+31efd]
	undetected_chromedriver!(No symbol) [0xb6d746]
	undetected_chromedriver!(No symbol) [0xb6cda2]
	undetected_chromedriver!GetHandleVerifier [0x118447f+3f512f]
	KERNEL32!BaseThreadInitThunk [0x75b87ba9+19]
	ntdll!RtlInitializeExceptionChain [0x7703c0cb+6b]
	ntdll!RtlClearBits [0x7703c04f+bf]

2026-06-12 01:32:26,272 [WARNING] Navigation error https://www.naukri.com/job-listings-forex-content-writer-trusttech-solution-kochi-ernakulam-3-to-8-years-080626008603: Message: invalid session id
Stacktrace:
	undetected_chromedriver!GetHandleVerifier [0xd9fa13+106c3]
	undetected_chromedriver!GetHandleVerifier [0xd9fa54+10704]
	undetected_chromedriver!(No symbol) [0xb9a66e]
	undetected_chromedriver!(No symbol) [0xbd8515]
	undetected_chromedriver!(No symbol) [0xc06146]
	undetected_chromedriver!(No symbol) [0xc012a2]
	undetected_chromedriver!(No symbol) [0xc00c81]
	undetected_chromedriver!(No symbol) [0xb6dbce]
	undetected_chromedriver!(No symbol) [0xb6e16e]
	undetected_chromedriver!(No symbol) [0xb6e64d]
	undetected_chromedriver!GetHandleVerifier [0x10244fa+2951aa]
	undetected_chromedriver!GetHandleVerifier [0x101fb56+290806]
	undetected_chromedriver!GetHandleVerifier [0x103ff8b+2b0c3b]
	undetected_chromedriver!GetHandleVerifier [0xdb9ed6+2ab86]
	undetected_chromedriver!GetHandleVerifier [0xdc124d+31efd]
	undetected_chromedriver!(No symbol) [0xb6d746]
	undetected_chromedriver!(No symbol) [0xb6cda2]
	undetected_chromedriver!GetHandleVerifier [0x118447f+3f512f]
	KERNEL32!BaseThreadInitThunk [0x75b87ba9+19]
	ntdll!RtlInitializeExceptionChain [0x7703c0cb+6b]
	ntdll!RtlClearBits [0x7703c04f+bf]

2026-06-12 01:32:26,280 [WARNING] Navigation error https://www.naukri.com/job-listings-content-writer-tatvartha-health-mumbai-all-areas-3-to-8-years-090626027658: Message: invalid session id
Stacktrace:
	undetected_chromedriver!GetHandleVerifier [0xd9fa13+106c3]
	undetected_chromedriver!GetHandleVerifier [0xd9fa54+10704]
	undetected_chromedriver!(No symbol) [0xb9a66e]
	undetected_chromedriver!(No symbol) [0xbd8515]
	undetected_chromedriver!(No symbol) [0xc06146]
	undetected_chromedriver!(No symbol) [0xc012a2]
	undetected_chromedriver!(No symbol) [0xc00c81]
	undetected_chromedriver!(No symbol) [0xb6dbce]
	undetected_chromedriver!(No symbol) [0xb6e16e]
	undetected_chromedriver!(No symbol) [0xb6e64d]
	undetected_chromedriver!GetHandleVerifier [0x10244fa+2951aa]
	undetected_chromedriver!GetHandleVerifier [0x101fb56+290806]
	undetected_chromedriver!GetHandleVerifier [0x103ff8b+2b0c3b]
	undetected_chromedriver!GetHandleVerifier [0xdb9ed6+2ab86]
	undetected_chromedriver!GetHandleVerifier [0xdc124d+31efd]
	undetected_chromedriver!(No symbol) [0xb6d746]
	undetected_chromedriver!(No symbol) [0xb6cda2]
	undetected_chromedriver!GetHandleVerifier [0x118447f+3f512f]
	KERNEL32!BaseThreadInitThunk [0x75b87ba9+19]
	ntdll!RtlInitializeExceptionChain [0x7703c0cb+6b]
	ntdll!RtlClearBits [0x7703c04f+bf]

2026-06-12 01:32:26,280 [WARNING] Navigation error https://www.naukri.com/job-listings-content-writer-new-roots-hair-clinic-thane-2-to-5-years-080626901444: Message: invalid session id
Stacktrace:
	undetected_chromedriver!GetHandleVerifier [0xd9fa13+106c3]
	undetected_chromedriver!GetHandleVerifier [0xd9fa54+10704]
	undetected_chromedriver!(No symbol) [0xb9a66e]
	undetected_chromedriver!(No symbol) [0xbd8515]
	undetected_chromedriver!(No symbol) [0xc06146]
	undetected_chromedriver!(No symbol) [0xc012a2]
	undetected_chromedriver!(No symbol) [0xc00c81]
	undetected_chromedriver!(No symbol) [0xb6dbce]
	undetected_chromedriver!(No symbol) [0xb6e16e]
	undetected_chromedriver!(No symbol) [0xb6e64d]
	undetected_chromedriver!GetHandleVerifier [0x10244fa+2951aa]
	undetected_chromedriver!GetHandleVerifier [0x101fb56+290806]
	undetected_chromedriver!GetHandleVerifier [0x103ff8b+2b0c3b]
	undetected_chromedriver!GetHandleVerifier [0xdb9ed6+2ab86]
	undetected_chromedriver!GetHandleVerifier [0xdc124d+31efd]
	undetected_chromedriver!(No symbol) [0xb6d746]
	undetected_chromedriver!(No symbol) [0xb6cda2]
	undetected_chromedriver!GetHandleVerifier [0x118447f+3f512f]
	KERNEL32!BaseThreadInitThunk [0x75b87ba9+19]
	ntdll!RtlInitializeExceptionChain [0x7703c0cb+6b]
	ntdll!RtlClearBits [0x7703c04f+bf]

2026-06-12 01:32:26,287 [WARNING] Navigation error https://www.naukri.com/job-listings-content-writer-brightchamps-bengaluru-1-to-6-years-100626016779: Message: invalid session id
Stacktrace:
	undetected_chromedriver!GetHandleVerifier [0xd9fa13+106c3]
	undetected_chromedriver!GetHandleVerifier [0xd9fa54+10704]
	undetected_chromedriver!(No symbol) [0xb9a66e]
	undetected_chromedriver!(No symbol) [0xbd8515]
	undetected_chromedriver!(No symbol) [0xc06146]
	undetected_chromedriver!(No symbol) [0xc012a2]
	undetected_chromedriver!(No symbol) [0xc00c81]
	undetected_chromedriver!(No symbol) [0xb6dbce]
	undetected_chromedriver!(No symbol) [0xb6e16e]
	undetected_chromedriver!(No symbol) [0xb6e64d]
	undetected_chromedriver!GetHandleVerifier [0x10244fa+2951aa]
	undetected_chromedriver!GetHandleVerifier [0x101fb56+290806]
	undetected_chromedriver!GetHandleVerifier [0x103ff8b+2b0c3b]
	undetected_chromedriver!GetHandleVerifier [0xdb9ed6+2ab86]
	undetected_chromedriver!GetHandleVerifier [0xdc124d+31efd]
	undetected_chromedriver!(No symbol) [0xb6d746]
	undetected_chromedriver!(No symbol) [0xb6cda2]
	undetected_chromedriver!GetHandleVerifier [0x118447f+3f512f]
	KERNEL32!BaseThreadInitThunk [0x75b87ba9+19]
	ntdll!RtlInitializeExceptionChain [0x7703c0cb+6b]
	ntdll!RtlClearBits [0x7703c04f+bf]

2026-06-12 01:32:26,287 [WARNING] Navigation error https://www.naukri.com/job-listings-content-writer-journalist-rashtra-defence-academy-jaipur-0-to-3-years-150526505626: Message: invalid session id
Stacktrace:
	undetected_chromedriver!GetHandleVerifier [0xd9fa13+106c3]
	undetected_chromedriver!GetHandleVerifier [0xd9fa54+10704]
	undetected_chromedriver!(No symbol) [0xb9a66e]
	undetected_chromedriver!(No symbol) [0xbd8515]
	undetected_chromedriver!(No symbol) [0xc06146]
	undetected_chromedriver!(No symbol) [0xc012a2]
	undetected_chromedriver!(No symbol) [0xc00c81]
	undetected_chromedriver!(No symbol) [0xb6dbce]
	undetected_chromedriver!(No symbol) [0xb6e16e]
	undetected_chromedriver!(No symbol) [0xb6e64d]
	undetected_chromedriver!GetHandleVerifier [0x10244fa+2951aa]
	undetected_chromedriver!GetHandleVerifier [0x101fb56+290806]
	undetected_chromedriver!GetHandleVerifier [0x103ff8b+2b0c3b]
	undetected_chromedriver!GetHandleVerifier [0xdb9ed6+2ab86]
	undetected_chromedriver!GetHandleVerifier [0xdc124d+31efd]
	undetected_chromedriver!(No symbol) [0xb6d746]
	undetected_chromedriver!(No symbol) [0xb6cda2]
	undetected_chromedriver!GetHandleVerifier [0x118447f+3f512f]
	KERNEL32!BaseThreadInitThunk [0x75b87ba9+19]
	ntdll!RtlInitializeExceptionChain [0x7703c0cb+6b]
	ntdll!RtlClearBits [0x7703c04f+bf]

2026-06-12 01:32:26,295 [WARNING] Navigation error https://www.naukri.com/job-listings-content-writer-journalist-freelancer-rashtra-defence-academy-jaipur-0-to-3-years-150526505670: Message: invalid session id
Stacktrace:
	undetected_chromedriver!GetHandleVerifier [0xd9fa13+106c3]
	undetected_chromedriver!GetHandleVerifier [0xd9fa54+10704]
	undetected_chromedriver!(No symbol) [0xb9a66e]
	undetected_chromedriver!(No symbol) [0xbd8515]
	undetected_chromedriver!(No symbol) [0xc06146]
	undetected_chromedriver!(No symbol) [0xc012a2]
	undetected_chromedriver!(No symbol) [0xc00c81]
	undetected_chromedriver!(No symbol) [0xb6dbce]
	undetected_chromedriver!(No symbol) [0xb6e16e]
	undetected_chromedriver!(No symbol) [0xb6e64d]
	undetected_chromedriver!GetHandleVerifier [0x10244fa+2951aa]
	undetected_chromedriver!GetHandleVerifier [0x101fb56+290806]
	undetected_chromedriver!GetHandleVerifier [0x103ff8b+2b0c3b]
	undetected_chromedriver!GetHandleVerifier [0xdb9ed6+2ab86]
	undetected_chromedriver!GetHandleVerifier [0xdc124d+31efd]
	undetected_chromedriver!(No symbol) [0xb6d746]
	undetected_chromedriver!(No symbol) [0xb6cda2]
	undetected_chromedriver!GetHandleVerifier [0x118447f+3f512f]
	KERNEL32!BaseThreadInitThunk [0x75b87ba9+19]
	ntdll!RtlInitializeExceptionChain [0x7703c0cb+6b]
	ntdll!RtlClearBits [0x7703c04f+bf]

2026-06-12 01:32:26,295 [WARNING] Navigation error https://www.naukri.com/job-listings-content-writer-sub-editor-elets-technomedia-pvt-ltd-noida-2-to-7-years-080626500377: Message: invalid session id
Stacktrace:
	undetected_chromedriver!GetHandleVerifier [0xd9fa13+106c3]
	undetected_chromedriver!GetHandleVerifier [0xd9fa54+10704]
	undetected_chromedriver!(No symbol) [0xb9a66e]
	undetected_chromedriver!(No symbol) [0xbd8515]
	undetected_chromedriver!(No symbol) [0xc06146]
	undetected_chromedriver!(No symbol) [0xc012a2]
	undetected_chromedriver!(No symbol) [0xc00c81]
	undetected_chromedriver!(No symbol) [0xb6dbce]
	undetected_chromedriver!(No symbol) [0xb6e16e]
	undetected_chromedriver!(No symbol) [0xb6e64d]
	undetected_chromedriver!GetHandleVerifier [0x10244fa+2951aa]
	undetected_chromedriver!GetHandleVerifier [0x101fb56+290806]
	undetected_chromedriver!GetHandleVerifier [0x103ff8b+2b0c3b]
	undetected_chromedriver!GetHandleVerifier [0xdb9ed6+2ab86]
	undetected_chromedriver!GetHandleVerifier [0xdc124d+31efd]
	undetected_chromedriver!(No symbol) [0xb6d746]
	undetected_chromedriver!(No symbol) [0xb6cda2]
	undetected_chromedriver!GetHandleVerifier [0x118447f+3f512f]
	KERNEL32!BaseThreadInitThunk [0x75b87ba9+19]
	ntdll!RtlInitializeExceptionChain [0x7703c0cb+6b]
	ntdll!RtlClearBits [0x7703c04f+bf]

2026-06-12 01:32:26,295 [WARNING] Navigation error https://www.naukri.com/job-listings-content-writer-tirtha-yatra-bengaluru-0-to-3-years-160426505639: Message: invalid session id
Stacktrace:
	undetected_chromedriver!GetHandleVerifier [0xd9fa13+106c3]
	undetected_chromedriver!GetHandleVerifier [0xd9fa54+10704]
	undetected_chromedriver!(No symbol) [0xb9a66e]
	undetected_chromedriver!(No symbol) [0xbd8515]
	undetected_chromedriver!(No symbol) [0xc06146]
	undetected_chromedriver!(No symbol) [0xc012a2]
	undetected_chromedriver!(No symbol) [0xc00c81]
	undetected_chromedriver!(No symbol) [0xb6dbce]
	undetected_chromedriver!(No symbol) [0xb6e16e]
	undetected_chromedriver!(No symbol) [0xb6e64d]
	undetected_chromedriver!GetHandleVerifier [0x10244fa+2951aa]
	undetected_chromedriver!GetHandleVerifier [0x101fb56+290806]
	undetected_chromedriver!GetHandleVerifier [0x103ff8b+2b0c3b]
	undetected_chromedriver!GetHandleVerifier [0xdb9ed6+2ab86]
	undetected_chromedriver!GetHandleVerifier [0xdc124d+31efd]
	undetected_chromedriver!(No symbol) [0xb6d746]
	undetected_chromedriver!(No symbol) [0xb6cda2]
	undetected_chromedriver!GetHandleVerifier [0x118447f+3f512f]
	KERNEL32!BaseThreadInitThunk [0x75b87ba9+19]
	ntdll!RtlInitializeExceptionChain [0x7703c0cb+6b]
	ntdll!RtlClearBits [0x7703c04f+bf]

2026-06-12 01:32:26,303 [WARNING] Navigation error https://www.naukri.com/job-listings-content-writer-dev-opus-pvt-ltd-ahmedabad-3-to-8-years-110626500596: Message: invalid session id
Stacktrace:
	undetected_chromedriver!GetHandleVerifier [0xd9fa13+106c3]
	undetected_chromedriver!GetHandleVerifier [0xd9fa54+10704]
	undetected_chromedriver!(No symbol) [0xb9a66e]
	undetected_chromedriver!(No symbol) [0xbd8515]
	undetected_chromedriver!(No symbol) [0xc06146]
	undetected_chromedriver!(No symbol) [0xc012a2]
	undetected_chromedriver!(No symbol) [0xc00c81]
	undetected_chromedriver!(No symbol) [0xb6dbce]
	undetected_chromedriver!(No symbol) [0xb6e16e]
	undetected_chromedriver!(No symbol) [0xb6e64d]
	undetected_chromedriver!GetHandleVerifier [0x10244fa+2951aa]
	undetected_chromedriver!GetHandleVerifier [0x101fb56+290806]
	undetected_chromedriver!GetHandleVerifier [0x103ff8b+2b0c3b]
	undetected_chromedriver!GetHandleVerifier [0xdb9ed6+2ab86]
	undetected_chromedriver!GetHandleVerifier [0xdc124d+31efd]
	undetected_chromedriver!(No symbol) [0xb6d746]
	undetected_chromedriver!(No symbol) [0xb6cda2]
	undetected_chromedriver!GetHandleVerifier [0x118447f+3f512f]
	KERNEL32!BaseThreadInitThunk [0x75b87ba9+19]
	ntdll!RtlInitializeExceptionChain [0x7703c0cb+6b]
	ntdll!RtlClearBits [0x7703c04f+bf]

2026-06-12 01:32:26,303 [WARNING] Navigation error https://www.naukri.com/job-listings-content-writer-rishabh-software-pvt-ltd-ahmedabad-5-to-10-years-090626500808: Message: invalid session id
Stacktrace:
	undetected_chromedriver!GetHandleVerifier [0xd9fa13+106c3]
	undetected_chromedriver!GetHandleVerifier [0xd9fa54+10704]
	undetected_chromedriver!(No symbol) [0xb9a66e]
	undetected_chromedriver!(No symbol) [0xbd8515]
	undetected_chromedriver!(No symbol) [0xc06146]
	undetected_chromedriver!(No symbol) [0xc012a2]
	undetected_chromedriver!(No symbol) [0xc00c81]
	undetected_chromedriver!(No symbol) [0xb6dbce]
	undetected_chromedriver!(No symbol) [0xb6e16e]
	undetected_chromedriver!(No symbol) [0xb6e64d]
	undetected_chromedriver!GetHandleVerifier [0x10244fa+2951aa]
	undetected_chromedriver!GetHandleVerifier [0x101fb56+290806]
	undetected_chromedriver!GetHandleVerifier [0x103ff8b+2b0c3b]
	undetected_chromedriver!GetHandleVerifier [0xdb9ed6+2ab86]
	undetected_chromedriver!GetHandleVerifier [0xdc124d+31efd]
	undetected_chromedriver!(No symbol) [0xb6d746]
	undetected_chromedriver!(No symbol) [0xb6cda2]
	undetected_chromedriver!GetHandleVerifier [0x118447f+3f512f]
	KERNEL32!BaseThreadInitThunk [0x75b87ba9+19]
	ntdll!RtlInitializeExceptionChain [0x7703c0cb+6b]
	ntdll!RtlClearBits [0x7703c04f+bf]

2026-06-12 01:32:26,309 [WARNING] Navigation error https://www.naukri.com/job-listings-onsite-content-writer-ahmedabad-words-kshetra-ahmedabad-0-to-2-years-010626029227: Message: invalid session id
Stacktrace:
	undetected_chromedriver!GetHandleVerifier [0xd9fa13+106c3]
	undetected_chromedriver!GetHandleVerifier [0xd9fa54+10704]
	undetected_chromedriver!(No symbol) [0xb9a66e]
	undetected_chromedriver!(No symbol) [0xbd8515]
	undetected_chromedriver!(No symbol) [0xc06146]
	undetected_chromedriver!(No symbol) [0xc012a2]
	undetected_chromedriver!(No symbol) [0xc00c81]
	undetected_chromedriver!(No symbol) [0xb6dbce]
	undetected_chromedriver!(No symbol) [0xb6e16e]
	undetected_chromedriver!(No symbol) [0xb6e64d]
	undetected_chromedriver!GetHandleVerifier [0x10244fa+2951aa]
	undetected_chromedriver!GetHandleVerifier [0x101fb56+290806]
	undetected_chromedriver!GetHandleVerifier [0x103ff8b+2b0c3b]
	undetected_chromedriver!GetHandleVerifier [0xdb9ed6+2ab86]
	undetected_chromedriver!GetHandleVerifier [0xdc124d+31efd]
	undetected_chromedriver!(No symbol) [0xb6d746]
	undetected_chromedriver!(No symbol) [0xb6cda2]
	undetected_chromedriver!GetHandleVerifier [0x118447f+3f512f]
	KERNEL32!BaseThreadInitThunk [0x75b87ba9+19]
	ntdll!RtlInitializeExceptionChain [0x7703c0cb+6b]
	ntdll!RtlClearBits [0x7703c04f+bf]

2026-06-12 01:32:26,309 [WARNING] Navigation error https://www.naukri.com/job-listings-content-writer-ent-business-world-media-pune-0-to-1-years-020626012630: Message: invalid session id
Stacktrace:
	undetected_chromedriver!GetHandleVerifier [0xd9fa13+106c3]
	undetected_chromedriver!GetHandleVerifier [0xd9fa54+10704]
	undetected_chromedriver!(No symbol) [0xb9a66e]
	undetected_chromedriver!(No symbol) [0xbd8515]
	undetected_chromedriver!(No symbol) [0xc06146]
	undetected_chromedriver!(No symbol) [0xc012a2]
	undetected_chromedriver!(No symbol) [0xc00c81]
	undetected_chromedriver!(No symbol) [0xb6dbce]
	undetected_chromedriver!(No symbol) [0xb6e16e]
	undetected_chromedriver!(No symbol) [0xb6e64d]
	undetected_chromedriver!GetHandleVerifier [0x10244fa+2951aa]
	undetected_chromedriver!GetHandleVerifier [0x101fb56+290806]
	undetected_chromedriver!GetHandleVerifier [0x103ff8b+2b0c3b]
	undetected_chromedriver!GetHandleVerifier [0xdb9ed6+2ab86]
	undetected_chromedriver!GetHandleVerifier [0xdc124d+31efd]
	undetected_chromedriver!(No symbol) [0xb6d746]
	undetected_chromedriver!(No symbol) [0xb6cda2]
	undetected_chromedriver!GetHandleVerifier [0x118447f+3f512f]
	KERNEL32!BaseThreadInitThunk [0x75b87ba9+19]
	ntdll!RtlInitializeExceptionChain [0x7703c0cb+6b]
	ntdll!RtlClearBits [0x7703c04f+bf]

2026-06-12 01:32:26,309 [WARNING] Navigation error https://www.naukri.com/job-listings-content-writer-voice-over-artist-walmond-realty-dart-noida-0-to-1-years-110626024821: Message: invalid session id
Stacktrace:
	undetected_chromedriver!GetHandleVerifier [0xd9fa13+106c3]
	undetected_chromedriver!GetHandleVerifier [0xd9fa54+10704]
	undetected_chromedriver!(No symbol) [0xb9a66e]
	undetected_chromedriver!(No symbol) [0xbd8515]
	undetected_chromedriver!(No symbol) [0xc06146]
	undetected_chromedriver!(No symbol) [0xc012a2]
	undetected_chromedriver!(No symbol) [0xc00c81]
	undetected_chromedriver!(No symbol) [0xb6dbce]
	undetected_chromedriver!(No symbol) [0xb6e16e]
	undetected_chromedriver!(No symbol) [0xb6e64d]
	undetected_chromedriver!GetHandleVerifier [0x10244fa+2951aa]
	undetected_chromedriver!GetHandleVerifier [0x101fb56+290806]
	undetected_chromedriver!GetHandleVerifier [0x103ff8b+2b0c3b]
	undetected_chromedriver!GetHandleVerifier [0xdb9ed6+2ab86]
	undetected_chromedriver!GetHandleVerifier [0xdc124d+31efd]
	undetected_chromedriver!(No symbol) [0xb6d746]
	undetected_chromedriver!(No symbol) [0xb6cda2]
	undetected_chromedriver!GetHandleVerifier [0x118447f+3f512f]
	KERNEL32!BaseThreadInitThunk [0x75b87ba9+19]
	ntdll!RtlInitializeExceptionChain [0x7703c0cb+6b]
	ntdll!RtlClearBits [0x7703c04f+bf]

2026-06-12 01:32:26,319 [WARNING] Navigation error https://www.naukri.com/job-listings-urgent-hiring-for-content-writer-and-creator-kreatemore-mumbai-all-areas-1-to-3-years-050226906161: Message: invalid session id
Stacktrace:
	undetected_chromedriver!GetHandleVerifier [0xd9fa13+106c3]
	undetected_chromedriver!GetHandleVerifier [0xd9fa54+10704]
	undetected_chromedriver!(No symbol) [0xb9a66e]
	undetected_chromedriver!(No symbol) [0xbd8515]
	undetected_chromedriver!(No symbol) [0xc06146]
	undetected_chromedriver!(No symbol) [0xc012a2]
	undetected_chromedriver!(No symbol) [0xc00c81]
	undetected_chromedriver!(No symbol) [0xb6dbce]
	undetected_chromedriver!(No symbol) [0xb6e16e]
	undetected_chromedriver!(No symbol) [0xb6e64d]
	undetected_chromedriver!GetHandleVerifier [0x10244fa+2951aa]
	undetected_chromedriver!GetHandleVerifier [0x101fb56+290806]
	undetected_chromedriver!GetHandleVerifier [0x103ff8b+2b0c3b]
	undetected_chromedriver!GetHandleVerifier [0xdb9ed6+2ab86]
	undetected_chromedriver!GetHandleVerifier [0xdc124d+31efd]
	undetected_chromedriver!(No symbol) [0xb6d746]
	undetected_chromedriver!(No symbol) [0xb6cda2]
	undetected_chromedriver!GetHandleVerifier [0x118447f+3f512f]
	KERNEL32!BaseThreadInitThunk [0x75b87ba9+19]
	ntdll!RtlInitializeExceptionChain [0x7703c0cb+6b]
	ntdll!RtlClearBits [0x7703c04f+bf]

2026-06-12 01:32:26,319 [WARNING] Navigation error https://www.naukri.com/job-listings-content-writer-blogs-growthjockey-gurugram-0-to-1-years-040923500277: Message: invalid session id
Stacktrace:
	undetected_chromedriver!GetHandleVerifier [0xd9fa13+106c3]
	undetected_chromedriver!GetHandleVerifier [0xd9fa54+10704]
	undetected_chromedriver!(No symbol) [0xb9a66e]
	undetected_chromedriver!(No symbol) [0xbd8515]
	undetected_chromedriver!(No symbol) [0xc06146]
	undetected_chromedriver!(No symbol) [0xc012a2]
	undetected_chromedriver!(No symbol) [0xc00c81]
	undetected_chromedriver!(No symbol) [0xb6dbce]
	undetected_chromedriver!(No symbol) [0xb6e16e]
	undetected_chromedriver!(No symbol) [0xb6e64d]
	undetected_chromedriver!GetHandleVerifier [0x10244fa+2951aa]
	undetected_chromedriver!GetHandleVerifier [0x101fb56+290806]
	undetected_chromedriver!GetHandleVerifier [0x103ff8b+2b0c3b]
	undetected_chromedriver!GetHandleVerifier [0xdb9ed6+2ab86]
	undetected_chromedriver!GetHandleVerifier [0xdc124d+31efd]
	undetected_chromedriver!(No symbol) [0xb6d746]
	undetected_chromedriver!(No symbol) [0xb6cda2]
	undetected_chromedriver!GetHandleVerifier [0x118447f+3f512f]
	KERNEL32!BaseThreadInitThunk [0x75b87ba9+19]
	ntdll!RtlInitializeExceptionChain [0x7703c0cb+6b]
	ntdll!RtlClearBits [0x7703c04f+bf]

2026-06-12 01:32:26,319 [WARNING] Navigation error https://www.naukri.com/job-listings-content-writer-rhino-creative-agency-chennai-cuddalore-0-to-2-years-280524501343: Message: invalid session id
Stacktrace:
	undetected_chromedriver!GetHandleVerifier [0xd9fa13+106c3]
	undetected_chromedriver!GetHandleVerifier [0xd9fa54+10704]
	undetected_chromedriver!(No symbol) [0xb9a66e]
	undetected_chromedriver!(No symbol) [0xbd8515]
	undetected_chromedriver!(No symbol) [0xc06146]
	undetected_chromedriver!(No symbol) [0xc012a2]
	undetected_chromedriver!(No symbol) [0xc00c81]
	undetected_chromedriver!(No symbol) [0xb6dbce]
	undetected_chromedriver!(No symbol) [0xb6e16e]
	undetected_chromedriver!(No symbol) [0xb6e64d]
	undetected_chromedriver!GetHandleVerifier [0x10244fa+2951aa]
	undetected_chromedriver!GetHandleVerifier [0x101fb56+290806]
	undetected_chromedriver!GetHandleVerifier [0x103ff8b+2b0c3b]
	undetected_chromedriver!GetHandleVerifier [0xdb9ed6+2ab86]
	undetected_chromedriver!GetHandleVerifier [0xdc124d+31efd]
	undetected_chromedriver!(No symbol) [0xb6d746]
	undetected_chromedriver!(No symbol) [0xb6cda2]
	undetected_chromedriver!GetHandleVerifier [0x118447f+3f512f]
	KERNEL32!BaseThreadInitThunk [0x75b87ba9+19]
	ntdll!RtlInitializeExceptionChain [0x7703c0cb+6b]
	ntdll!RtlClearBits [0x7703c04f+bf]

2026-06-12 01:32:26,319 [WARNING] Navigation error https://www.naukri.com/job-listings-content-writer-teletext-india-hyderabad-kondapur-0-to-2-years-240226051245: Message: invalid session id
Stacktrace:
	undetected_chromedriver!GetHandleVerifier [0xd9fa13+106c3]
	undetected_chromedriver!GetHandleVerifier [0xd9fa54+10704]
	undetected_chromedriver!(No symbol) [0xb9a66e]
	undetected_chromedriver!(No symbol) [0xbd8515]
	undetected_chromedriver!(No symbol) [0xc06146]
	undetected_chromedriver!(No symbol) [0xc012a2]
	undetected_chromedriver!(No symbol) [0xc00c81]
	undetected_chromedriver!(No symbol) [0xb6dbce]
	undetected_chromedriver!(No symbol) [0xb6e16e]
	undetected_chromedriver!(No symbol) [0xb6e64d]
	undetected_chromedriver!GetHandleVerifier [0x10244fa+2951aa]
	undetected_chromedriver!GetHandleVerifier [0x101fb56+290806]
	undetected_chromedriver!GetHandleVerifier [0x103ff8b+2b0c3b]
	undetected_chromedriver!GetHandleVerifier [0xdb9ed6+2ab86]
	undetected_chromedriver!GetHandleVerifier [0xdc124d+31efd]
	undetected_chromedriver!(No symbol) [0xb6d746]
	undetected_chromedriver!(No symbol) [0xb6cda2]
	undetected_chromedriver!GetHandleVerifier [0x118447f+3f512f]
	KERNEL32!BaseThreadInitThunk [0x75b87ba9+19]
	ntdll!RtlInitializeExceptionChain [0x7703c0cb+6b]
	ntdll!RtlClearBits [0x7703c04f+bf]

2026-06-12 01:32:26,319 [WARNING] Navigation error https://www.naukri.com/job-listings-content-writer-content-creator-kalanjali-arts-craft-ramoji-group-ramoji-vijayawada-3-to-6-years-020626501597: Message: invalid session id
Stacktrace:
	undetected_chromedriver!GetHandleVerifier [0xd9fa13+106c3]
	undetected_chromedriver!GetHandleVerifier [0xd9fa54+10704]
	undetected_chromedriver!(No symbol) [0xb9a66e]
	undetected_chromedriver!(No symbol) [0xbd8515]
	undetected_chromedriver!(No symbol) [0xc06146]
	undetected_chromedriver!(No symbol) [0xc012a2]
	undetected_chromedriver!(No symbol) [0xc00c81]
	undetected_chromedriver!(No symbol) [0xb6dbce]
	undetected_chromedriver!(No symbol) [0xb6e16e]
	undetected_chromedriver!(No symbol) [0xb6e64d]
	undetected_chromedriver!GetHandleVerifier [0x10244fa+2951aa]
	undetected_chromedriver!GetHandleVerifier [0x101fb56+290806]
	undetected_chromedriver!GetHandleVerifier [0x103ff8b+2b0c3b]
	undetected_chromedriver!GetHandleVerifier [0xdb9ed6+2ab86]
	undetected_chromedriver!GetHandleVerifier [0xdc124d+31efd]
	undetected_chromedriver!(No symbol) [0xb6d746]
	undetected_chromedriver!(No symbol) [0xb6cda2]
	undetected_chromedriver!GetHandleVerifier [0x118447f+3f512f]
	KERNEL32!BaseThreadInitThunk [0x75b87ba9+19]
	ntdll!RtlInitializeExceptionChain [0x7703c0cb+6b]
	ntdll!RtlClearBits [0x7703c04f+bf]

2026-06-12 01:32:26,334 [WARNING] Navigation error https://www.naukri.com/job-listings-content-writer-icici-securities-mumbai-9-to-14-years-110626012373: Message: invalid session id
Stacktrace:
	undetected_chromedriver!GetHandleVerifier [0xd9fa13+106c3]
	undetected_chromedriver!GetHandleVerifier [0xd9fa54+10704]
	undetected_chromedriver!(No symbol) [0xb9a66e]
	undetected_chromedriver!(No symbol) [0xbd8515]
	undetected_chromedriver!(No symbol) [0xc06146]
	undetected_chromedriver!(No symbol) [0xc012a2]
	undetected_chromedriver!(No symbol) [0xc00c81]
	undetected_chromedriver!(No symbol) [0xb6dbce]
	undetected_chromedriver!(No symbol) [0xb6e16e]
	undetected_chromedriver!(No symbol) [0xb6e64d]
	undetected_chromedriver!GetHandleVerifier [0x10244fa+2951aa]
	undetected_chromedriver!GetHandleVerifier [0x101fb56+290806]
	undetected_chromedriver!GetHandleVerifier [0x103ff8b+2b0c3b]
	undetected_chromedriver!GetHandleVerifier [0xdb9ed6+2ab86]
	undetected_chromedriver!GetHandleVerifier [0xdc124d+31efd]
	undetected_chromedriver!(No symbol) [0xb6d746]
	undetected_chromedriver!(No symbol) [0xb6cda2]
	undetected_chromedriver!GetHandleVerifier [0x118447f+3f512f]
	KERNEL32!BaseThreadInitThunk [0x75b87ba9+19]
	ntdll!RtlInitializeExceptionChain [0x7703c0cb+6b]
	ntdll!RtlClearBits [0x7703c04f+bf]

2026-06-12 01:32:26,334 [WARNING] Navigation error https://www.naukri.com/job-listings-content-writer-stemford-india-new-delhi-0-to-2-years-040526013677: Message: invalid session id
Stacktrace:
	undetected_chromedriver!GetHandleVerifier [0xd9fa13+106c3]
	undetected_chromedriver!GetHandleVerifier [0xd9fa54+10704]
	undetected_chromedriver!(No symbol) [0xb9a66e]
	undetected_chromedriver!(No symbol) [0xbd8515]
	undetected_chromedriver!(No symbol) [0xc06146]
	undetected_chromedriver!(No symbol) [0xc012a2]
	undetected_chromedriver!(No symbol) [0xc00c81]
	undetected_chromedriver!(No symbol) [0xb6dbce]
	undetected_chromedriver!(No symbol) [0xb6e16e]
	undetected_chromedriver!(No symbol) [0xb6e64d]
	undetected_chromedriver!GetHandleVerifier [0x10244fa+2951aa]
	undetected_chromedriver!GetHandleVerifier [0x101fb56+290806]
	undetected_chromedriver!GetHandleVerifier [0x103ff8b+2b0c3b]
	undetected_chromedriver!GetHandleVerifier [0xdb9ed6+2ab86]
	undetected_chromedriver!GetHandleVerifier [0xdc124d+31efd]
	undetected_chromedriver!(No symbol) [0xb6d746]
	undetected_chromedriver!(No symbol) [0xb6cda2]
	undetected_chromedriver!GetHandleVerifier [0x118447f+3f512f]
	KERNEL32!BaseThreadInitThunk [0x75b87ba9+19]
	ntdll!RtlInitializeExceptionChain [0x7703c0cb+6b]
	ntdll!RtlClearBits [0x7703c04f+bf]

2026-06-12 01:32:26,334 [WARNING] Navigation error https://www.naukri.com/job-listings-content-writer-freshad-chennai-0-to-3-years-311025504473: Message: invalid session id
Stacktrace:
	undetected_chromedriver!GetHandleVerifier [0xd9fa13+106c3]
	undetected_chromedriver!GetHandleVerifier [0xd9fa54+10704]
	undetected_chromedriver!(No symbol) [0xb9a66e]
	undetected_chromedriver!(No symbol) [0xbd8515]
	undetected_chromedriver!(No symbol) [0xc06146]
	undetected_chromedriver!(No symbol) [0xc012a2]
	undetected_chromedriver!(No symbol) [0xc00c81]
	undetected_chromedriver!(No symbol) [0xb6dbce]
	undetected_chromedriver!(No symbol) [0xb6e16e]
	undetected_chromedriver!(No symbol) [0xb6e64d]
	undetected_chromedriver!GetHandleVerifier [0x10244fa+2951aa]
	undetected_chromedriver!GetHandleVerifier [0x101fb56+290806]
	undetected_chromedriver!GetHandleVerifier [0x103ff8b+2b0c3b]
	undetected_chromedriver!GetHandleVerifier [0xdb9ed6+2ab86]
	undetected_chromedriver!GetHandleVerifier [0xdc124d+31efd]
	undetected_chromedriver!(No symbol) [0xb6d746]
	undetected_chromedriver!(No symbol) [0xb6cda2]
	undetected_chromedriver!GetHandleVerifier [0x118447f+3f512f]
	KERNEL32!BaseThreadInitThunk [0x75b87ba9+19]
	ntdll!RtlInitializeExceptionChain [0x7703c0cb+6b]
	ntdll!RtlClearBits [0x7703c04f+bf]

2026-06-12 01:32:26,334 [WARNING] Navigation error https://www.naukri.com/job-listings-content-writer-invoscape-chennai-0-to-1-years-221024503758: Message: invalid session id
Stacktrace:
	undetected_chromedriver!GetHandleVerifier [0xd9fa13+106c3]
	undetected_chromedriver!GetHandleVerifier [0xd9fa54+10704]
	undetected_chromedriver!(No symbol) [0xb9a66e]
	undetected_chromedriver!(No symbol) [0xbd8515]
	undetected_chromedriver!(No symbol) [0xc06146]
	undetected_chromedriver!(No symbol) [0xc012a2]
	undetected_chromedriver!(No symbol) [0xc00c81]
	undetected_chromedriver!(No symbol) [0xb6dbce]
	undetected_chromedriver!(No symbol) [0xb6e16e]
	undetected_chromedriver!(No symbol) [0xb6e64d]
	undetected_chromedriver!GetHandleVerifier [0x10244fa+2951aa]
	undetected_chromedriver!GetHandleVerifier [0x101fb56+290806]
	undetected_chromedriver!GetHandleVerifier [0x103ff8b+2b0c3b]
	undetected_chromedriver!GetHandleVerifier [0xdb9ed6+2ab86]
	undetected_chromedriver!GetHandleVerifier [0xdc124d+31efd]
	undetected_chromedriver!(No symbol) [0xb6d746]
	undetected_chromedriver!(No symbol) [0xb6cda2]
	undetected_chromedriver!GetHandleVerifier [0x118447f+3f512f]
	KERNEL32!BaseThreadInitThunk [0x75b87ba9+19]
	ntdll!RtlInitializeExceptionChain [0x7703c0cb+6b]
	ntdll!RtlClearBits [0x7703c04f+bf]

2026-06-12 01:32:26,334 [WARNING] Navigation error https://www.naukri.com/job-listings-content-writer-my-mudra-fincorp-limited-new-delhi-0-to-2-years-110626007362: Message: invalid session id
Stacktrace:
	undetected_chromedriver!GetHandleVerifier [0xd9fa13+106c3]
	undetected_chromedriver!GetHandleVerifier [0xd9fa54+10704]
	undetected_chromedriver!(No symbol) [0xb9a66e]
	undetected_chromedriver!(No symbol) [0xbd8515]
	undetected_chromedriver!(No symbol) [0xc06146]
	undetected_chromedriver!(No symbol) [0xc012a2]
	undetected_chromedriver!(No symbol) [0xc00c81]
	undetected_chromedriver!(No symbol) [0xb6dbce]
	undetected_chromedriver!(No symbol) [0xb6e16e]
	undetected_chromedriver!(No symbol) [0xb6e64d]
	undetected_chromedriver!GetHandleVerifier [0x10244fa+2951aa]
	undetected_chromedriver!GetHandleVerifier [0x101fb56+290806]
	undetected_chromedriver!GetHandleVerifier [0x103ff8b+2b0c3b]
	undetected_chromedriver!GetHandleVerifier [0xdb9ed6+2ab86]
	undetected_chromedriver!GetHandleVerifier [0xdc124d+31efd]
	undetected_chromedriver!(No symbol) [0xb6d746]
	undetected_chromedriver!(No symbol) [0xb6cda2]
	undetected_chromedriver!GetHandleVerifier [0x118447f+3f512f]
	KERNEL32!BaseThreadInitThunk [0x75b87ba9+19]
	ntdll!RtlInitializeExceptionChain [0x7703c0cb+6b]
	ntdll!RtlClearBits [0x7703c04f+bf]

2026-06-12 01:32:26,350 [WARNING] Navigation error https://www.naukri.com/job-listings-content-writer-the-infinity-canvas-chennai-0-to-5-years-260326501268: Message: invalid session id
Stacktrace:
	undetected_chromedriver!GetHandleVerifier [0xd9fa13+106c3]
	undetected_chromedriver!GetHandleVerifier [0xd9fa54+10704]
	undetected_chromedriver!(No symbol) [0xb9a66e]
	undetected_chromedriver!(No symbol) [0xbd8515]
	undetected_chromedriver!(No symbol) [0xc06146]
	undetected_chromedriver!(No symbol) [0xc012a2]
	undetected_chromedriver!(No symbol) [0xc00c81]
	undetected_chromedriver!(No symbol) [0xb6dbce]
	undetected_chromedriver!(No symbol) [0xb6e16e]
	undetected_chromedriver!(No symbol) [0xb6e64d]
	undetected_chromedriver!GetHandleVerifier [0x10244fa+2951aa]
	undetected_chromedriver!GetHandleVerifier [0x101fb56+290806]
	undetected_chromedriver!GetHandleVerifier [0x103ff8b+2b0c3b]
	undetected_chromedriver!GetHandleVerifier [0xdb9ed6+2ab86]
	undetected_chromedriver!GetHandleVerifier [0xdc124d+31efd]
	undetected_chromedriver!(No symbol) [0xb6d746]
	undetected_chromedriver!(No symbol) [0xb6cda2]
	undetected_chromedriver!GetHandleVerifier [0x118447f+3f512f]
	KERNEL32!BaseThreadInitThunk [0x75b87ba9+19]
	ntdll!RtlInitializeExceptionChain [0x7703c0cb+6b]
	ntdll!RtlClearBits [0x7703c04f+bf]

2026-06-12 01:32:26,350 [WARNING] Navigation error https://www.naukri.com/job-listings-content-writer-techmagnate-new-delhi-0-to-3-years-090626027853: Message: invalid session id
Stacktrace:
	undetected_chromedriver!GetHandleVerifier [0xd9fa13+106c3]
	undetected_chromedriver!GetHandleVerifier [0xd9fa54+10704]
	undetected_chromedriver!(No symbol) [0xb9a66e]
	undetected_chromedriver!(No symbol) [0xbd8515]
	undetected_chromedriver!(No symbol) [0xc06146]
	undetected_chromedriver!(No symbol) [0xc012a2]
	undetected_chromedriver!(No symbol) [0xc00c81]
	undetected_chromedriver!(No symbol) [0xb6dbce]
	undetected_chromedriver!(No symbol) [0xb6e16e]
	undetected_chromedriver!(No symbol) [0xb6e64d]
	undetected_chromedriver!GetHandleVerifier [0x10244fa+2951aa]
	undetected_chromedriver!GetHandleVerifier [0x101fb56+290806]
	undetected_chromedriver!GetHandleVerifier [0x103ff8b+2b0c3b]
	undetected_chromedriver!GetHandleVerifier [0xdb9ed6+2ab86]
	undetected_chromedriver!GetHandleVerifier [0xdc124d+31efd]
	undetected_chromedriver!(No symbol) [0xb6d746]
	undetected_chromedriver!(No symbol) [0xb6cda2]
	undetected_chromedriver!GetHandleVerifier [0x118447f+3f512f]
	KERNEL32!BaseThreadInitThunk [0x75b87ba9+19]
	ntdll!RtlInitializeExceptionChain [0x7703c0cb+6b]
	ntdll!RtlClearBits [0x7703c04f+bf]

2026-06-12 01:32:26,350 [WARNING] Navigation error https://www.naukri.com/job-listings-content-writer-zuan-technologies-p-ltd-chennai-0-to-1-years-240518500829: Message: invalid session id
Stacktrace:
	undetected_chromedriver!GetHandleVerifier [0xd9fa13+106c3]
	undetected_chromedriver!GetHandleVerifier [0xd9fa54+10704]
	undetected_chromedriver!(No symbol) [0xb9a66e]
	undetected_chromedriver!(No symbol) [0xbd8515]
	undetected_chromedriver!(No symbol) [0xc06146]
	undetected_chromedriver!(No symbol) [0xc012a2]
	undetected_chromedriver!(No symbol) [0xc00c81]
	undetected_chromedriver!(No symbol) [0xb6dbce]
	undetected_chromedriver!(No symbol) [0xb6e16e]
	undetected_chromedriver!(No symbol) [0xb6e64d]
	undetected_chromedriver!GetHandleVerifier [0x10244fa+2951aa]
	undetected_chromedriver!GetHandleVerifier [0x101fb56+290806]
	undetected_chromedriver!GetHandleVerifier [0x103ff8b+2b0c3b]
	undetected_chromedriver!GetHandleVerifier [0xdb9ed6+2ab86]
	undetected_chromedriver!GetHandleVerifier [0xdc124d+31efd]
	undetected_chromedriver!(No symbol) [0xb6d746]
	undetected_chromedriver!(No symbol) [0xb6cda2]
	undetected_chromedriver!GetHandleVerifier [0x118447f+3f512f]
	KERNEL32!BaseThreadInitThunk [0x75b87ba9+19]
	ntdll!RtlInitializeExceptionChain [0x7703c0cb+6b]
	ntdll!RtlClearBits [0x7703c04f+bf]

2026-06-12 01:32:26,359 [WARNING] Navigation error https://www.naukri.com/job-listings-content-writer-astnt-technologies-private-limited-kolkata-mumbai-new-delhi-hyderabad-pune-chennai-bengaluru-0-to-2-years-220724502454: Message: invalid session id
Stacktrace:
	undetected_chromedriver!GetHandleVerifier [0xd9fa13+106c3]
	undetected_chromedriver!GetHandleVerifier [0xd9fa54+10704]
	undetected_chromedriver!(No symbol) [0xb9a66e]
	undetected_chromedriver!(No symbol) [0xbd8515]
	undetected_chromedriver!(No symbol) [0xc06146]
	undetected_chromedriver!(No symbol) [0xc012a2]
	undetected_chromedriver!(No symbol) [0xc00c81]
	undetected_chromedriver!(No symbol) [0xb6dbce]
	undetected_chromedriver!(No symbol) [0xb6e16e]
	undetected_chromedriver!(No symbol) [0xb6e64d]
	undetected_chromedriver!GetHandleVerifier [0x10244fa+2951aa]
	undetected_chromedriver!GetHandleVerifier [0x101fb56+290806]
	undetected_chromedriver!GetHandleVerifier [0x103ff8b+2b0c3b]
	undetected_chromedriver!GetHandleVerifier [0xdb9ed6+2ab86]
	undetected_chromedriver!GetHandleVerifier [0xdc124d+31efd]
	undetected_chromedriver!(No symbol) [0xb6d746]
	undetected_chromedriver!(No symbol) [0xb6cda2]
	undetected_chromedriver!GetHandleVerifier [0x118447f+3f512f]
	KERNEL32!BaseThreadInitThunk [0x75b87ba9+19]
	ntdll!RtlInitializeExceptionChain [0x7703c0cb+6b]
	ntdll!RtlClearBits [0x7703c04f+bf]

2026-06-12 01:32:26,359 [WARNING] Navigation error https://www.naukri.com/job-listings-content-writer-the-brand-drive-chennai-0-to-3-years-190325509410: Message: invalid session id
Stacktrace:
	undetected_chromedriver!GetHandleVerifier [0xd9fa13+106c3]
	undetected_chromedriver!GetHandleVerifier [0xd9fa54+10704]
	undetected_chromedriver!(No symbol) [0xb9a66e]
	undetected_chromedriver!(No symbol) [0xbd8515]
	undetected_chromedriver!(No symbol) [0xc06146]
	undetected_chromedriver!(No symbol) [0xc012a2]
	undetected_chromedriver!(No symbol) [0xc00c81]
	undetected_chromedriver!(No symbol) [0xb6dbce]
	undetected_chromedriver!(No symbol) [0xb6e16e]
	undetected_chromedriver!(No symbol) [0xb6e64d]
	undetected_chromedriver!GetHandleVerifier [0x10244fa+2951aa]
	undetected_chromedriver!GetHandleVerifier [0x101fb56+290806]
	undetected_chromedriver!GetHandleVerifier [0x103ff8b+2b0c3b]
	undetected_chromedriver!GetHandleVerifier [0xdb9ed6+2ab86]
	undetected_chromedriver!GetHandleVerifier [0xdc124d+31efd]
	undetected_chromedriver!(No symbol) [0xb6d746]
	undetected_chromedriver!(No symbol) [0xb6cda2]
	undetected_chromedriver!GetHandleVerifier [0x118447f+3f512f]
	KERNEL32!BaseThreadInitThunk [0x75b87ba9+19]
	ntdll!RtlInitializeExceptionChain [0x7703c0cb+6b]
	ntdll!RtlClearBits [0x7703c04f+bf]

2026-06-12 01:32:26,366 [WARNING] Navigation error https://www.naukri.com/job-listings-content-writer-creator-vdo-conference-technologies-llp-remote-0-to-3-years-220526503805: Message: invalid session id
Stacktrace:
	undetected_chromedriver!GetHandleVerifier [0xd9fa13+106c3]
	undetected_chromedriver!GetHandleVerifier [0xd9fa54+10704]
	undetected_chromedriver!(No symbol) [0xb9a66e]
	undetected_chromedriver!(No symbol) [0xbd8515]
	undetected_chromedriver!(No symbol) [0xc06146]
	undetected_chromedriver!(No symbol) [0xc012a2]
	undetected_chromedriver!(No symbol) [0xc00c81]
	undetected_chromedriver!(No symbol) [0xb6dbce]
	undetected_chromedriver!(No symbol) [0xb6e16e]
	undetected_chromedriver!(No symbol) [0xb6e64d]
	undetected_chromedriver!GetHandleVerifier [0x10244fa+2951aa]
	undetected_chromedriver!GetHandleVerifier [0x101fb56+290806]
	undetected_chromedriver!GetHandleVerifier [0x103ff8b+2b0c3b]
	undetected_chromedriver!GetHandleVerifier [0xdb9ed6+2ab86]
	undetected_chromedriver!GetHandleVerifier [0xdc124d+31efd]
	undetected_chromedriver!(No symbol) [0xb6d746]
	undetected_chromedriver!(No symbol) [0xb6cda2]
	undetected_chromedriver!GetHandleVerifier [0x118447f+3f512f]
	KERNEL32!BaseThreadInitThunk [0x75b87ba9+19]
	ntdll!RtlInitializeExceptionChain [0x7703c0cb+6b]
	ntdll!RtlClearBits [0x7703c04f+bf]

2026-06-12 01:32:26,366 [WARNING] Navigation error https://www.naukri.com/job-listings-communication-content-writer-velammal-educational-trust-vet-chennai-3-to-7-years-290526024409: Message: invalid session id
Stacktrace:
	undetected_chromedriver!GetHandleVerifier [0xd9fa13+106c3]
	undetected_chromedriver!GetHandleVerifier [0xd9fa54+10704]
	undetected_chromedriver!(No symbol) [0xb9a66e]
	undetected_chromedriver!(No symbol) [0xbd8515]
	undetected_chromedriver!(No symbol) [0xc06146]
	undetected_chromedriver!(No symbol) [0xc012a2]
	undetected_chromedriver!(No symbol) [0xc00c81]
	undetected_chromedriver!(No symbol) [0xb6dbce]
	undetected_chromedriver!(No symbol) [0xb6e16e]
	undetected_chromedriver!(No symbol) [0xb6e64d]
	undetected_chromedriver!GetHandleVerifier [0x10244fa+2951aa]
	undetected_chromedriver!GetHandleVerifier [0x101fb56+290806]
	undetected_chromedriver!GetHandleVerifier [0x103ff8b+2b0c3b]
	undetected_chromedriver!GetHandleVerifier [0xdb9ed6+2ab86]
	undetected_chromedriver!GetHandleVerifier [0xdc124d+31efd]
	undetected_chromedriver!(No symbol) [0xb6d746]
	undetected_chromedriver!(No symbol) [0xb6cda2]
	undetected_chromedriver!GetHandleVerifier [0x118447f+3f512f]
	KERNEL32!BaseThreadInitThunk [0x75b87ba9+19]
	ntdll!RtlInitializeExceptionChain [0x7703c0cb+6b]
	ntdll!RtlClearBits [0x7703c04f+bf]

2026-06-12 01:32:26,366 [WARNING] Navigation error https://www.naukri.com/job-listings-content-writer-remunance-systems-pune-0-to-2-years-290526006145: Message: invalid session id
Stacktrace:
	undetected_chromedriver!GetHandleVerifier [0xd9fa13+106c3]
	undetected_chromedriver!GetHandleVerifier [0xd9fa54+10704]
	undetected_chromedriver!(No symbol) [0xb9a66e]
	undetected_chromedriver!(No symbol) [0xbd8515]
	undetected_chromedriver!(No symbol) [0xc06146]
	undetected_chromedriver!(No symbol) [0xc012a2]
	undetected_chromedriver!(No symbol) [0xc00c81]
	undetected_chromedriver!(No symbol) [0xb6dbce]
	undetected_chromedriver!(No symbol) [0xb6e16e]
	undetected_chromedriver!(No symbol) [0xb6e64d]
	undetected_chromedriver!GetHandleVerifier [0x10244fa+2951aa]
	undetected_chromedriver!GetHandleVerifier [0x101fb56+290806]
	undetected_chromedriver!GetHandleVerifier [0x103ff8b+2b0c3b]
	undetected_chromedriver!GetHandleVerifier [0xdb9ed6+2ab86]
	undetected_chromedriver!GetHandleVerifier [0xdc124d+31efd]
	undetected_chromedriver!(No symbol) [0xb6d746]
	undetected_chromedriver!(No symbol) [0xb6cda2]
	undetected_chromedriver!GetHandleVerifier [0x118447f+3f512f]
	KERNEL32!BaseThreadInitThunk [0x75b87ba9+19]
	ntdll!RtlInitializeExceptionChain [0x7703c0cb+6b]
	ntdll!RtlClearBits [0x7703c04f+bf]

2026-06-12 01:32:26,366 [WARNING] Navigation error https://www.naukri.com/job-listings-content-writer-bahwan-cybertek-mumbai-3-to-8-years-270526500702: Message: invalid session id
Stacktrace:
	undetected_chromedriver!GetHandleVerifier [0xd9fa13+106c3]
	undetected_chromedriver!GetHandleVerifier [0xd9fa54+10704]
	undetected_chromedriver!(No symbol) [0xb9a66e]
	undetected_chromedriver!(No symbol) [0xbd8515]
	undetected_chromedriver!(No symbol) [0xc06146]
	undetected_chromedriver!(No symbol) [0xc012a2]
	undetected_chromedriver!(No symbol) [0xc00c81]
	undetected_chromedriver!(No symbol) [0xb6dbce]
	undetected_chromedriver!(No symbol) [0xb6e16e]
	undetected_chromedriver!(No symbol) [0xb6e64d]
	undetected_chromedriver!GetHandleVerifier [0x10244fa+2951aa]
	undetected_chromedriver!GetHandleVerifier [0x101fb56+290806]
	undetected_chromedriver!GetHandleVerifier [0x103ff8b+2b0c3b]
	undetected_chromedriver!GetHandleVerifier [0xdb9ed6+2ab86]
	undetected_chromedriver!GetHandleVerifier [0xdc124d+31efd]
	undetected_chromedriver!(No symbol) [0xb6d746]
	undetected_chromedriver!(No symbol) [0xb6cda2]
	undetected_chromedriver!GetHandleVerifier [0x118447f+3f512f]
	KERNEL32!BaseThreadInitThunk [0x75b87ba9+19]
	ntdll!RtlInitializeExceptionChain [0x7703c0cb+6b]
	ntdll!RtlClearBits [0x7703c04f+bf]

2026-06-12 01:32:27,323 [ERROR] Detail error https://www.naukri.com/job-listings-consultant-greenko-group-neemuch-0-to-3-years-270526505010: Message: invalid session id: session deleted as the browser has closed the connection
from disconnected: not connected to DevTools
  (Session info: chrome=149.0.7827.103)
Stacktrace:
	undetected_chromedriver!GetHandleVerifier [0xd9fa13+106c3]
	undetected_chromedriver!GetHandleVerifier [0xd9fa54+10704]
	undetected_chromedriver!(No symbol) [0xb9a830]
	undetected_chromedriver!(No symbol) [0xb89a3e]
	undetected_chromedriver!(No symbol) [0xba81b9]
	undetected_chromedriver!(No symbol) [0xc0c80c]
	undetected_chromedriver!(No symbol) [0xc22d59]
	undetected_chromedriver!(No symbol) [0xc06026]
	undetected_chromedriver!(No symbol) [0xbd9289]
	undetected_chromedriver!(No symbol) [0xbda054]
	undetected_chromedriver!GetHandleVerifier [0x10244fa+2951aa]
	undetected_chromedriver!GetHandleVerifier [0x101fb56+290806]
	undetected_chromedriver!GetHandleVerifier [0x103ff8b+2b0c3b]
	undetected_chromedriver!GetHandleVerifier [0xdb9ed6+2ab86]
	undetected_chromedriver!GetHandleVerifier [0xdc124d+31efd]
	undetected_chromedriver!GetHandleVerifier [0xda83d8+19088]
	undetected_chromedriver!GetHandleVerifier [0xda8585+19235]
	undetected_chromedriver!GetHandleVerifier [0xd9125f+1f0f]
	KERNEL32!BaseThreadInitThunk [0x75b87ba9+19]
	ntdll!RtlInitializeExceptionChain [0x7703c0cb+6b]
	ntdll!RtlClearBits [0x7703c04f+bf]

2026-06-12 01:32:27,323 [WARNING] Navigation error https://www.naukri.com/job-listings-cluster-coordinator-consultant-pci-global-india-begusarai-5-to-10-years-100626500506: Message: invalid session id
Stacktrace:
	undetected_chromedriver!GetHandleVerifier [0xd9fa13+106c3]
	undetected_chromedriver!GetHandleVerifier [0xd9fa54+10704]
	undetected_chromedriver!(No symbol) [0xb9a66e]
	undetected_chromedriver!(No symbol) [0xbd8515]
	undetected_chromedriver!(No symbol) [0xc06146]
	undetected_chromedriver!(No symbol) [0xc012a2]
	undetected_chromedriver!(No symbol) [0xc00c81]
	undetected_chromedriver!(No symbol) [0xb6dbce]
	undetected_chromedriver!(No symbol) [0xb6e16e]
	undetected_chromedriver!(No symbol) [0xb6e64d]
	undetected_chromedriver!GetHandleVerifier [0x10244fa+2951aa]
	undetected_chromedriver!GetHandleVerifier [0x101fb56+290806]
	undetected_chromedriver!GetHandleVerifier [0x103ff8b+2b0c3b]
	undetected_chromedriver!GetHandleVerifier [0xdb9ed6+2ab86]
	undetected_chromedriver!GetHandleVerifier [0xdc124d+31efd]
	undetected_chromedriver!(No symbol) [0xb6d746]
	undetected_chromedriver!(No symbol) [0xb6cda2]
	undetected_chromedriver!GetHandleVerifier [0x118447f+3f512f]
	KERNEL32!BaseThreadInitThunk [0x75b87ba9+19]
	ntdll!RtlInitializeExceptionChain [0x7703c0cb+6b]
	ntdll!RtlClearBits [0x7703c04f+bf]

2026-06-12 01:32:27,323 [WARNING] Navigation error https://www.naukri.com/job-listings-cluster-coordinator-consultant-pci-global-india-baran-5-to-10-years-100626500507: Message: invalid session id
Stacktrace:
	undetected_chromedriver!GetHandleVerifier [0xd9fa13+106c3]
	undetected_chromedriver!GetHandleVerifier [0xd9fa54+10704]
	undetected_chromedriver!(No symbol) [0xb9a66e]
	undetected_chromedriver!(No symbol) [0xbd8515]
	undetected_chromedriver!(No symbol) [0xc06146]
	undetected_chromedriver!(No symbol) [0xc012a2]
	undetected_chromedriver!(No symbol) [0xc00c81]
	undetected_chromedriver!(No symbol) [0xb6dbce]
	undetected_chromedriver!(No symbol) [0xb6e16e]
	undetected_chromedriver!(No symbol) [0xb6e64d]
	undetected_chromedriver!GetHandleVerifier [0x10244fa+2951aa]
	undetected_chromedriver!GetHandleVerifier [0x101fb56+290806]
	undetected_chromedriver!GetHandleVerifier [0x103ff8b+2b0c3b]
	undetected_chromedriver!GetHandleVerifier [0xdb9ed6+2ab86]
	undetected_chromedriver!GetHandleVerifier [0xdc124d+31efd]
	undetected_chromedriver!(No symbol) [0xb6d746]
	undetected_chromedriver!(No symbol) [0xb6cda2]
	undetected_chromedriver!GetHandleVerifier [0x118447f+3f512f]
	KERNEL32!BaseThreadInitThunk [0x75b87ba9+19]
	ntdll!RtlInitializeExceptionChain [0x7703c0cb+6b]
	ntdll!RtlClearBits [0x7703c04f+bf]

2026-06-12 01:32:27,323 [WARNING] Navigation error https://www.naukri.com/job-listings-cluster-coordinator-consultant-pci-global-india-rohtak-5-to-10-years-100626500505: Message: invalid session id
Stacktrace:
	undetected_chromedriver!GetHandleVerifier [0xd9fa13+106c3]
	undetected_chromedriver!GetHandleVerifier [0xd9fa54+10704]
	undetected_chromedriver!(No symbol) [0xb9a66e]
	undetected_chromedriver!(No symbol) [0xbd8515]
	undetected_chromedriver!(No symbol) [0xc06146]
	undetected_chromedriver!(No symbol) [0xc012a2]
	undetected_chromedriver!(No symbol) [0xc00c81]
	undetected_chromedriver!(No symbol) [0xb6dbce]
	undetected_chromedriver!(No symbol) [0xb6e16e]
	undetected_chromedriver!(No symbol) [0xb6e64d]
	undetected_chromedriver!GetHandleVerifier [0x10244fa+2951aa]
	undetected_chromedriver!GetHandleVerifier [0x101fb56+290806]
	undetected_chromedriver!GetHandleVerifier [0x103ff8b+2b0c3b]
	undetected_chromedriver!GetHandleVerifier [0xdb9ed6+2ab86]
	undetected_chromedriver!GetHandleVerifier [0xdc124d+31efd]
	undetected_chromedriver!(No symbol) [0xb6d746]
	undetected_chromedriver!(No symbol) [0xb6cda2]
	undetected_chromedriver!GetHandleVerifier [0x118447f+3f512f]
	KERNEL32!BaseThreadInitThunk [0x75b87ba9+19]
	ntdll!RtlInitializeExceptionChain [0x7703c0cb+6b]
	ntdll!RtlClearBits [0x7703c04f+bf]

2026-06-12 01:32:27,339 [WARNING] Navigation error https://www.naukri.com/job-listings-cluster-coordinator-consultant-pci-global-india-gaya-5-to-10-years-100626500504: Message: invalid session id
Stacktrace:
	undetected_chromedriver!GetHandleVerifier [0xd9fa13+106c3]
	undetected_chromedriver!GetHandleVerifier [0xd9fa54+10704]
	undetected_chromedriver!(No symbol) [0xb9a66e]
	undetected_chromedriver!(No symbol) [0xbd8515]
	undetected_chromedriver!(No symbol) [0xc06146]
	undetected_chromedriver!(No symbol) [0xc012a2]
	undetected_chromedriver!(No symbol) [0xc00c81]
	undetected_chromedriver!(No symbol) [0xb6dbce]
	undetected_chromedriver!(No symbol) [0xb6e16e]
	undetected_chromedriver!(No symbol) [0xb6e64d]
	undetected_chromedriver!GetHandleVerifier [0x10244fa+2951aa]
	undetected_chromedriver!GetHandleVerifier [0x101fb56+290806]
	undetected_chromedriver!GetHandleVerifier [0x103ff8b+2b0c3b]
	undetected_chromedriver!GetHandleVerifier [0xdb9ed6+2ab86]
	undetected_chromedriver!GetHandleVerifier [0xdc124d+31efd]
	undetected_chromedriver!(No symbol) [0xb6d746]
	undetected_chromedriver!(No symbol) [0xb6cda2]
	undetected_chromedriver!GetHandleVerifier [0x118447f+3f512f]
	KERNEL32!BaseThreadInitThunk [0x75b87ba9+19]
	ntdll!RtlInitializeExceptionChain [0x7703c0cb+6b]
	ntdll!RtlClearBits [0x7703c04f+bf]

2026-06-12 01:32:27,339 [WARNING] Navigation error https://www.naukri.com/job-listings-cluster-coordinator-consultant-pci-global-india-bhojpur-5-to-10-years-100626500503: Message: invalid session id
Stacktrace:
	undetected_chromedriver!GetHandleVerifier [0xd9fa13+106c3]
	undetected_chromedriver!GetHandleVerifier [0xd9fa54+10704]
	undetected_chromedriver!(No symbol) [0xb9a66e]
	undetected_chromedriver!(No symbol) [0xbd8515]
	undetected_chromedriver!(No symbol) [0xc06146]
	undetected_chromedriver!(No symbol) [0xc012a2]
	undetected_chromedriver!(No symbol) [0xc00c81]
	undetected_chromedriver!(No symbol) [0xb6dbce]
	undetected_chromedriver!(No symbol) [0xb6e16e]
	undetected_chromedriver!(No symbol) [0xb6e64d]
	undetected_chromedriver!GetHandleVerifier [0x10244fa+2951aa]
	undetected_chromedriver!GetHandleVerifier [0x101fb56+290806]
	undetected_chromedriver!GetHandleVerifier [0x103ff8b+2b0c3b]
	undetected_chromedriver!GetHandleVerifier [0xdb9ed6+2ab86]
	undetected_chromedriver!GetHandleVerifier [0xdc124d+31efd]
	undetected_chromedriver!(No symbol) [0xb6d746]
	undetected_chromedriver!(No symbol) [0xb6cda2]
	undetected_chromedriver!GetHandleVerifier [0x118447f+3f512f]
	KERNEL32!BaseThreadInitThunk [0x75b87ba9+19]
	ntdll!RtlInitializeExceptionChain [0x7703c0cb+6b]
	ntdll!RtlClearBits [0x7703c04f+bf]

2026-06-12 01:32:27,339 [WARNING] Navigation error https://www.naukri.com/job-listings-e-t-consultant-world-bank-chennai-7-to-12-years-050626500339: Message: invalid session id
Stacktrace:
	undetected_chromedriver!GetHandleVerifier [0xd9fa13+106c3]
	undetected_chromedriver!GetHandleVerifier [0xd9fa54+10704]
	undetected_chromedriver!(No symbol) [0xb9a66e]
	undetected_chromedriver!(No symbol) [0xbd8515]
	undetected_chromedriver!(No symbol) [0xc06146]
	undetected_chromedriver!(No symbol) [0xc012a2]
	undetected_chromedriver!(No symbol) [0xc00c81]
	undetected_chromedriver!(No symbol) [0xb6dbce]
	undetected_chromedriver!(No symbol) [0xb6e16e]
	undetected_chromedriver!(No symbol) [0xb6e64d]
	undetected_chromedriver!GetHandleVerifier [0x10244fa+2951aa]
	undetected_chromedriver!GetHandleVerifier [0x101fb56+290806]
	undetected_chromedriver!GetHandleVerifier [0x103ff8b+2b0c3b]
	undetected_chromedriver!GetHandleVerifier [0xdb9ed6+2ab86]
	undetected_chromedriver!GetHandleVerifier [0xdc124d+31efd]
	undetected_chromedriver!(No symbol) [0xb6d746]
	undetected_chromedriver!(No symbol) [0xb6cda2]
	undetected_chromedriver!GetHandleVerifier [0x118447f+3f512f]
	KERNEL32!BaseThreadInitThunk [0x75b87ba9+19]
	ntdll!RtlInitializeExceptionChain [0x7703c0cb+6b]
	ntdll!RtlClearBits [0x7703c04f+bf]

2026-06-12 01:32:27,339 [WARNING] Navigation error https://www.naukri.com/job-listings-consultant-bsd-naco-national-institute-for-smart-government-nisg-new-delhi-5-to-10-years-090626025952: Message: invalid session id
Stacktrace:
	undetected_chromedriver!GetHandleVerifier [0xd9fa13+106c3]
	undetected_chromedriver!GetHandleVerifier [0xd9fa54+10704]
	undetected_chromedriver!(No symbol) [0xb9a66e]
	undetected_chromedriver!(No symbol) [0xbd8515]
	undetected_chromedriver!(No symbol) [0xc06146]
	undetected_chromedriver!(No symbol) [0xc012a2]
	undetected_chromedriver!(No symbol) [0xc00c81]
	undetected_chromedriver!(No symbol) [0xb6dbce]
	undetected_chromedriver!(No symbol) [0xb6e16e]
	undetected_chromedriver!(No symbol) [0xb6e64d]
	undetected_chromedriver!GetHandleVerifier [0x10244fa+2951aa]
	undetected_chromedriver!GetHandleVerifier [0x101fb56+290806]
	undetected_chromedriver!GetHandleVerifier [0x103ff8b+2b0c3b]
	undetected_chromedriver!GetHandleVerifier [0xdb9ed6+2ab86]
	undetected_chromedriver!GetHandleVerifier [0xdc124d+31efd]
	undetected_chromedriver!(No symbol) [0xb6d746]
	undetected_chromedriver!(No symbol) [0xb6cda2]
	undetected_chromedriver!GetHandleVerifier [0x118447f+3f512f]
	KERNEL32!BaseThreadInitThunk [0x75b87ba9+19]
	ntdll!RtlInitializeExceptionChain [0x7703c0cb+6b]
	ntdll!RtlClearBits [0x7703c04f+bf]

2026-06-12 01:32:27,339 [WARNING] Navigation error https://www.naukri.com/job-listings-e-t-consultant-world-bank-chennai-5-to-10-years-050626502892: Message: invalid session id
Stacktrace:
	undetected_chromedriver!GetHandleVerifier [0xd9fa13+106c3]
	undetected_chromedriver!GetHandleVerifier [0xd9fa54+10704]
	undetected_chromedriver!(No symbol) [0xb9a66e]
	undetected_chromedriver!(No symbol) [0xbd8515]
	undetected_chromedriver!(No symbol) [0xc06146]
	undetected_chromedriver!(No symbol) [0xc012a2]
	undetected_chromedriver!(No symbol) [0xc00c81]
	undetected_chromedriver!(No symbol) [0xb6dbce]
	undetected_chromedriver!(No symbol) [0xb6e16e]
	undetected_chromedriver!(No symbol) [0xb6e64d]
	undetected_chromedriver!GetHandleVerifier [0x10244fa+2951aa]
	undetected_chromedriver!GetHandleVerifier [0x101fb56+290806]
	undetected_chromedriver!GetHandleVerifier [0x103ff8b+2b0c3b]
	undetected_chromedriver!GetHandleVerifier [0xdb9ed6+2ab86]
	undetected_chromedriver!GetHandleVerifier [0xdc124d+31efd]
	undetected_chromedriver!(No symbol) [0xb6d746]
	undetected_chromedriver!(No symbol) [0xb6cda2]
	undetected_chromedriver!GetHandleVerifier [0x118447f+3f512f]
	KERNEL32!BaseThreadInitThunk [0x75b87ba9+19]
	ntdll!RtlInitializeExceptionChain [0x7703c0cb+6b]
	ntdll!RtlClearBits [0x7703c04f+bf]

2026-06-12 01:32:27,356 [WARNING] Navigation error https://www.naukri.com/job-listings-national-consultant-ti-naco-national-institute-for-smart-government-nisg-new-delhi-10-to-18-years-090626033504: Message: invalid session id
Stacktrace:
	undetected_chromedriver!GetHandleVerifier [0xd9fa13+106c3]
	undetected_chromedriver!GetHandleVerifier [0xd9fa54+10704]
	undetected_chromedriver!(No symbol) [0xb9a66e]
	undetected_chromedriver!(No symbol) [0xbd8515]
	undetected_chromedriver!(No symbol) [0xc06146]
	undetected_chromedriver!(No symbol) [0xc012a2]
	undetected_chromedriver!(No symbol) [0xc00c81]
	undetected_chromedriver!(No symbol) [0xb6dbce]
	undetected_chromedriver!(No symbol) [0xb6e16e]
	undetected_chromedriver!(No symbol) [0xb6e64d]
	undetected_chromedriver!GetHandleVerifier [0x10244fa+2951aa]
	undetected_chromedriver!GetHandleVerifier [0x101fb56+290806]
	undetected_chromedriver!GetHandleVerifier [0x103ff8b+2b0c3b]
	undetected_chromedriver!GetHandleVerifier [0xdb9ed6+2ab86]
	undetected_chromedriver!GetHandleVerifier [0xdc124d+31efd]
	undetected_chromedriver!(No symbol) [0xb6d746]
	undetected_chromedriver!(No symbol) [0xb6cda2]
	undetected_chromedriver!GetHandleVerifier [0x118447f+3f512f]
	KERNEL32!BaseThreadInitThunk [0x75b87ba9+19]
	ntdll!RtlInitializeExceptionChain [0x7703c0cb+6b]
	ntdll!RtlClearBits [0x7703c04f+bf]

2026-06-12 01:32:27,356 [WARNING] Navigation error https://www.naukri.com/job-listings-gpp-consultant-cgi-hyderabad-4-to-9-years-090626013231: Message: invalid session id
Stacktrace:
	undetected_chromedriver!GetHandleVerifier [0xd9fa13+106c3]
	undetected_chromedriver!GetHandleVerifier [0xd9fa54+10704]
	undetected_chromedriver!(No symbol) [0xb9a66e]
	undetected_chromedriver!(No symbol) [0xbd8515]
	undetected_chromedriver!(No symbol) [0xc06146]
	undetected_chromedriver!(No symbol) [0xc012a2]
	undetected_chromedriver!(No symbol) [0xc00c81]
	undetected_chromedriver!(No symbol) [0xb6dbce]
	undetected_chromedriver!(No symbol) [0xb6e16e]
	undetected_chromedriver!(No symbol) [0xb6e64d]
	undetected_chromedriver!GetHandleVerifier [0x10244fa+2951aa]
	undetected_chromedriver!GetHandleVerifier [0x101fb56+290806]
	undetected_chromedriver!GetHandleVerifier [0x103ff8b+2b0c3b]
	undetected_chromedriver!GetHandleVerifier [0xdb9ed6+2ab86]
	undetected_chromedriver!GetHandleVerifier [0xdc124d+31efd]
	undetected_chromedriver!(No symbol) [0xb6d746]
	undetected_chromedriver!(No symbol) [0xb6cda2]
	undetected_chromedriver!GetHandleVerifier [0x118447f+3f512f]
	KERNEL32!BaseThreadInitThunk [0x75b87ba9+19]
	ntdll!RtlInitializeExceptionChain [0x7703c0cb+6b]
	ntdll!RtlClearBits [0x7703c04f+bf]

2026-06-12 01:32:27,359 [WARNING] Navigation error https://www.naukri.com/job-listings-consultant-ti-naco-national-institute-for-smart-government-nisg-new-delhi-5-to-10-years-090626033820: Message: invalid session id
Stacktrace:
	undetected_chromedriver!GetHandleVerifier [0xd9fa13+106c3]
	undetected_chromedriver!GetHandleVerifier [0xd9fa54+10704]
	undetected_chromedriver!(No symbol) [0xb9a66e]
	undetected_chromedriver!(No symbol) [0xbd8515]
	undetected_chromedriver!(No symbol) [0xc06146]
	undetected_chromedriver!(No symbol) [0xc012a2]
	undetected_chromedriver!(No symbol) [0xc00c81]
	undetected_chromedriver!(No symbol) [0xb6dbce]
	undetected_chromedriver!(No symbol) [0xb6e16e]
	undetected_chromedriver!(No symbol) [0xb6e64d]
	undetected_chromedriver!GetHandleVerifier [0x10244fa+2951aa]
	undetected_chromedriver!GetHandleVerifier [0x101fb56+290806]
	undetected_chromedriver!GetHandleVerifier [0x103ff8b+2b0c3b]
	undetected_chromedriver!GetHandleVerifier [0xdb9ed6+2ab86]
	undetected_chromedriver!GetHandleVerifier [0xdc124d+31efd]
	undetected_chromedriver!(No symbol) [0xb6d746]
	undetected_chromedriver!(No symbol) [0xb6cda2]
	undetected_chromedriver!GetHandleVerifier [0x118447f+3f512f]
	KERNEL32!BaseThreadInitThunk [0x75b87ba9+19]
	ntdll!RtlInitializeExceptionChain [0x7703c0cb+6b]
	ntdll!RtlClearBits [0x7703c04f+bf]

2026-06-12 01:32:27,359 [WARNING] Navigation error https://www.naukri.com/job-listings-national-consultant-cst-naco-national-institute-for-smart-government-nisg-new-delhi-7-to-12-years-090626010030: Message: invalid session id
Stacktrace:
	undetected_chromedriver!GetHandleVerifier [0xd9fa13+106c3]
	undetected_chromedriver!GetHandleVerifier [0xd9fa54+10704]
	undetected_chromedriver!(No symbol) [0xb9a66e]
	undetected_chromedriver!(No symbol) [0xbd8515]
	undetected_chromedriver!(No symbol) [0xc06146]
	undetected_chromedriver!(No symbol) [0xc012a2]
	undetected_chromedriver!(No symbol) [0xc00c81]
	undetected_chromedriver!(No symbol) [0xb6dbce]
	undetected_chromedriver!(No symbol) [0xb6e16e]
	undetected_chromedriver!(No symbol) [0xb6e64d]
	undetected_chromedriver!GetHandleVerifier [0x10244fa+2951aa]
	undetected_chromedriver!GetHandleVerifier [0x101fb56+290806]
	undetected_chromedriver!GetHandleVerifier [0x103ff8b+2b0c3b]
	undetected_chromedriver!GetHandleVerifier [0xdb9ed6+2ab86]
	undetected_chromedriver!GetHandleVerifier [0xdc124d+31efd]
	undetected_chromedriver!(No symbol) [0xb6d746]
	undetected_chromedriver!(No symbol) [0xb6cda2]
	undetected_chromedriver!GetHandleVerifier [0x118447f+3f512f]
	KERNEL32!BaseThreadInitThunk [0x75b87ba9+19]
	ntdll!RtlInitializeExceptionChain [0x7703c0cb+6b]
	ntdll!RtlClearBits [0x7703c04f+bf]

2026-06-12 01:32:27,359 [WARNING] Navigation error https://www.naukri.com/job-listings-consultant-cst-naco-national-institute-for-smart-government-nisg-new-delhi-5-to-10-years-090626022816: Message: invalid session id
Stacktrace:
	undetected_chromedriver!GetHandleVerifier [0xd9fa13+106c3]
	undetected_chromedriver!GetHandleVerifier [0xd9fa54+10704]
	undetected_chromedriver!(No symbol) [0xb9a66e]
	undetected_chromedriver!(No symbol) [0xbd8515]
	undetected_chromedriver!(No symbol) [0xc06146]
	undetected_chromedriver!(No symbol) [0xc012a2]
	undetected_chromedriver!(No symbol) [0xc00c81]
	undetected_chromedriver!(No symbol) [0xb6dbce]
	undetected_chromedriver!(No symbol) [0xb6e16e]
	undetected_chromedriver!(No symbol) [0xb6e64d]
	undetected_chromedriver!GetHandleVerifier [0x10244fa+2951aa]
	undetected_chromedriver!GetHandleVerifier [0x101fb56+290806]
	undetected_chromedriver!GetHandleVerifier [0x103ff8b+2b0c3b]
	undetected_chromedriver!GetHandleVerifier [0xdb9ed6+2ab86]
	undetected_chromedriver!GetHandleVerifier [0xdc124d+31efd]
	undetected_chromedriver!(No symbol) [0xb6d746]
	undetected_chromedriver!(No symbol) [0xb6cda2]
	undetected_chromedriver!GetHandleVerifier [0x118447f+3f512f]
	KERNEL32!BaseThreadInitThunk [0x75b87ba9+19]
	ntdll!RtlInitializeExceptionChain [0x7703c0cb+6b]
	ntdll!RtlClearBits [0x7703c04f+bf]

2026-06-12 01:32:27,359 [WARNING] Navigation error https://www.naukri.com/job-listings-consultant-iec-naco-national-institute-for-smart-government-nisg-new-delhi-5-to-10-years-090626033737: Message: invalid session id
Stacktrace:
	undetected_chromedriver!GetHandleVerifier [0xd9fa13+106c3]
	undetected_chromedriver!GetHandleVerifier [0xd9fa54+10704]
	undetected_chromedriver!(No symbol) [0xb9a66e]
	undetected_chromedriver!(No symbol) [0xbd8515]
	undetected_chromedriver!(No symbol) [0xc06146]
	undetected_chromedriver!(No symbol) [0xc012a2]
	undetected_chromedriver!(No symbol) [0xc00c81]
	undetected_chromedriver!(No symbol) [0xb6dbce]
	undetected_chromedriver!(No symbol) [0xb6e16e]
	undetected_chromedriver!(No symbol) [0xb6e64d]
	undetected_chromedriver!GetHandleVerifier [0x10244fa+2951aa]
	undetected_chromedriver!GetHandleVerifier [0x101fb56+290806]
	undetected_chromedriver!GetHandleVerifier [0x103ff8b+2b0c3b]
	undetected_chromedriver!GetHandleVerifier [0xdb9ed6+2ab86]
	undetected_chromedriver!GetHandleVerifier [0xdc124d+31efd]
	undetected_chromedriver!(No symbol) [0xb6d746]
	undetected_chromedriver!(No symbol) [0xb6cda2]
	undetected_chromedriver!GetHandleVerifier [0x118447f+3f512f]
	KERNEL32!BaseThreadInitThunk [0x75b87ba9+19]
	ntdll!RtlInitializeExceptionChain [0x7703c0cb+6b]
	ntdll!RtlClearBits [0x7703c04f+bf]

2026-06-12 01:32:27,359 [WARNING] Navigation error https://www.naukri.com/job-listings-e-t-consultant-world-bank-chennai-7-to-12-years-050626502537: Message: invalid session id
Stacktrace:
	undetected_chromedriver!GetHandleVerifier [0xd9fa13+106c3]
	undetected_chromedriver!GetHandleVerifier [0xd9fa54+10704]
	undetected_chromedriver!(No symbol) [0xb9a66e]
	undetected_chromedriver!(No symbol) [0xbd8515]
	undetected_chromedriver!(No symbol) [0xc06146]
	undetected_chromedriver!(No symbol) [0xc012a2]
	undetected_chromedriver!(No symbol) [0xc00c81]
	undetected_chromedriver!(No symbol) [0xb6dbce]
	undetected_chromedriver!(No symbol) [0xb6e16e]
	undetected_chromedriver!(No symbol) [0xb6e64d]
	undetected_chromedriver!GetHandleVerifier [0x10244fa+2951aa]
	undetected_chromedriver!GetHandleVerifier [0x101fb56+290806]
	undetected_chromedriver!GetHandleVerifier [0x103ff8b+2b0c3b]
	undetected_chromedriver!GetHandleVerifier [0xdb9ed6+2ab86]
	undetected_chromedriver!GetHandleVerifier [0xdc124d+31efd]
	undetected_chromedriver!(No symbol) [0xb6d746]
	undetected_chromedriver!(No symbol) [0xb6cda2]
	undetected_chromedriver!GetHandleVerifier [0x118447f+3f512f]
	KERNEL32!BaseThreadInitThunk [0x75b87ba9+19]
	ntdll!RtlInitializeExceptionChain [0x7703c0cb+6b]
	ntdll!RtlClearBits [0x7703c04f+bf]

2026-06-12 01:32:27,359 [WARNING] Navigation error https://www.naukri.com/job-listings-opentext-xpression-consultant-cgi-hyderabad-bengaluru-8-to-12-years-090626019060: Message: invalid session id
Stacktrace:
	undetected_chromedriver!GetHandleVerifier [0xd9fa13+106c3]
	undetected_chromedriver!GetHandleVerifier [0xd9fa54+10704]
	undetected_chromedriver!(No symbol) [0xb9a66e]
	undetected_chromedriver!(No symbol) [0xbd8515]
	undetected_chromedriver!(No symbol) [0xc06146]
	undetected_chromedriver!(No symbol) [0xc012a2]
	undetected_chromedriver!(No symbol) [0xc00c81]
	undetected_chromedriver!(No symbol) [0xb6dbce]
	undetected_chromedriver!(No symbol) [0xb6e16e]
	undetected_chromedriver!(No symbol) [0xb6e64d]
	undetected_chromedriver!GetHandleVerifier [0x10244fa+2951aa]
	undetected_chromedriver!GetHandleVerifier [0x101fb56+290806]
	undetected_chromedriver!GetHandleVerifier [0x103ff8b+2b0c3b]
	undetected_chromedriver!GetHandleVerifier [0xdb9ed6+2ab86]
	undetected_chromedriver!GetHandleVerifier [0xdc124d+31efd]
	undetected_chromedriver!(No symbol) [0xb6d746]
	undetected_chromedriver!(No symbol) [0xb6cda2]
	undetected_chromedriver!GetHandleVerifier [0x118447f+3f512f]
	KERNEL32!BaseThreadInitThunk [0x75b87ba9+19]
	ntdll!RtlInitializeExceptionChain [0x7703c0cb+6b]
	ntdll!RtlClearBits [0x7703c04f+bf]

2026-06-12 01:32:27,373 [WARNING] Navigation error https://www.naukri.com/job-listings-kinaxis-consultant-wipro-pune-chennai-bengaluru-9-to-14-years-310526002740: Message: invalid session id
Stacktrace:
	undetected_chromedriver!GetHandleVerifier [0xd9fa13+106c3]
	undetected_chromedriver!GetHandleVerifier [0xd9fa54+10704]
	undetected_chromedriver!(No symbol) [0xb9a66e]
	undetected_chromedriver!(No symbol) [0xbd8515]
	undetected_chromedriver!(No symbol) [0xc06146]
	undetected_chromedriver!(No symbol) [0xc012a2]
	undetected_chromedriver!(No symbol) [0xc00c81]
	undetected_chromedriver!(No symbol) [0xb6dbce]
	undetected_chromedriver!(No symbol) [0xb6e16e]
	undetected_chromedriver!(No symbol) [0xb6e64d]
	undetected_chromedriver!GetHandleVerifier [0x10244fa+2951aa]
	undetected_chromedriver!GetHandleVerifier [0x101fb56+290806]
	undetected_chromedriver!GetHandleVerifier [0x103ff8b+2b0c3b]
	undetected_chromedriver!GetHandleVerifier [0xdb9ed6+2ab86]
	undetected_chromedriver!GetHandleVerifier [0xdc124d+31efd]
	undetected_chromedriver!(No symbol) [0xb6d746]
	undetected_chromedriver!(No symbol) [0xb6cda2]
	undetected_chromedriver!GetHandleVerifier [0x118447f+3f512f]
	KERNEL32!BaseThreadInitThunk [0x75b87ba9+19]
	ntdll!RtlInitializeExceptionChain [0x7703c0cb+6b]
	ntdll!RtlClearBits [0x7703c04f+bf]

2026-06-12 01:32:27,373 [WARNING] Navigation error https://www.naukri.com/job-listings-up-skilling-consultant-sevenmentor-private-limited-pune-0-to-4-years-290526500746: Message: invalid session id
Stacktrace:
	undetected_chromedriver!GetHandleVerifier [0xd9fa13+106c3]
	undetected_chromedriver!GetHandleVerifier [0xd9fa54+10704]
	undetected_chromedriver!(No symbol) [0xb9a66e]
	undetected_chromedriver!(No symbol) [0xbd8515]
	undetected_chromedriver!(No symbol) [0xc06146]
	undetected_chromedriver!(No symbol) [0xc012a2]
	undetected_chromedriver!(No symbol) [0xc00c81]
	undetected_chromedriver!(No symbol) [0xb6dbce]
	undetected_chromedriver!(No symbol) [0xb6e16e]
	undetected_chromedriver!(No symbol) [0xb6e64d]
	undetected_chromedriver!GetHandleVerifier [0x10244fa+2951aa]
	undetected_chromedriver!GetHandleVerifier [0x101fb56+290806]
	undetected_chromedriver!GetHandleVerifier [0x103ff8b+2b0c3b]
	undetected_chromedriver!GetHandleVerifier [0xdb9ed6+2ab86]
	undetected_chromedriver!GetHandleVerifier [0xdc124d+31efd]
	undetected_chromedriver!(No symbol) [0xb6d746]
	undetected_chromedriver!(No symbol) [0xb6cda2]
	undetected_chromedriver!GetHandleVerifier [0x118447f+3f512f]
	KERNEL32!BaseThreadInitThunk [0x75b87ba9+19]
	ntdll!RtlInitializeExceptionChain [0x7703c0cb+6b]
	ntdll!RtlClearBits [0x7703c04f+bf]

2026-06-12 01:32:27,373 [WARNING] Navigation error https://www.naukri.com/job-listings-up-skilling-consultant-sevenmentor-private-limited-mumbai-0-to-4-years-280526504691: Message: invalid session id
Stacktrace:
	undetected_chromedriver!GetHandleVerifier [0xd9fa13+106c3]
	undetected_chromedriver!GetHandleVerifier [0xd9fa54+10704]
	undetected_chromedriver!(No symbol) [0xb9a66e]
	undetected_chromedriver!(No symbol) [0xbd8515]
	undetected_chromedriver!(No symbol) [0xc06146]
	undetected_chromedriver!(No symbol) [0xc012a2]
	undetected_chromedriver!(No symbol) [0xc00c81]
	undetected_chromedriver!(No symbol) [0xb6dbce]
	undetected_chromedriver!(No symbol) [0xb6e16e]
	undetected_chromedriver!(No symbol) [0xb6e64d]
	undetected_chromedriver!GetHandleVerifier [0x10244fa+2951aa]
	undetected_chromedriver!GetHandleVerifier [0x101fb56+290806]
	undetected_chromedriver!GetHandleVerifier [0x103ff8b+2b0c3b]
	undetected_chromedriver!GetHandleVerifier [0xdb9ed6+2ab86]
	undetected_chromedriver!GetHandleVerifier [0xdc124d+31efd]
	undetected_chromedriver!(No symbol) [0xb6d746]
	undetected_chromedriver!(No symbol) [0xb6cda2]
	undetected_chromedriver!GetHandleVerifier [0x118447f+3f512f]
	KERNEL32!BaseThreadInitThunk [0x75b87ba9+19]
	ntdll!RtlInitializeExceptionChain [0x7703c0cb+6b]
	ntdll!RtlClearBits [0x7703c04f+bf]

2026-06-12 01:32:27,373 [WARNING] Navigation error https://www.naukri.com/job-listings-tcs-hiring-sap-bods-consultant-tata-consultancy-services-hyderabad-chennai-bengaluru-5-to-10-years-010626011771: Message: invalid session id
Stacktrace:
	undetected_chromedriver!GetHandleVerifier [0xd9fa13+106c3]
	undetected_chromedriver!GetHandleVerifier [0xd9fa54+10704]
	undetected_chromedriver!(No symbol) [0xb9a66e]
	undetected_chromedriver!(No symbol) [0xbd8515]
	undetected_chromedriver!(No symbol) [0xc06146]
	undetected_chromedriver!(No symbol) [0xc012a2]
	undetected_chromedriver!(No symbol) [0xc00c81]
	undetected_chromedriver!(No symbol) [0xb6dbce]
	undetected_chromedriver!(No symbol) [0xb6e16e]
	undetected_chromedriver!(No symbol) [0xb6e64d]
	undetected_chromedriver!GetHandleVerifier [0x10244fa+2951aa]
	undetected_chromedriver!GetHandleVerifier [0x101fb56+290806]
	undetected_chromedriver!GetHandleVerifier [0x103ff8b+2b0c3b]
	undetected_chromedriver!GetHandleVerifier [0xdb9ed6+2ab86]
	undetected_chromedriver!GetHandleVerifier [0xdc124d+31efd]
	undetected_chromedriver!(No symbol) [0xb6d746]
	undetected_chromedriver!(No symbol) [0xb6cda2]
	undetected_chromedriver!GetHandleVerifier [0x118447f+3f512f]
	KERNEL32!BaseThreadInitThunk [0x75b87ba9+19]
	ntdll!RtlInitializeExceptionChain [0x7703c0cb+6b]
	ntdll!RtlClearBits [0x7703c04f+bf]

2026-06-12 01:32:27,373 [WARNING] Navigation error https://www.naukri.com/job-listings-clarizen-consultant-infosys-limited-hyderabad-5-to-7-years-080626933717: Message: invalid session id
Stacktrace:
	undetected_chromedriver!GetHandleVerifier [0xd9fa13+106c3]
	undetected_chromedriver!GetHandleVerifier [0xd9fa54+10704]
	undetected_chromedriver!(No symbol) [0xb9a66e]
	undetected_chromedriver!(No symbol) [0xbd8515]
	undetected_chromedriver!(No symbol) [0xc06146]
	undetected_chromedriver!(No symbol) [0xc012a2]
	undetected_chromedriver!(No symbol) [0xc00c81]
	undetected_chromedriver!(No symbol) [0xb6dbce]
	undetected_chromedriver!(No symbol) [0xb6e16e]
	undetected_chromedriver!(No symbol) [0xb6e64d]
	undetected_chromedriver!GetHandleVerifier [0x10244fa+2951aa]
	undetected_chromedriver!GetHandleVerifier [0x101fb56+290806]
	undetected_chromedriver!GetHandleVerifier [0x103ff8b+2b0c3b]
	undetected_chromedriver!GetHandleVerifier [0xdb9ed6+2ab86]
	undetected_chromedriver!GetHandleVerifier [0xdc124d+31efd]
	undetected_chromedriver!(No symbol) [0xb6d746]
	undetected_chromedriver!(No symbol) [0xb6cda2]
	undetected_chromedriver!GetHandleVerifier [0x118447f+3f512f]
	KERNEL32!BaseThreadInitThunk [0x75b87ba9+19]
	ntdll!RtlInitializeExceptionChain [0x7703c0cb+6b]
	ntdll!RtlClearBits [0x7703c04f+bf]

2026-06-12 01:32:27,384 [WARNING] Navigation error https://www.naukri.com/job-listings-big-query-consultant-infosys-limited-hyderabad-5-to-9-years-080626933722: Message: invalid session id
Stacktrace:
	undetected_chromedriver!GetHandleVerifier [0xd9fa13+106c3]
	undetected_chromedriver!GetHandleVerifier [0xd9fa54+10704]
	undetected_chromedriver!(No symbol) [0xb9a66e]
	undetected_chromedriver!(No symbol) [0xbd8515]
	undetected_chromedriver!(No symbol) [0xc06146]
	undetected_chromedriver!(No symbol) [0xc012a2]
	undetected_chromedriver!(No symbol) [0xc00c81]
	undetected_chromedriver!(No symbol) [0xb6dbce]
	undetected_chromedriver!(No symbol) [0xb6e16e]
	undetected_chromedriver!(No symbol) [0xb6e64d]
	undetected_chromedriver!GetHandleVerifier [0x10244fa+2951aa]
	undetected_chromedriver!GetHandleVerifier [0x101fb56+290806]
	undetected_chromedriver!GetHandleVerifier [0x103ff8b+2b0c3b]
	undetected_chromedriver!GetHandleVerifier [0xdb9ed6+2ab86]
	undetected_chromedriver!GetHandleVerifier [0xdc124d+31efd]
	undetected_chromedriver!(No symbol) [0xb6d746]
	undetected_chromedriver!(No symbol) [0xb6cda2]
	undetected_chromedriver!GetHandleVerifier [0x118447f+3f512f]
	KERNEL32!BaseThreadInitThunk [0x75b87ba9+19]
	ntdll!RtlInitializeExceptionChain [0x7703c0cb+6b]
	ntdll!RtlClearBits [0x7703c04f+bf]

2026-06-12 01:32:27,384 [WARNING] Navigation error https://www.naukri.com/job-listings-big-query-consultant-infosys-limited-hyderabad-9-to-11-years-080626933706: Message: invalid session id
Stacktrace:
	undetected_chromedriver!GetHandleVerifier [0xd9fa13+106c3]
	undetected_chromedriver!GetHandleVerifier [0xd9fa54+10704]
	undetected_chromedriver!(No symbol) [0xb9a66e]
	undetected_chromedriver!(No symbol) [0xbd8515]
	undetected_chromedriver!(No symbol) [0xc06146]
	undetected_chromedriver!(No symbol) [0xc012a2]
	undetected_chromedriver!(No symbol) [0xc00c81]
	undetected_chromedriver!(No symbol) [0xb6dbce]
	undetected_chromedriver!(No symbol) [0xb6e16e]
	undetected_chromedriver!(No symbol) [0xb6e64d]
	undetected_chromedriver!GetHandleVerifier [0x10244fa+2951aa]
	undetected_chromedriver!GetHandleVerifier [0x101fb56+290806]
	undetected_chromedriver!GetHandleVerifier [0x103ff8b+2b0c3b]
	undetected_chromedriver!GetHandleVerifier [0xdb9ed6+2ab86]
	undetected_chromedriver!GetHandleVerifier [0xdc124d+31efd]
	undetected_chromedriver!(No symbol) [0xb6d746]
	undetected_chromedriver!(No symbol) [0xb6cda2]
	undetected_chromedriver!GetHandleVerifier [0x118447f+3f512f]
	KERNEL32!BaseThreadInitThunk [0x75b87ba9+19]
	ntdll!RtlInitializeExceptionChain [0x7703c0cb+6b]
	ntdll!RtlClearBits [0x7703c04f+bf]

2026-06-12 01:32:27,388 [WARNING] Navigation error https://www.naukri.com/job-listings-infor-m3-consultant-infosys-limited-bengaluru-5-to-10-years-080626933619: Message: invalid session id
Stacktrace:
	undetected_chromedriver!GetHandleVerifier [0xd9fa13+106c3]
	undetected_chromedriver!GetHandleVerifier [0xd9fa54+10704]
	undetected_chromedriver!(No symbol) [0xb9a66e]
	undetected_chromedriver!(No symbol) [0xbd8515]
	undetected_chromedriver!(No symbol) [0xc06146]
	undetected_chromedriver!(No symbol) [0xc012a2]
	undetected_chromedriver!(No symbol) [0xc00c81]
	undetected_chromedriver!(No symbol) [0xb6dbce]
	undetected_chromedriver!(No symbol) [0xb6e16e]
	undetected_chromedriver!(No symbol) [0xb6e64d]
	undetected_chromedriver!GetHandleVerifier [0x10244fa+2951aa]
	undetected_chromedriver!GetHandleVerifier [0x101fb56+290806]
	undetected_chromedriver!GetHandleVerifier [0x103ff8b+2b0c3b]
	undetected_chromedriver!GetHandleVerifier [0xdb9ed6+2ab86]
	undetected_chromedriver!GetHandleVerifier [0xdc124d+31efd]
	undetected_chromedriver!(No symbol) [0xb6d746]
	undetected_chromedriver!(No symbol) [0xb6cda2]
	undetected_chromedriver!GetHandleVerifier [0x118447f+3f512f]
	KERNEL32!BaseThreadInitThunk [0x75b87ba9+19]
	ntdll!RtlInitializeExceptionChain [0x7703c0cb+6b]
	ntdll!RtlClearBits [0x7703c04f+bf]

2026-06-12 01:32:27,388 [WARNING] Navigation error https://www.naukri.com/job-listings-react-js-consultant-infosys-limited-pune-5-to-9-years-080626933756: Message: invalid session id
Stacktrace:
	undetected_chromedriver!GetHandleVerifier [0xd9fa13+106c3]
	undetected_chromedriver!GetHandleVerifier [0xd9fa54+10704]
	undetected_chromedriver!(No symbol) [0xb9a66e]
	undetected_chromedriver!(No symbol) [0xbd8515]
	undetected_chromedriver!(No symbol) [0xc06146]
	undetected_chromedriver!(No symbol) [0xc012a2]
	undetected_chromedriver!(No symbol) [0xc00c81]
	undetected_chromedriver!(No symbol) [0xb6dbce]
	undetected_chromedriver!(No symbol) [0xb6e16e]
	undetected_chromedriver!(No symbol) [0xb6e64d]
	undetected_chromedriver!GetHandleVerifier [0x10244fa+2951aa]
	undetected_chromedriver!GetHandleVerifier [0x101fb56+290806]
	undetected_chromedriver!GetHandleVerifier [0x103ff8b+2b0c3b]
	undetected_chromedriver!GetHandleVerifier [0xdb9ed6+2ab86]
	undetected_chromedriver!GetHandleVerifier [0xdc124d+31efd]
	undetected_chromedriver!(No symbol) [0xb6d746]
	undetected_chromedriver!(No symbol) [0xb6cda2]
	undetected_chromedriver!GetHandleVerifier [0x118447f+3f512f]
	KERNEL32!BaseThreadInitThunk [0x75b87ba9+19]
	ntdll!RtlInitializeExceptionChain [0x7703c0cb+6b]
	ntdll!RtlClearBits [0x7703c04f+bf]

2026-06-12 01:32:27,388 [WARNING] Navigation error https://www.naukri.com/job-listings-react-js-consultant-infosys-limited-hyderabad-5-to-9-years-080626933760: Message: invalid session id
Stacktrace:
	undetected_chromedriver!GetHandleVerifier [0xd9fa13+106c3]
	undetected_chromedriver!GetHandleVerifier [0xd9fa54+10704]
	undetected_chromedriver!(No symbol) [0xb9a66e]
	undetected_chromedriver!(No symbol) [0xbd8515]
	undetected_chromedriver!(No symbol) [0xc06146]
	undetected_chromedriver!(No symbol) [0xc012a2]
	undetected_chromedriver!(No symbol) [0xc00c81]
	undetected_chromedriver!(No symbol) [0xb6dbce]
	undetected_chromedriver!(No symbol) [0xb6e16e]
	undetected_chromedriver!(No symbol) [0xb6e64d]
	undetected_chromedriver!GetHandleVerifier [0x10244fa+2951aa]
	undetected_chromedriver!GetHandleVerifier [0x101fb56+290806]
	undetected_chromedriver!GetHandleVerifier [0x103ff8b+2b0c3b]
	undetected_chromedriver!GetHandleVerifier [0xdb9ed6+2ab86]
	undetected_chromedriver!GetHandleVerifier [0xdc124d+31efd]
	undetected_chromedriver!(No symbol) [0xb6d746]
	undetected_chromedriver!(No symbol) [0xb6cda2]
	undetected_chromedriver!GetHandleVerifier [0x118447f+3f512f]
	KERNEL32!BaseThreadInitThunk [0x75b87ba9+19]
	ntdll!RtlInitializeExceptionChain [0x7703c0cb+6b]
	ntdll!RtlClearBits [0x7703c04f+bf]

2026-06-12 01:32:27,388 [WARNING] Navigation error https://www.naukri.com/job-listings-epbcs-consultant-alphacom-systems-and-solutions-chennai-bengaluru-mumbai-all-areas-5-to-10-years-230226025355: Message: invalid session id
Stacktrace:
	undetected_chromedriver!GetHandleVerifier [0xd9fa13+106c3]
	undetected_chromedriver!GetHandleVerifier [0xd9fa54+10704]
	undetected_chromedriver!(No symbol) [0xb9a66e]
	undetected_chromedriver!(No symbol) [0xbd8515]
	undetected_chromedriver!(No symbol) [0xc06146]
	undetected_chromedriver!(No symbol) [0xc012a2]
	undetected_chromedriver!(No symbol) [0xc00c81]
	undetected_chromedriver!(No symbol) [0xb6dbce]
	undetected_chromedriver!(No symbol) [0xb6e16e]
	undetected_chromedriver!(No symbol) [0xb6e64d]
	undetected_chromedriver!GetHandleVerifier [0x10244fa+2951aa]
	undetected_chromedriver!GetHandleVerifier [0x101fb56+290806]
	undetected_chromedriver!GetHandleVerifier [0x103ff8b+2b0c3b]
	undetected_chromedriver!GetHandleVerifier [0xdb9ed6+2ab86]
	undetected_chromedriver!GetHandleVerifier [0xdc124d+31efd]
	undetected_chromedriver!(No symbol) [0xb6d746]
	undetected_chromedriver!(No symbol) [0xb6cda2]
	undetected_chromedriver!GetHandleVerifier [0x118447f+3f512f]
	KERNEL32!BaseThreadInitThunk [0x75b87ba9+19]
	ntdll!RtlInitializeExceptionChain [0x7703c0cb+6b]
	ntdll!RtlClearBits [0x7703c04f+bf]

2026-06-12 01:32:27,388 [WARNING] Navigation error https://www.naukri.com/job-listings-consultant-indiranagar-berkowits-hair-skin-clinic-bengaluru-1-to-4-years-090626028491: Message: invalid session id
Stacktrace:
	undetected_chromedriver!GetHandleVerifier [0xd9fa13+106c3]
	undetected_chromedriver!GetHandleVerifier [0xd9fa54+10704]
	undetected_chromedriver!(No symbol) [0xb9a66e]
	undetected_chromedriver!(No symbol) [0xbd8515]
	undetected_chromedriver!(No symbol) [0xc06146]
	undetected_chromedriver!(No symbol) [0xc012a2]
	undetected_chromedriver!(No symbol) [0xc00c81]
	undetected_chromedriver!(No symbol) [0xb6dbce]
	undetected_chromedriver!(No symbol) [0xb6e16e]
	undetected_chromedriver!(No symbol) [0xb6e64d]
	undetected_chromedriver!GetHandleVerifier [0x10244fa+2951aa]
	undetected_chromedriver!GetHandleVerifier [0x101fb56+290806]
	undetected_chromedriver!GetHandleVerifier [0x103ff8b+2b0c3b]
	undetected_chromedriver!GetHandleVerifier [0xdb9ed6+2ab86]
	undetected_chromedriver!GetHandleVerifier [0xdc124d+31efd]
	undetected_chromedriver!(No symbol) [0xb6d746]
	undetected_chromedriver!(No symbol) [0xb6cda2]
	undetected_chromedriver!GetHandleVerifier [0x118447f+3f512f]
	KERNEL32!BaseThreadInitThunk [0x75b87ba9+19]
	ntdll!RtlInitializeExceptionChain [0x7703c0cb+6b]
	ntdll!RtlClearBits [0x7703c04f+bf]

2026-06-12 01:32:27,388 [WARNING] Navigation error https://www.naukri.com/job-listings-react-node-consultant-infosys-limited-bengaluru-5-to-9-years-080626933755: Message: invalid session id
Stacktrace:
	undetected_chromedriver!GetHandleVerifier [0xd9fa13+106c3]
	undetected_chromedriver!GetHandleVerifier [0xd9fa54+10704]
	undetected_chromedriver!(No symbol) [0xb9a66e]
	undetected_chromedriver!(No symbol) [0xbd8515]
	undetected_chromedriver!(No symbol) [0xc06146]
	undetected_chromedriver!(No symbol) [0xc012a2]
	undetected_chromedriver!(No symbol) [0xc00c81]
	undetected_chromedriver!(No symbol) [0xb6dbce]
	undetected_chromedriver!(No symbol) [0xb6e16e]
	undetected_chromedriver!(No symbol) [0xb6e64d]
	undetected_chromedriver!GetHandleVerifier [0x10244fa+2951aa]
	undetected_chromedriver!GetHandleVerifier [0x101fb56+290806]
	undetected_chromedriver!GetHandleVerifier [0x103ff8b+2b0c3b]
	undetected_chromedriver!GetHandleVerifier [0xdb9ed6+2ab86]
	undetected_chromedriver!GetHandleVerifier [0xdc124d+31efd]
	undetected_chromedriver!(No symbol) [0xb6d746]
	undetected_chromedriver!(No symbol) [0xb6cda2]
	undetected_chromedriver!GetHandleVerifier [0x118447f+3f512f]
	KERNEL32!BaseThreadInitThunk [0x75b87ba9+19]
	ntdll!RtlInitializeExceptionChain [0x7703c0cb+6b]
	ntdll!RtlClearBits [0x7703c04f+bf]

2026-06-12 01:32:27,388 [WARNING] Navigation error https://www.naukri.com/job-listings-consultant-surgial-oncology-era-university-lucknow-0-to-5-years-130326018100: Message: invalid session id
Stacktrace:
	undetected_chromedriver!GetHandleVerifier [0xd9fa13+106c3]
	undetected_chromedriver!GetHandleVerifier [0xd9fa54+10704]
	undetected_chromedriver!(No symbol) [0xb9a66e]
	undetected_chromedriver!(No symbol) [0xbd8515]
	undetected_chromedriver!(No symbol) [0xc06146]
	undetected_chromedriver!(No symbol) [0xc012a2]
	undetected_chromedriver!(No symbol) [0xc00c81]
	undetected_chromedriver!(No symbol) [0xb6dbce]
	undetected_chromedriver!(No symbol) [0xb6e16e]
	undetected_chromedriver!(No symbol) [0xb6e64d]
	undetected_chromedriver!GetHandleVerifier [0x10244fa+2951aa]
	undetected_chromedriver!GetHandleVerifier [0x101fb56+290806]
	undetected_chromedriver!GetHandleVerifier [0x103ff8b+2b0c3b]
	undetected_chromedriver!GetHandleVerifier [0xdb9ed6+2ab86]
	undetected_chromedriver!GetHandleVerifier [0xdc124d+31efd]
	undetected_chromedriver!(No symbol) [0xb6d746]
	undetected_chromedriver!(No symbol) [0xb6cda2]
	undetected_chromedriver!GetHandleVerifier [0x118447f+3f512f]
	KERNEL32!BaseThreadInitThunk [0x75b87ba9+19]
	ntdll!RtlInitializeExceptionChain [0x7703c0cb+6b]
	ntdll!RtlClearBits [0x7703c04f+bf]

2026-06-12 01:32:27,404 [WARNING] Navigation error https://www.naukri.com/job-listings-acn-gn-t-o-hrt-consultant-accenture-solutions-pvt-ltd-gurugram-3-to-5-years-080626917040: Message: invalid session id
Stacktrace:
	undetected_chromedriver!GetHandleVerifier [0xd9fa13+106c3]
	undetected_chromedriver!GetHandleVerifier [0xd9fa54+10704]
	undetected_chromedriver!(No symbol) [0xb9a66e]
	undetected_chromedriver!(No symbol) [0xbd8515]
	undetected_chromedriver!(No symbol) [0xc06146]
	undetected_chromedriver!(No symbol) [0xc012a2]
	undetected_chromedriver!(No symbol) [0xc00c81]
	undetected_chromedriver!(No symbol) [0xb6dbce]
	undetected_chromedriver!(No symbol) [0xb6e16e]
	undetected_chromedriver!(No symbol) [0xb6e64d]
	undetected_chromedriver!GetHandleVerifier [0x10244fa+2951aa]
	undetected_chromedriver!GetHandleVerifier [0x101fb56+290806]
	undetected_chromedriver!GetHandleVerifier [0x103ff8b+2b0c3b]
	undetected_chromedriver!GetHandleVerifier [0xdb9ed6+2ab86]
	undetected_chromedriver!GetHandleVerifier [0xdc124d+31efd]
	undetected_chromedriver!(No symbol) [0xb6d746]
	undetected_chromedriver!(No symbol) [0xb6cda2]
	undetected_chromedriver!GetHandleVerifier [0x118447f+3f512f]
	KERNEL32!BaseThreadInitThunk [0x75b87ba9+19]
	ntdll!RtlInitializeExceptionChain [0x7703c0cb+6b]
	ntdll!RtlClearBits [0x7703c04f+bf]

2026-06-12 01:32:27,404 [WARNING] Navigation error https://www.naukri.com/job-listings-order-to-cash-o2c-collections-consultant-ar-collections-chennai-forefront-inc-chennai-3-to-7-years-290526013263: Message: invalid session id
Stacktrace:
	undetected_chromedriver!GetHandleVerifier [0xd9fa13+106c3]
	undetected_chromedriver!GetHandleVerifier [0xd9fa54+10704]
	undetected_chromedriver!(No symbol) [0xb9a66e]
	undetected_chromedriver!(No symbol) [0xbd8515]
	undetected_chromedriver!(No symbol) [0xc06146]
	undetected_chromedriver!(No symbol) [0xc012a2]
	undetected_chromedriver!(No symbol) [0xc00c81]
	undetected_chromedriver!(No symbol) [0xb6dbce]
	undetected_chromedriver!(No symbol) [0xb6e16e]
	undetected_chromedriver!(No symbol) [0xb6e64d]
	undetected_chromedriver!GetHandleVerifier [0x10244fa+2951aa]
	undetected_chromedriver!GetHandleVerifier [0x101fb56+290806]
	undetected_chromedriver!GetHandleVerifier [0x103ff8b+2b0c3b]
	undetected_chromedriver!GetHandleVerifier [0xdb9ed6+2ab86]
	undetected_chromedriver!GetHandleVerifier [0xdc124d+31efd]
	undetected_chromedriver!(No symbol) [0xb6d746]
	undetected_chromedriver!(No symbol) [0xb6cda2]
	undetected_chromedriver!GetHandleVerifier [0x118447f+3f512f]
	KERNEL32!BaseThreadInitThunk [0x75b87ba9+19]
	ntdll!RtlInitializeExceptionChain [0x7703c0cb+6b]
	ntdll!RtlClearBits [0x7703c04f+bf]

2026-06-12 01:32:27,409 [WARNING] Navigation error https://www.naukri.com/job-listings-radiologist-consultant-registrar-apollo-hospitals-bengaluru-1-to-6-years-090626015125: Message: invalid session id
Stacktrace:
	undetected_chromedriver!GetHandleVerifier [0xd9fa13+106c3]
	undetected_chromedriver!GetHandleVerifier [0xd9fa54+10704]
	undetected_chromedriver!(No symbol) [0xb9a66e]
	undetected_chromedriver!(No symbol) [0xbd8515]
	undetected_chromedriver!(No symbol) [0xc06146]
	undetected_chromedriver!(No symbol) [0xc012a2]
	undetected_chromedriver!(No symbol) [0xc00c81]
	undetected_chromedriver!(No symbol) [0xb6dbce]
	undetected_chromedriver!(No symbol) [0xb6e16e]
	undetected_chromedriver!(No symbol) [0xb6e64d]
	undetected_chromedriver!GetHandleVerifier [0x10244fa+2951aa]
	undetected_chromedriver!GetHandleVerifier [0x101fb56+290806]
	undetected_chromedriver!GetHandleVerifier [0x103ff8b+2b0c3b]
	undetected_chromedriver!GetHandleVerifier [0xdb9ed6+2ab86]
	undetected_chromedriver!GetHandleVerifier [0xdc124d+31efd]
	undetected_chromedriver!(No symbol) [0xb6d746]
	undetected_chromedriver!(No symbol) [0xb6cda2]
	undetected_chromedriver!GetHandleVerifier [0x118447f+3f512f]
	KERNEL32!BaseThreadInitThunk [0x75b87ba9+19]
	ntdll!RtlInitializeExceptionChain [0x7703c0cb+6b]
	ntdll!RtlClearBits [0x7703c04f+bf]

2026-06-12 01:32:27,409 [WARNING] Navigation error https://www.naukri.com/job-listings-react-node-consultant-infosys-limited-hyderabad-5-to-9-years-080626933761: Message: invalid session id
Stacktrace:
	undetected_chromedriver!GetHandleVerifier [0xd9fa13+106c3]
	undetected_chromedriver!GetHandleVerifier [0xd9fa54+10704]
	undetected_chromedriver!(No symbol) [0xb9a66e]
	undetected_chromedriver!(No symbol) [0xbd8515]
	undetected_chromedriver!(No symbol) [0xc06146]
	undetected_chromedriver!(No symbol) [0xc012a2]
	undetected_chromedriver!(No symbol) [0xc00c81]
	undetected_chromedriver!(No symbol) [0xb6dbce]
	undetected_chromedriver!(No symbol) [0xb6e16e]
	undetected_chromedriver!(No symbol) [0xb6e64d]
	undetected_chromedriver!GetHandleVerifier [0x10244fa+2951aa]
	undetected_chromedriver!GetHandleVerifier [0x101fb56+290806]
	undetected_chromedriver!GetHandleVerifier [0x103ff8b+2b0c3b]
	undetected_chromedriver!GetHandleVerifier [0xdb9ed6+2ab86]
	undetected_chromedriver!GetHandleVerifier [0xdc124d+31efd]
	undetected_chromedriver!(No symbol) [0xb6d746]
	undetected_chromedriver!(No symbol) [0xb6cda2]
	undetected_chromedriver!GetHandleVerifier [0x118447f+3f512f]
	KERNEL32!BaseThreadInitThunk [0x75b87ba9+19]
	ntdll!RtlInitializeExceptionChain [0x7703c0cb+6b]
	ntdll!RtlClearBits [0x7703c04f+bf]

2026-06-12 01:32:27,409 [WARNING] Navigation error https://www.naukri.com/job-listings-consultant-neuroanaesthesia-neuro-anaesthetist-alchemist-group-of-hospitals-panchkula-0-to-5-years-030626010645: Message: invalid session id
Stacktrace:
	undetected_chromedriver!GetHandleVerifier [0xd9fa13+106c3]
	undetected_chromedriver!GetHandleVerifier [0xd9fa54+10704]
	undetected_chromedriver!(No symbol) [0xb9a66e]
	undetected_chromedriver!(No symbol) [0xbd8515]
	undetected_chromedriver!(No symbol) [0xc06146]
	undetected_chromedriver!(No symbol) [0xc012a2]
	undetected_chromedriver!(No symbol) [0xc00c81]
	undetected_chromedriver!(No symbol) [0xb6dbce]
	undetected_chromedriver!(No symbol) [0xb6e16e]
	undetected_chromedriver!(No symbol) [0xb6e64d]
	undetected_chromedriver!GetHandleVerifier [0x10244fa+2951aa]
	undetected_chromedriver!GetHandleVerifier [0x101fb56+290806]
	undetected_chromedriver!GetHandleVerifier [0x103ff8b+2b0c3b]
	undetected_chromedriver!GetHandleVerifier [0xdb9ed6+2ab86]
	undetected_chromedriver!GetHandleVerifier [0xdc124d+31efd]
	undetected_chromedriver!(No symbol) [0xb6d746]
	undetected_chromedriver!(No symbol) [0xb6cda2]
	undetected_chromedriver!GetHandleVerifier [0x118447f+3f512f]
	KERNEL32!BaseThreadInitThunk [0x75b87ba9+19]
	ntdll!RtlInitializeExceptionChain [0x7703c0cb+6b]
	ntdll!RtlClearBits [0x7703c04f+bf]

2026-06-12 01:32:27,409 [WARNING] Navigation error https://www.naukri.com/job-listings-consultant-micu-aster-dm-healthcare-limited-calicut-0-to-3-years-010626922528: Message: invalid session id
Stacktrace:
	undetected_chromedriver!GetHandleVerifier [0xd9fa13+106c3]
	undetected_chromedriver!GetHandleVerifier [0xd9fa54+10704]
	undetected_chromedriver!(No symbol) [0xb9a66e]
	undetected_chromedriver!(No symbol) [0xbd8515]
	undetected_chromedriver!(No symbol) [0xc06146]
	undetected_chromedriver!(No symbol) [0xc012a2]
	undetected_chromedriver!(No symbol) [0xc00c81]
	undetected_chromedriver!(No symbol) [0xb6dbce]
	undetected_chromedriver!(No symbol) [0xb6e16e]
	undetected_chromedriver!(No symbol) [0xb6e64d]
	undetected_chromedriver!GetHandleVerifier [0x10244fa+2951aa]
	undetected_chromedriver!GetHandleVerifier [0x101fb56+290806]
	undetected_chromedriver!GetHandleVerifier [0x103ff8b+2b0c3b]
	undetected_chromedriver!GetHandleVerifier [0xdb9ed6+2ab86]
	undetected_chromedriver!GetHandleVerifier [0xdc124d+31efd]
	undetected_chromedriver!(No symbol) [0xb6d746]
	undetected_chromedriver!(No symbol) [0xb6cda2]
	undetected_chromedriver!GetHandleVerifier [0x118447f+3f512f]
	KERNEL32!BaseThreadInitThunk [0x75b87ba9+19]
	ntdll!RtlInitializeExceptionChain [0x7703c0cb+6b]
	ntdll!RtlClearBits [0x7703c04f+bf]

2026-06-12 01:32:27,409 [WARNING] Navigation error https://www.naukri.com/job-listings-consultant-radiologist-and-cardiologist-diagnopein-diagnostics-karad-pune-sangli-0-to-5-years-270526022049: Message: invalid session id
Stacktrace:
	undetected_chromedriver!GetHandleVerifier [0xd9fa13+106c3]
	undetected_chromedriver!GetHandleVerifier [0xd9fa54+10704]
	undetected_chromedriver!(No symbol) [0xb9a66e]
	undetected_chromedriver!(No symbol) [0xbd8515]
	undetected_chromedriver!(No symbol) [0xc06146]
	undetected_chromedriver!(No symbol) [0xc012a2]
	undetected_chromedriver!(No symbol) [0xc00c81]
	undetected_chromedriver!(No symbol) [0xb6dbce]
	undetected_chromedriver!(No symbol) [0xb6e16e]
	undetected_chromedriver!(No symbol) [0xb6e64d]
	undetected_chromedriver!GetHandleVerifier [0x10244fa+2951aa]
	undetected_chromedriver!GetHandleVerifier [0x101fb56+290806]
	undetected_chromedriver!GetHandleVerifier [0x103ff8b+2b0c3b]
	undetected_chromedriver!GetHandleVerifier [0xdb9ed6+2ab86]
	undetected_chromedriver!GetHandleVerifier [0xdc124d+31efd]
	undetected_chromedriver!(No symbol) [0xb6d746]
	undetected_chromedriver!(No symbol) [0xb6cda2]
	undetected_chromedriver!GetHandleVerifier [0x118447f+3f512f]
	KERNEL32!BaseThreadInitThunk [0x75b87ba9+19]
	ntdll!RtlInitializeExceptionChain [0x7703c0cb+6b]
	ntdll!RtlClearBits [0x7703c04f+bf]

2026-06-12 01:32:27,420 [WARNING] Navigation error https://www.naukri.com/job-listings-consultant-medicilxx-technology-pvt-ltd-moradabad-0-to-5-years-270526500017: Message: invalid session id
Stacktrace:
	undetected_chromedriver!GetHandleVerifier [0xd9fa13+106c3]
	undetected_chromedriver!GetHandleVerifier [0xd9fa54+10704]
	undetected_chromedriver!(No symbol) [0xb9a66e]
	undetected_chromedriver!(No symbol) [0xbd8515]
	undetected_chromedriver!(No symbol) [0xc06146]
	undetected_chromedriver!(No symbol) [0xc012a2]
	undetected_chromedriver!(No symbol) [0xc00c81]
	undetected_chromedriver!(No symbol) [0xb6dbce]
	undetected_chromedriver!(No symbol) [0xb6e16e]
	undetected_chromedriver!(No symbol) [0xb6e64d]
	undetected_chromedriver!GetHandleVerifier [0x10244fa+2951aa]
	undetected_chromedriver!GetHandleVerifier [0x101fb56+290806]
	undetected_chromedriver!GetHandleVerifier [0x103ff8b+2b0c3b]
	undetected_chromedriver!GetHandleVerifier [0xdb9ed6+2ab86]
	undetected_chromedriver!GetHandleVerifier [0xdc124d+31efd]
	undetected_chromedriver!(No symbol) [0xb6d746]
	undetected_chromedriver!(No symbol) [0xb6cda2]
	undetected_chromedriver!GetHandleVerifier [0x118447f+3f512f]
	KERNEL32!BaseThreadInitThunk [0x75b87ba9+19]
	ntdll!RtlInitializeExceptionChain [0x7703c0cb+6b]
	ntdll!RtlClearBits [0x7703c04f+bf]

2026-06-12 01:32:27,420 [WARNING] Navigation error https://www.naukri.com/job-listings-neonatology-consultant-surya-hospital-pune-0-to-5-years-020626007704: Message: invalid session id
Stacktrace:
	undetected_chromedriver!GetHandleVerifier [0xd9fa13+106c3]
	undetected_chromedriver!GetHandleVerifier [0xd9fa54+10704]
	undetected_chromedriver!(No symbol) [0xb9a66e]
	undetected_chromedriver!(No symbol) [0xbd8515]
	undetected_chromedriver!(No symbol) [0xc06146]
	undetected_chromedriver!(No symbol) [0xc012a2]
	undetected_chromedriver!(No symbol) [0xc00c81]
	undetected_chromedriver!(No symbol) [0xb6dbce]
	undetected_chromedriver!(No symbol) [0xb6e16e]
	undetected_chromedriver!(No symbol) [0xb6e64d]
	undetected_chromedriver!GetHandleVerifier [0x10244fa+2951aa]
	undetected_chromedriver!GetHandleVerifier [0x101fb56+290806]
	undetected_chromedriver!GetHandleVerifier [0x103ff8b+2b0c3b]
	undetected_chromedriver!GetHandleVerifier [0xdb9ed6+2ab86]
	undetected_chromedriver!GetHandleVerifier [0xdc124d+31efd]
	undetected_chromedriver!(No symbol) [0xb6d746]
	undetected_chromedriver!(No symbol) [0xb6cda2]
	undetected_chromedriver!GetHandleVerifier [0x118447f+3f512f]
	KERNEL32!BaseThreadInitThunk [0x75b87ba9+19]
	ntdll!RtlInitializeExceptionChain [0x7703c0cb+6b]
	ntdll!RtlClearBits [0x7703c04f+bf]

2026-06-12 01:32:27,420 [WARNING] Navigation error https://www.naukri.com/job-listings-consultant-roedl-india-private-limited-mumbai-0-to-3-years-280526022153: Message: invalid session id
Stacktrace:
	undetected_chromedriver!GetHandleVerifier [0xd9fa13+106c3]
	undetected_chromedriver!GetHandleVerifier [0xd9fa54+10704]
	undetected_chromedriver!(No symbol) [0xb9a66e]
	undetected_chromedriver!(No symbol) [0xbd8515]
	undetected_chromedriver!(No symbol) [0xc06146]
	undetected_chromedriver!(No symbol) [0xc012a2]
	undetected_chromedriver!(No symbol) [0xc00c81]
	undetected_chromedriver!(No symbol) [0xb6dbce]
	undetected_chromedriver!(No symbol) [0xb6e16e]
	undetected_chromedriver!(No symbol) [0xb6e64d]
	undetected_chromedriver!GetHandleVerifier [0x10244fa+2951aa]
	undetected_chromedriver!GetHandleVerifier [0x101fb56+290806]
	undetected_chromedriver!GetHandleVerifier [0x103ff8b+2b0c3b]
	undetected_chromedriver!GetHandleVerifier [0xdb9ed6+2ab86]
	undetected_chromedriver!GetHandleVerifier [0xdc124d+31efd]
	undetected_chromedriver!(No symbol) [0xb6d746]
	undetected_chromedriver!(No symbol) [0xb6cda2]
	undetected_chromedriver!GetHandleVerifier [0x118447f+3f512f]
	KERNEL32!BaseThreadInitThunk [0x75b87ba9+19]
	ntdll!RtlInitializeExceptionChain [0x7703c0cb+6b]
	ntdll!RtlClearBits [0x7703c04f+bf]

2026-06-12 01:32:28,973 [ERROR] Keyword 'Customer service': Traceback (most recent call last):
  File "C:\Users\bharath kumar\AppData\Local\Programs\Python\Python311\Lib\urllib\request.py", line 1348, in do_open
    h.request(req.get_method(), req.selector, req.data, headers,
  File "C:\Users\bharath kumar\AppData\Local\Programs\Python\Python311\Lib\http\client.py", line 1286, in request
    self._send_request(method, url, body, headers, encode_chunked)
  File "C:\Users\bharath kumar\AppData\Local\Programs\Python\Python311\Lib\http\client.py", line 1332, in _send_request
    self.endheaders(body, encode_chunked=encode_chunked)
  File "C:\Users\bharath kumar\AppData\Local\Programs\Python\Python311\Lib\http\client.py", line 1281, in endheaders
    self._send_output(message_body, encode_chunked=encode_chunked)
  File "C:\Users\bharath kumar\AppData\Local\Programs\Python\Python311\Lib\http\client.py", line 1041, in _send_output
    self.send(msg)
  File "C:\Users\bharath kumar\AppData\Local\Programs\Python\Python311\Lib\http\client.py", line 979, in send
    self.connect()
  File "C:\Users\bharath kumar\AppData\Local\Programs\Python\Python311\Lib\http\client.py", line 1451, in connect
    super().connect()
  File "C:\Users\bharath kumar\AppData\Local\Programs\Python\Python311\Lib\http\client.py", line 945, in connect
    self.sock = self._create_connection(
                ^^^^^^^^^^^^^^^^^^^^^^^^
  File "C:\Users\bharath kumar\AppData\Local\Programs\Python\Python311\Lib\socket.py", line 827, in create_connection
    for res in getaddrinfo(host, port, 0, SOCK_STREAM):
               ^^^^^^^^^^^^^^^^^^^^^^^^^^^^^^^^^^^^^^^
  File "C:\Users\bharath kumar\AppData\Local\Programs\Python\Python311\Lib\socket.py", line 962, in getaddrinfo
    for res in _socket.getaddrinfo(host, port, family, type, proto, flags):
               ^^^^^^^^^^^^^^^^^^^^^^^^^^^^^^^^^^^^^^^^^^^^^^^^^^^^^^^^^^^
socket.gaierror: [Errno 11001] getaddrinfo failed

During handling of the above exception, another exception occurred:

Traceback (most recent call last):
  File "C:\Users\bharath kumar\Desktop\Web Scraper for Nakuri\naukri_scraper.py", line 503, in process_keyword
    driver = make_driver()
             ^^^^^^^^^^^^^
  File "C:\Users\bharath kumar\Desktop\Web Scraper for Nakuri\naukri_scraper.py", line 145, in make_driver
    driver = uc.Chrome(options=options)   # no use_subprocess, no headless
             ^^^^^^^^^^^^^^^^^^^^^^^^^^
  File "C:\Users\bharath kumar\AppData\Local\Programs\Python\Python311\Lib\site-packages\undetected_chromedriver\__init__.py", line 258, in __init__
    self.patcher.auto()
  File "C:\Users\bharath kumar\AppData\Local\Programs\Python\Python311\Lib\site-packages\undetected_chromedriver\patcher.py", line 175, in auto
    release = self.fetch_release_number()
              ^^^^^^^^^^^^^^^^^^^^^^^^^^^
  File "C:\Users\bharath kumar\AppData\Local\Programs\Python\Python311\Lib\site-packages\undetected_chromedriver\patcher.py", line 250, in fetch_release_number
    with urlopen(self.url_repo + path) as conn:
         ^^^^^^^^^^^^^^^^^^^^^^^^^^^^^
  File "C:\Users\bharath kumar\AppData\Local\Programs\Python\Python311\Lib\urllib\request.py", line 216, in urlopen
    return opener.open(url, data, timeout)
           ^^^^^^^^^^^^^^^^^^^^^^^^^^^^^^^
  File "C:\Users\bharath kumar\AppData\Local\Programs\Python\Python311\Lib\urllib\request.py", line 519, in open
    response = self._open(req, data)
               ^^^^^^^^^^^^^^^^^^^^^
  File "C:\Users\bharath kumar\AppData\Local\Programs\Python\Python311\Lib\urllib\request.py", line 536, in _open
    result = self._call_chain(self.handle_open, protocol, protocol +
             ^^^^^^^^^^^^^^^^^^^^^^^^^^^^^^^^^^^^^^^^^^^^^^^^^^^^^^^
  File "C:\Users\bharath kumar\AppData\Local\Programs\Python\Python311\Lib\urllib\request.py", line 496, in _call_chain
    result = func(*args)
             ^^^^^^^^^^^
  File "C:\Users\bharath kumar\AppData\Local\Programs\Python\Python311\Lib\urllib\request.py", line 1391, in https_open
    return self.do_open(http.client.HTTPSConnection, req,
           ^^^^^^^^^^^^^^^^^^^^^^^^^^^^^^^^^^^^^^^^^^^^^^
  File "C:\Users\bharath kumar\AppData\Local\Programs\Python\Python311\Lib\urllib\request.py", line 1351, in do_open
    raise URLError(err)
urllib.error.URLError: <urlopen error [Errno 11001] getaddrinfo failed>

2026-06-12 01:32:28,987 [ERROR] Keyword 'Customer support': Traceback (most recent call last):
  File "C:\Users\bharath kumar\AppData\Local\Programs\Python\Python311\Lib\urllib\request.py", line 1348, in do_open
    h.request(req.get_method(), req.selector, req.data, headers,
  File "C:\Users\bharath kumar\AppData\Local\Programs\Python\Python311\Lib\http\client.py", line 1286, in request
    self._send_request(method, url, body, headers, encode_chunked)
  File "C:\Users\bharath kumar\AppData\Local\Programs\Python\Python311\Lib\http\client.py", line 1332, in _send_request
    self.endheaders(body, encode_chunked=encode_chunked)
  File "C:\Users\bharath kumar\AppData\Local\Programs\Python\Python311\Lib\http\client.py", line 1281, in endheaders
    self._send_output(message_body, encode_chunked=encode_chunked)
  File "C:\Users\bharath kumar\AppData\Local\Programs\Python\Python311\Lib\http\client.py", line 1041, in _send_output
    self.send(msg)
  File "C:\Users\bharath kumar\AppData\Local\Programs\Python\Python311\Lib\http\client.py", line 979, in send
    self.connect()
  File "C:\Users\bharath kumar\AppData\Local\Programs\Python\Python311\Lib\http\client.py", line 1451, in connect
    super().connect()
  File "C:\Users\bharath kumar\AppData\Local\Programs\Python\Python311\Lib\http\client.py", line 945, in connect
    self.sock = self._create_connection(
                ^^^^^^^^^^^^^^^^^^^^^^^^
  File "C:\Users\bharath kumar\AppData\Local\Programs\Python\Python311\Lib\socket.py", line 827, in create_connection
    for res in getaddrinfo(host, port, 0, SOCK_STREAM):
               ^^^^^^^^^^^^^^^^^^^^^^^^^^^^^^^^^^^^^^^
  File "C:\Users\bharath kumar\AppData\Local\Programs\Python\Python311\Lib\socket.py", line 962, in getaddrinfo
    for res in _socket.getaddrinfo(host, port, family, type, proto, flags):
               ^^^^^^^^^^^^^^^^^^^^^^^^^^^^^^^^^^^^^^^^^^^^^^^^^^^^^^^^^^^
socket.gaierror: [Errno 11001] getaddrinfo failed

During handling of the above exception, another exception occurred:

Traceback (most recent call last):
  File "C:\Users\bharath kumar\Desktop\Web Scraper for Nakuri\naukri_scraper.py", line 503, in process_keyword
    driver = make_driver()
             ^^^^^^^^^^^^^
  File "C:\Users\bharath kumar\Desktop\Web Scraper for Nakuri\naukri_scraper.py", line 145, in make_driver
    driver = uc.Chrome(options=options)   # no use_subprocess, no headless
             ^^^^^^^^^^^^^^^^^^^^^^^^^^
  File "C:\Users\bharath kumar\AppData\Local\Programs\Python\Python311\Lib\site-packages\undetected_chromedriver\__init__.py", line 258, in __init__
    self.patcher.auto()
  File "C:\Users\bharath kumar\AppData\Local\Programs\Python\Python311\Lib\site-packages\undetected_chromedriver\patcher.py", line 175, in auto
    release = self.fetch_release_number()
              ^^^^^^^^^^^^^^^^^^^^^^^^^^^
  File "C:\Users\bharath kumar\AppData\Local\Programs\Python\Python311\Lib\site-packages\undetected_chromedriver\patcher.py", line 250, in fetch_release_number
    with urlopen(self.url_repo + path) as conn:
         ^^^^^^^^^^^^^^^^^^^^^^^^^^^^^
  File "C:\Users\bharath kumar\AppData\Local\Programs\Python\Python311\Lib\urllib\request.py", line 216, in urlopen
    return opener.open(url, data, timeout)
           ^^^^^^^^^^^^^^^^^^^^^^^^^^^^^^^
  File "C:\Users\bharath kumar\AppData\Local\Programs\Python\Python311\Lib\urllib\request.py", line 519, in open
    response = self._open(req, data)
               ^^^^^^^^^^^^^^^^^^^^^
  File "C:\Users\bharath kumar\AppData\Local\Programs\Python\Python311\Lib\urllib\request.py", line 536, in _open
    result = self._call_chain(self.handle_open, protocol, protocol +
             ^^^^^^^^^^^^^^^^^^^^^^^^^^^^^^^^^^^^^^^^^^^^^^^^^^^^^^^
  File "C:\Users\bharath kumar\AppData\Local\Programs\Python\Python311\Lib\urllib\request.py", line 496, in _call_chain
    result = func(*args)
             ^^^^^^^^^^^
  File "C:\Users\bharath kumar\AppData\Local\Programs\Python\Python311\Lib\urllib\request.py", line 1391, in https_open
    return self.do_open(http.client.HTTPSConnection, req,
           ^^^^^^^^^^^^^^^^^^^^^^^^^^^^^^^^^^^^^^^^^^^^^^
  File "C:\Users\bharath kumar\AppData\Local\Programs\Python\Python311\Lib\urllib\request.py", line 1351, in do_open
    raise URLError(err)
urllib.error.URLError: <urlopen error [Errno 11001] getaddrinfo failed>

2026-06-12 01:32:29,000 [ERROR] Keyword 'Cybersecurity Analyst': Traceback (most recent call last):
  File "C:\Users\bharath kumar\AppData\Local\Programs\Python\Python311\Lib\urllib\request.py", line 1348, in do_open
    h.request(req.get_method(), req.selector, req.data, headers,
  File "C:\Users\bharath kumar\AppData\Local\Programs\Python\Python311\Lib\http\client.py", line 1286, in request
    self._send_request(method, url, body, headers, encode_chunked)
  File "C:\Users\bharath kumar\AppData\Local\Programs\Python\Python311\Lib\http\client.py", line 1332, in _send_request
    self.endheaders(body, encode_chunked=encode_chunked)
  File "C:\Users\bharath kumar\AppData\Local\Programs\Python\Python311\Lib\http\client.py", line 1281, in endheaders
    self._send_output(message_body, encode_chunked=encode_chunked)
  File "C:\Users\bharath kumar\AppData\Local\Programs\Python\Python311\Lib\http\client.py", line 1041, in _send_output
    self.send(msg)
  File "C:\Users\bharath kumar\AppData\Local\Programs\Python\Python311\Lib\http\client.py", line 979, in send
    self.connect()
  File "C:\Users\bharath kumar\AppData\Local\Programs\Python\Python311\Lib\http\client.py", line 1451, in connect
    super().connect()
  File "C:\Users\bharath kumar\AppData\Local\Programs\Python\Python311\Lib\http\client.py", line 945, in connect
    self.sock = self._create_connection(
                ^^^^^^^^^^^^^^^^^^^^^^^^
  File "C:\Users\bharath kumar\AppData\Local\Programs\Python\Python311\Lib\socket.py", line 827, in create_connection
    for res in getaddrinfo(host, port, 0, SOCK_STREAM):
               ^^^^^^^^^^^^^^^^^^^^^^^^^^^^^^^^^^^^^^^
  File "C:\Users\bharath kumar\AppData\Local\Programs\Python\Python311\Lib\socket.py", line 962, in getaddrinfo
    for res in _socket.getaddrinfo(host, port, family, type, proto, flags):
               ^^^^^^^^^^^^^^^^^^^^^^^^^^^^^^^^^^^^^^^^^^^^^^^^^^^^^^^^^^^
socket.gaierror: [Errno 11001] getaddrinfo failed

During handling of the above exception, another exception occurred:

Traceback (most recent call last):
  File "C:\Users\bharath kumar\Desktop\Web Scraper for Nakuri\naukri_scraper.py", line 503, in process_keyword
    driver = make_driver()
             ^^^^^^^^^^^^^
  File "C:\Users\bharath kumar\Desktop\Web Scraper for Nakuri\naukri_scraper.py", line 145, in make_driver
    driver = uc.Chrome(options=options)   # no use_subprocess, no headless
             ^^^^^^^^^^^^^^^^^^^^^^^^^^
  File "C:\Users\bharath kumar\AppData\Local\Programs\Python\Python311\Lib\site-packages\undetected_chromedriver\__init__.py", line 258, in __init__
    self.patcher.auto()
  File "C:\Users\bharath kumar\AppData\Local\Programs\Python\Python311\Lib\site-packages\undetected_chromedriver\patcher.py", line 175, in auto
    release = self.fetch_release_number()
              ^^^^^^^^^^^^^^^^^^^^^^^^^^^
  File "C:\Users\bharath kumar\AppData\Local\Programs\Python\Python311\Lib\site-packages\undetected_chromedriver\patcher.py", line 250, in fetch_release_number
    with urlopen(self.url_repo + path) as conn:
         ^^^^^^^^^^^^^^^^^^^^^^^^^^^^^
  File "C:\Users\bharath kumar\AppData\Local\Programs\Python\Python311\Lib\urllib\request.py", line 216, in urlopen
    return opener.open(url, data, timeout)
           ^^^^^^^^^^^^^^^^^^^^^^^^^^^^^^^
  File "C:\Users\bharath kumar\AppData\Local\Programs\Python\Python311\Lib\urllib\request.py", line 519, in open
    response = self._open(req, data)
               ^^^^^^^^^^^^^^^^^^^^^
  File "C:\Users\bharath kumar\AppData\Local\Programs\Python\Python311\Lib\urllib\request.py", line 536, in _open
    result = self._call_chain(self.handle_open, protocol, protocol +
             ^^^^^^^^^^^^^^^^^^^^^^^^^^^^^^^^^^^^^^^^^^^^^^^^^^^^^^^
  File "C:\Users\bharath kumar\AppData\Local\Programs\Python\Python311\Lib\urllib\request.py", line 496, in _call_chain
    result = func(*args)
             ^^^^^^^^^^^
  File "C:\Users\bharath kumar\AppData\Local\Programs\Python\Python311\Lib\urllib\request.py", line 1391, in https_open
    return self.do_open(http.client.HTTPSConnection, req,
           ^^^^^^^^^^^^^^^^^^^^^^^^^^^^^^^^^^^^^^^^^^^^^^
  File "C:\Users\bharath kumar\AppData\Local\Programs\Python\Python311\Lib\urllib\request.py", line 1351, in do_open
    raise URLError(err)
urllib.error.URLError: <urlopen error [Errno 11001] getaddrinfo failed>

2026-06-12 01:32:29,014 [ERROR] Keyword 'DBA': Traceback (most recent call last):
  File "C:\Users\bharath kumar\AppData\Local\Programs\Python\Python311\Lib\urllib\request.py", line 1348, in do_open
    h.request(req.get_method(), req.selector, req.data, headers,
  File "C:\Users\bharath kumar\AppData\Local\Programs\Python\Python311\Lib\http\client.py", line 1286, in request
    self._send_request(method, url, body, headers, encode_chunked)
  File "C:\Users\bharath kumar\AppData\Local\Programs\Python\Python311\Lib\http\client.py", line 1332, in _send_request
    self.endheaders(body, encode_chunked=encode_chunked)
  File "C:\Users\bharath kumar\AppData\Local\Programs\Python\Python311\Lib\http\client.py", line 1281, in endheaders
    self._send_output(message_body, encode_chunked=encode_chunked)
  File "C:\Users\bharath kumar\AppData\Local\Programs\Python\Python311\Lib\http\client.py", line 1041, in _send_output
    self.send(msg)
  File "C:\Users\bharath kumar\AppData\Local\Programs\Python\Python311\Lib\http\client.py", line 979, in send
    self.connect()
  File "C:\Users\bharath kumar\AppData\Local\Programs\Python\Python311\Lib\http\client.py", line 1451, in connect
    super().connect()
  File "C:\Users\bharath kumar\AppData\Local\Programs\Python\Python311\Lib\http\client.py", line 945, in connect
    self.sock = self._create_connection(
                ^^^^^^^^^^^^^^^^^^^^^^^^
  File "C:\Users\bharath kumar\AppData\Local\Programs\Python\Python311\Lib\socket.py", line 827, in create_connection
    for res in getaddrinfo(host, port, 0, SOCK_STREAM):
               ^^^^^^^^^^^^^^^^^^^^^^^^^^^^^^^^^^^^^^^
  File "C:\Users\bharath kumar\AppData\Local\Programs\Python\Python311\Lib\socket.py", line 962, in getaddrinfo
    for res in _socket.getaddrinfo(host, port, family, type, proto, flags):
               ^^^^^^^^^^^^^^^^^^^^^^^^^^^^^^^^^^^^^^^^^^^^^^^^^^^^^^^^^^^
socket.gaierror: [Errno 11001] getaddrinfo failed

During handling of the above exception, another exception occurred:

Traceback (most recent call last):
  File "C:\Users\bharath kumar\Desktop\Web Scraper for Nakuri\naukri_scraper.py", line 503, in process_keyword
    driver = make_driver()
             ^^^^^^^^^^^^^
  File "C:\Users\bharath kumar\Desktop\Web Scraper for Nakuri\naukri_scraper.py", line 145, in make_driver
    driver = uc.Chrome(options=options)   # no use_subprocess, no headless
             ^^^^^^^^^^^^^^^^^^^^^^^^^^
  File "C:\Users\bharath kumar\AppData\Local\Programs\Python\Python311\Lib\site-packages\undetected_chromedriver\__init__.py", line 258, in __init__
    self.patcher.auto()
  File "C:\Users\bharath kumar\AppData\Local\Programs\Python\Python311\Lib\site-packages\undetected_chromedriver\patcher.py", line 175, in auto
    release = self.fetch_release_number()
              ^^^^^^^^^^^^^^^^^^^^^^^^^^^
  File "C:\Users\bharath kumar\AppData\Local\Programs\Python\Python311\Lib\site-packages\undetected_chromedriver\patcher.py", line 250, in fetch_release_number
    with urlopen(self.url_repo + path) as conn:
         ^^^^^^^^^^^^^^^^^^^^^^^^^^^^^
  File "C:\Users\bharath kumar\AppData\Local\Programs\Python\Python311\Lib\urllib\request.py", line 216, in urlopen
    return opener.open(url, data, timeout)
           ^^^^^^^^^^^^^^^^^^^^^^^^^^^^^^^
  File "C:\Users\bharath kumar\AppData\Local\Programs\Python\Python311\Lib\urllib\request.py", line 519, in open
    response = self._open(req, data)
               ^^^^^^^^^^^^^^^^^^^^^
  File "C:\Users\bharath kumar\AppData\Local\Programs\Python\Python311\Lib\urllib\request.py", line 536, in _open
    result = self._call_chain(self.handle_open, protocol, protocol +
             ^^^^^^^^^^^^^^^^^^^^^^^^^^^^^^^^^^^^^^^^^^^^^^^^^^^^^^^
  File "C:\Users\bharath kumar\AppData\Local\Programs\Python\Python311\Lib\urllib\request.py", line 496, in _call_chain
    result = func(*args)
             ^^^^^^^^^^^
  File "C:\Users\bharath kumar\AppData\Local\Programs\Python\Python311\Lib\urllib\request.py", line 1391, in https_open
    return self.do_open(http.client.HTTPSConnection, req,
           ^^^^^^^^^^^^^^^^^^^^^^^^^^^^^^^^^^^^^^^^^^^^^^
  File "C:\Users\bharath kumar\AppData\Local\Programs\Python\Python311\Lib\urllib\request.py", line 1351, in do_open
    raise URLError(err)
urllib.error.URLError: <urlopen error [Errno 11001] getaddrinfo failed>

2026-06-12 01:32:29,028 [ERROR] Keyword 'Data Analyst': Traceback (most recent call last):
  File "C:\Users\bharath kumar\AppData\Local\Programs\Python\Python311\Lib\urllib\request.py", line 1348, in do_open
    h.request(req.get_method(), req.selector, req.data, headers,
  File "C:\Users\bharath kumar\AppData\Local\Programs\Python\Python311\Lib\http\client.py", line 1286, in request
    self._send_request(method, url, body, headers, encode_chunked)
  File "C:\Users\bharath kumar\AppData\Local\Programs\Python\Python311\Lib\http\client.py", line 1332, in _send_request
    self.endheaders(body, encode_chunked=encode_chunked)
  File "C:\Users\bharath kumar\AppData\Local\Programs\Python\Python311\Lib\http\client.py", line 1281, in endheaders
    self._send_output(message_body, encode_chunked=encode_chunked)
  File "C:\Users\bharath kumar\AppData\Local\Programs\Python\Python311\Lib\http\client.py", line 1041, in _send_output
    self.send(msg)
  File "C:\Users\bharath kumar\AppData\Local\Programs\Python\Python311\Lib\http\client.py", line 979, in send
    self.connect()
  File "C:\Users\bharath kumar\AppData\Local\Programs\Python\Python311\Lib\http\client.py", line 1451, in connect
    super().connect()
  File "C:\Users\bharath kumar\AppData\Local\Programs\Python\Python311\Lib\http\client.py", line 945, in connect
    self.sock = self._create_connection(
                ^^^^^^^^^^^^^^^^^^^^^^^^
  File "C:\Users\bharath kumar\AppData\Local\Programs\Python\Python311\Lib\socket.py", line 827, in create_connection
    for res in getaddrinfo(host, port, 0, SOCK_STREAM):
               ^^^^^^^^^^^^^^^^^^^^^^^^^^^^^^^^^^^^^^^
  File "C:\Users\bharath kumar\AppData\Local\Programs\Python\Python311\Lib\socket.py", line 962, in getaddrinfo
    for res in _socket.getaddrinfo(host, port, family, type, proto, flags):
               ^^^^^^^^^^^^^^^^^^^^^^^^^^^^^^^^^^^^^^^^^^^^^^^^^^^^^^^^^^^
socket.gaierror: [Errno 11001] getaddrinfo failed

During handling of the above exception, another exception occurred:

Traceback (most recent call last):
  File "C:\Users\bharath kumar\Desktop\Web Scraper for Nakuri\naukri_scraper.py", line 503, in process_keyword
    driver = make_driver()
             ^^^^^^^^^^^^^
  File "C:\Users\bharath kumar\Desktop\Web Scraper for Nakuri\naukri_scraper.py", line 145, in make_driver
    driver = uc.Chrome(options=options)   # no use_subprocess, no headless
             ^^^^^^^^^^^^^^^^^^^^^^^^^^
  File "C:\Users\bharath kumar\AppData\Local\Programs\Python\Python311\Lib\site-packages\undetected_chromedriver\__init__.py", line 258, in __init__
    self.patcher.auto()
  File "C:\Users\bharath kumar\AppData\Local\Programs\Python\Python311\Lib\site-packages\undetected_chromedriver\patcher.py", line 175, in auto
    release = self.fetch_release_number()
              ^^^^^^^^^^^^^^^^^^^^^^^^^^^
  File "C:\Users\bharath kumar\AppData\Local\Programs\Python\Python311\Lib\site-packages\undetected_chromedriver\patcher.py", line 250, in fetch_release_number
    with urlopen(self.url_repo + path) as conn:
         ^^^^^^^^^^^^^^^^^^^^^^^^^^^^^
  File "C:\Users\bharath kumar\AppData\Local\Programs\Python\Python311\Lib\urllib\request.py", line 216, in urlopen
    return opener.open(url, data, timeout)
           ^^^^^^^^^^^^^^^^^^^^^^^^^^^^^^^
  File "C:\Users\bharath kumar\AppData\Local\Programs\Python\Python311\Lib\urllib\request.py", line 519, in open
    response = self._open(req, data)
               ^^^^^^^^^^^^^^^^^^^^^
  File "C:\Users\bharath kumar\AppData\Local\Programs\Python\Python311\Lib\urllib\request.py", line 536, in _open
    result = self._call_chain(self.handle_open, protocol, protocol +
             ^^^^^^^^^^^^^^^^^^^^^^^^^^^^^^^^^^^^^^^^^^^^^^^^^^^^^^^
  File "C:\Users\bharath kumar\AppData\Local\Programs\Python\Python311\Lib\urllib\request.py", line 496, in _call_chain
    result = func(*args)
             ^^^^^^^^^^^
  File "C:\Users\bharath kumar\AppData\Local\Programs\Python\Python311\Lib\urllib\request.py", line 1391, in https_open
    return self.do_open(http.client.HTTPSConnection, req,
           ^^^^^^^^^^^^^^^^^^^^^^^^^^^^^^^^^^^^^^^^^^^^^^
  File "C:\Users\bharath kumar\AppData\Local\Programs\Python\Python311\Lib\urllib\request.py", line 1351, in do_open
    raise URLError(err)
urllib.error.URLError: <urlopen error [Errno 11001] getaddrinfo failed>

2026-06-12 01:32:29,042 [ERROR] Keyword 'Data Engineer': Traceback (most recent call last):
  File "C:\Users\bharath kumar\AppData\Local\Programs\Python\Python311\Lib\urllib\request.py", line 1348, in do_open
    h.request(req.get_method(), req.selector, req.data, headers,
  File "C:\Users\bharath kumar\AppData\Local\Programs\Python\Python311\Lib\http\client.py", line 1286, in request
    self._send_request(method, url, body, headers, encode_chunked)
  File "C:\Users\bharath kumar\AppData\Local\Programs\Python\Python311\Lib\http\client.py", line 1332, in _send_request
    self.endheaders(body, encode_chunked=encode_chunked)
  File "C:\Users\bharath kumar\AppData\Local\Programs\Python\Python311\Lib\http\client.py", line 1281, in endheaders
    self._send_output(message_body, encode_chunked=encode_chunked)
  File "C:\Users\bharath kumar\AppData\Local\Programs\Python\Python311\Lib\http\client.py", line 1041, in _send_output
    self.send(msg)
  File "C:\Users\bharath kumar\AppData\Local\Programs\Python\Python311\Lib\http\client.py", line 979, in send
    self.connect()
  File "C:\Users\bharath kumar\AppData\Local\Programs\Python\Python311\Lib\http\client.py", line 1451, in connect
    super().connect()
  File "C:\Users\bharath kumar\AppData\Local\Programs\Python\Python311\Lib\http\client.py", line 945, in connect
    self.sock = self._create_connection(
                ^^^^^^^^^^^^^^^^^^^^^^^^
  File "C:\Users\bharath kumar\AppData\Local\Programs\Python\Python311\Lib\socket.py", line 827, in create_connection
    for res in getaddrinfo(host, port, 0, SOCK_STREAM):
               ^^^^^^^^^^^^^^^^^^^^^^^^^^^^^^^^^^^^^^^
  File "C:\Users\bharath kumar\AppData\Local\Programs\Python\Python311\Lib\socket.py", line 962, in getaddrinfo
    for res in _socket.getaddrinfo(host, port, family, type, proto, flags):
               ^^^^^^^^^^^^^^^^^^^^^^^^^^^^^^^^^^^^^^^^^^^^^^^^^^^^^^^^^^^
socket.gaierror: [Errno 11001] getaddrinfo failed

During handling of the above exception, another exception occurred:

Traceback (most recent call last):
  File "C:\Users\bharath kumar\Desktop\Web Scraper for Nakuri\naukri_scraper.py", line 503, in process_keyword
    driver = make_driver()
             ^^^^^^^^^^^^^
  File "C:\Users\bharath kumar\Desktop\Web Scraper for Nakuri\naukri_scraper.py", line 145, in make_driver
    driver = uc.Chrome(options=options)   # no use_subprocess, no headless
             ^^^^^^^^^^^^^^^^^^^^^^^^^^
  File "C:\Users\bharath kumar\AppData\Local\Programs\Python\Python311\Lib\site-packages\undetected_chromedriver\__init__.py", line 258, in __init__
    self.patcher.auto()
  File "C:\Users\bharath kumar\AppData\Local\Programs\Python\Python311\Lib\site-packages\undetected_chromedriver\patcher.py", line 175, in auto
    release = self.fetch_release_number()
              ^^^^^^^^^^^^^^^^^^^^^^^^^^^
  File "C:\Users\bharath kumar\AppData\Local\Programs\Python\Python311\Lib\site-packages\undetected_chromedriver\patcher.py", line 250, in fetch_release_number
    with urlopen(self.url_repo + path) as conn:
         ^^^^^^^^^^^^^^^^^^^^^^^^^^^^^
  File "C:\Users\bharath kumar\AppData\Local\Programs\Python\Python311\Lib\urllib\request.py", line 216, in urlopen
    return opener.open(url, data, timeout)
           ^^^^^^^^^^^^^^^^^^^^^^^^^^^^^^^
  File "C:\Users\bharath kumar\AppData\Local\Programs\Python\Python311\Lib\urllib\request.py", line 519, in open
    response = self._open(req, data)
               ^^^^^^^^^^^^^^^^^^^^^
  File "C:\Users\bharath kumar\AppData\Local\Programs\Python\Python311\Lib\urllib\request.py", line 536, in _open
    result = self._call_chain(self.handle_open, protocol, protocol +
             ^^^^^^^^^^^^^^^^^^^^^^^^^^^^^^^^^^^^^^^^^^^^^^^^^^^^^^^
  File "C:\Users\bharath kumar\AppData\Local\Programs\Python\Python311\Lib\urllib\request.py", line 496, in _call_chain
    result = func(*args)
             ^^^^^^^^^^^
  File "C:\Users\bharath kumar\AppData\Local\Programs\Python\Python311\Lib\urllib\request.py", line 1391, in https_open
    return self.do_open(http.client.HTTPSConnection, req,
           ^^^^^^^^^^^^^^^^^^^^^^^^^^^^^^^^^^^^^^^^^^^^^^
  File "C:\Users\bharath kumar\AppData\Local\Programs\Python\Python311\Lib\urllib\request.py", line 1351, in do_open
    raise URLError(err)
urllib.error.URLError: <urlopen error [Errno 11001] getaddrinfo failed>

2026-06-12 01:32:29,060 [ERROR] Keyword 'Data Scientist': Traceback (most recent call last):
  File "C:\Users\bharath kumar\AppData\Local\Programs\Python\Python311\Lib\urllib\request.py", line 1348, in do_open
    h.request(req.get_method(), req.selector, req.data, headers,
  File "C:\Users\bharath kumar\AppData\Local\Programs\Python\Python311\Lib\http\client.py", line 1286, in request
    self._send_request(method, url, body, headers, encode_chunked)
  File "C:\Users\bharath kumar\AppData\Local\Programs\Python\Python311\Lib\http\client.py", line 1332, in _send_request
    self.endheaders(body, encode_chunked=encode_chunked)
  File "C:\Users\bharath kumar\AppData\Local\Programs\Python\Python311\Lib\http\client.py", line 1281, in endheaders
    self._send_output(message_body, encode_chunked=encode_chunked)
  File "C:\Users\bharath kumar\AppData\Local\Programs\Python\Python311\Lib\http\client.py", line 1041, in _send_output
    self.send(msg)
  File "C:\Users\bharath kumar\AppData\Local\Programs\Python\Python311\Lib\http\client.py", line 979, in send
    self.connect()
  File "C:\Users\bharath kumar\AppData\Local\Programs\Python\Python311\Lib\http\client.py", line 1451, in connect
    super().connect()
  File "C:\Users\bharath kumar\AppData\Local\Programs\Python\Python311\Lib\http\client.py", line 945, in connect
    self.sock = self._create_connection(
                ^^^^^^^^^^^^^^^^^^^^^^^^
  File "C:\Users\bharath kumar\AppData\Local\Programs\Python\Python311\Lib\socket.py", line 827, in create_connection
    for res in getaddrinfo(host, port, 0, SOCK_STREAM):
               ^^^^^^^^^^^^^^^^^^^^^^^^^^^^^^^^^^^^^^^
  File "C:\Users\bharath kumar\AppData\Local\Programs\Python\Python311\Lib\socket.py", line 962, in getaddrinfo
    for res in _socket.getaddrinfo(host, port, family, type, proto, flags):
               ^^^^^^^^^^^^^^^^^^^^^^^^^^^^^^^^^^^^^^^^^^^^^^^^^^^^^^^^^^^
socket.gaierror: [Errno 11001] getaddrinfo failed

During handling of the above exception, another exception occurred:

Traceback (most recent call last):
  File "C:\Users\bharath kumar\Desktop\Web Scraper for Nakuri\naukri_scraper.py", line 503, in process_keyword
    driver = make_driver()
             ^^^^^^^^^^^^^
  File "C:\Users\bharath kumar\Desktop\Web Scraper for Nakuri\naukri_scraper.py", line 145, in make_driver
    driver = uc.Chrome(options=options)   # no use_subprocess, no headless
             ^^^^^^^^^^^^^^^^^^^^^^^^^^
  File "C:\Users\bharath kumar\AppData\Local\Programs\Python\Python311\Lib\site-packages\undetected_chromedriver\__init__.py", line 258, in __init__
    self.patcher.auto()
  File "C:\Users\bharath kumar\AppData\Local\Programs\Python\Python311\Lib\site-packages\undetected_chromedriver\patcher.py", line 175, in auto
    release = self.fetch_release_number()
              ^^^^^^^^^^^^^^^^^^^^^^^^^^^
  File "C:\Users\bharath kumar\AppData\Local\Programs\Python\Python311\Lib\site-packages\undetected_chromedriver\patcher.py", line 250, in fetch_release_number
    with urlopen(self.url_repo + path) as conn:
         ^^^^^^^^^^^^^^^^^^^^^^^^^^^^^
  File "C:\Users\bharath kumar\AppData\Local\Programs\Python\Python311\Lib\urllib\request.py", line 216, in urlopen
    return opener.open(url, data, timeout)
           ^^^^^^^^^^^^^^^^^^^^^^^^^^^^^^^
  File "C:\Users\bharath kumar\AppData\Local\Programs\Python\Python311\Lib\urllib\request.py", line 519, in open
    response = self._open(req, data)
               ^^^^^^^^^^^^^^^^^^^^^
  File "C:\Users\bharath kumar\AppData\Local\Programs\Python\Python311\Lib\urllib\request.py", line 536, in _open
    result = self._call_chain(self.handle_open, protocol, protocol +
             ^^^^^^^^^^^^^^^^^^^^^^^^^^^^^^^^^^^^^^^^^^^^^^^^^^^^^^^
  File "C:\Users\bharath kumar\AppData\Local\Programs\Python\Python311\Lib\urllib\request.py", line 496, in _call_chain
    result = func(*args)
             ^^^^^^^^^^^
  File "C:\Users\bharath kumar\AppData\Local\Programs\Python\Python311\Lib\urllib\request.py", line 1391, in https_open
    return self.do_open(http.client.HTTPSConnection, req,
           ^^^^^^^^^^^^^^^^^^^^^^^^^^^^^^^^^^^^^^^^^^^^^^
  File "C:\Users\bharath kumar\AppData\Local\Programs\Python\Python311\Lib\urllib\request.py", line 1351, in do_open
    raise URLError(err)
urllib.error.URLError: <urlopen error [Errno 11001] getaddrinfo failed>

2026-06-12 01:32:29,066 [ERROR] Keyword 'Database Administrator': Traceback (most recent call last):
  File "C:\Users\bharath kumar\AppData\Local\Programs\Python\Python311\Lib\urllib\request.py", line 1348, in do_open
    h.request(req.get_method(), req.selector, req.data, headers,
  File "C:\Users\bharath kumar\AppData\Local\Programs\Python\Python311\Lib\http\client.py", line 1286, in request
    self._send_request(method, url, body, headers, encode_chunked)
  File "C:\Users\bharath kumar\AppData\Local\Programs\Python\Python311\Lib\http\client.py", line 1332, in _send_request
    self.endheaders(body, encode_chunked=encode_chunked)
  File "C:\Users\bharath kumar\AppData\Local\Programs\Python\Python311\Lib\http\client.py", line 1281, in endheaders
    self._send_output(message_body, encode_chunked=encode_chunked)
  File "C:\Users\bharath kumar\AppData\Local\Programs\Python\Python311\Lib\http\client.py", line 1041, in _send_output
    self.send(msg)
  File "C:\Users\bharath kumar\AppData\Local\Programs\Python\Python311\Lib\http\client.py", line 979, in send
    self.connect()
  File "C:\Users\bharath kumar\AppData\Local\Programs\Python\Python311\Lib\http\client.py", line 1451, in connect
    super().connect()
  File "C:\Users\bharath kumar\AppData\Local\Programs\Python\Python311\Lib\http\client.py", line 945, in connect
    self.sock = self._create_connection(
                ^^^^^^^^^^^^^^^^^^^^^^^^
  File "C:\Users\bharath kumar\AppData\Local\Programs\Python\Python311\Lib\socket.py", line 827, in create_connection
    for res in getaddrinfo(host, port, 0, SOCK_STREAM):
               ^^^^^^^^^^^^^^^^^^^^^^^^^^^^^^^^^^^^^^^
  File "C:\Users\bharath kumar\AppData\Local\Programs\Python\Python311\Lib\socket.py", line 962, in getaddrinfo
    for res in _socket.getaddrinfo(host, port, family, type, proto, flags):
               ^^^^^^^^^^^^^^^^^^^^^^^^^^^^^^^^^^^^^^^^^^^^^^^^^^^^^^^^^^^
socket.gaierror: [Errno 11001] getaddrinfo failed

During handling of the above exception, another exception occurred:

Traceback (most recent call last):
  File "C:\Users\bharath kumar\Desktop\Web Scraper for Nakuri\naukri_scraper.py", line 503, in process_keyword
    driver = make_driver()
             ^^^^^^^^^^^^^
  File "C:\Users\bharath kumar\Desktop\Web Scraper for Nakuri\naukri_scraper.py", line 145, in make_driver
    driver = uc.Chrome(options=options)   # no use_subprocess, no headless
             ^^^^^^^^^^^^^^^^^^^^^^^^^^
  File "C:\Users\bharath kumar\AppData\Local\Programs\Python\Python311\Lib\site-packages\undetected_chromedriver\__init__.py", line 258, in __init__
    self.patcher.auto()
  File "C:\Users\bharath kumar\AppData\Local\Programs\Python\Python311\Lib\site-packages\undetected_chromedriver\patcher.py", line 175, in auto
    release = self.fetch_release_number()
              ^^^^^^^^^^^^^^^^^^^^^^^^^^^
  File "C:\Users\bharath kumar\AppData\Local\Programs\Python\Python311\Lib\site-packages\undetected_chromedriver\patcher.py", line 250, in fetch_release_number
    with urlopen(self.url_repo + path) as conn:
         ^^^^^^^^^^^^^^^^^^^^^^^^^^^^^
  File "C:\Users\bharath kumar\AppData\Local\Programs\Python\Python311\Lib\urllib\request.py", line 216, in urlopen
    return opener.open(url, data, timeout)
           ^^^^^^^^^^^^^^^^^^^^^^^^^^^^^^^
  File "C:\Users\bharath kumar\AppData\Local\Programs\Python\Python311\Lib\urllib\request.py", line 519, in open
    response = self._open(req, data)
               ^^^^^^^^^^^^^^^^^^^^^
  File "C:\Users\bharath kumar\AppData\Local\Programs\Python\Python311\Lib\urllib\request.py", line 536, in _open
    result = self._call_chain(self.handle_open, protocol, protocol +
             ^^^^^^^^^^^^^^^^^^^^^^^^^^^^^^^^^^^^^^^^^^^^^^^^^^^^^^^
  File "C:\Users\bharath kumar\AppData\Local\Programs\Python\Python311\Lib\urllib\request.py", line 496, in _call_chain
    result = func(*args)
             ^^^^^^^^^^^
  File "C:\Users\bharath kumar\AppData\Local\Programs\Python\Python311\Lib\urllib\request.py", line 1391, in https_open
    return self.do_open(http.client.HTTPSConnection, req,
           ^^^^^^^^^^^^^^^^^^^^^^^^^^^^^^^^^^^^^^^^^^^^^^
  File "C:\Users\bharath kumar\AppData\Local\Programs\Python\Python311\Lib\urllib\request.py", line 1351, in do_open
    raise URLError(err)
urllib.error.URLError: <urlopen error [Errno 11001] getaddrinfo failed>

2026-06-12 01:32:29,083 [ERROR] Keyword 'DevOps Engineer': Traceback (most recent call last):
  File "C:\Users\bharath kumar\AppData\Local\Programs\Python\Python311\Lib\urllib\request.py", line 1348, in do_open
    h.request(req.get_method(), req.selector, req.data, headers,
  File "C:\Users\bharath kumar\AppData\Local\Programs\Python\Python311\Lib\http\client.py", line 1286, in request
    self._send_request(method, url, body, headers, encode_chunked)
  File "C:\Users\bharath kumar\AppData\Local\Programs\Python\Python311\Lib\http\client.py", line 1332, in _send_request
    self.endheaders(body, encode_chunked=encode_chunked)
  File "C:\Users\bharath kumar\AppData\Local\Programs\Python\Python311\Lib\http\client.py", line 1281, in endheaders
    self._send_output(message_body, encode_chunked=encode_chunked)
  File "C:\Users\bharath kumar\AppData\Local\Programs\Python\Python311\Lib\http\client.py", line 1041, in _send_output
    self.send(msg)
  File "C:\Users\bharath kumar\AppData\Local\Programs\Python\Python311\Lib\http\client.py", line 979, in send
    self.connect()
  File "C:\Users\bharath kumar\AppData\Local\Programs\Python\Python311\Lib\http\client.py", line 1451, in connect
    super().connect()
  File "C:\Users\bharath kumar\AppData\Local\Programs\Python\Python311\Lib\http\client.py", line 945, in connect
    self.sock = self._create_connection(
                ^^^^^^^^^^^^^^^^^^^^^^^^
  File "C:\Users\bharath kumar\AppData\Local\Programs\Python\Python311\Lib\socket.py", line 827, in create_connection
    for res in getaddrinfo(host, port, 0, SOCK_STREAM):
               ^^^^^^^^^^^^^^^^^^^^^^^^^^^^^^^^^^^^^^^
  File "C:\Users\bharath kumar\AppData\Local\Programs\Python\Python311\Lib\socket.py", line 962, in getaddrinfo
    for res in _socket.getaddrinfo(host, port, family, type, proto, flags):
               ^^^^^^^^^^^^^^^^^^^^^^^^^^^^^^^^^^^^^^^^^^^^^^^^^^^^^^^^^^^
socket.gaierror: [Errno 11001] getaddrinfo failed

During handling of the above exception, another exception occurred:

Traceback (most recent call last):
  File "C:\Users\bharath kumar\Desktop\Web Scraper for Nakuri\naukri_scraper.py", line 503, in process_keyword
    driver = make_driver()
             ^^^^^^^^^^^^^
  File "C:\Users\bharath kumar\Desktop\Web Scraper for Nakuri\naukri_scraper.py", line 145, in make_driver
    driver = uc.Chrome(options=options)   # no use_subprocess, no headless
             ^^^^^^^^^^^^^^^^^^^^^^^^^^
  File "C:\Users\bharath kumar\AppData\Local\Programs\Python\Python311\Lib\site-packages\undetected_chromedriver\__init__.py", line 258, in __init__
    self.patcher.auto()
  File "C:\Users\bharath kumar\AppData\Local\Programs\Python\Python311\Lib\site-packages\undetected_chromedriver\patcher.py", line 175, in auto
    release = self.fetch_release_number()
              ^^^^^^^^^^^^^^^^^^^^^^^^^^^
  File "C:\Users\bharath kumar\AppData\Local\Programs\Python\Python311\Lib\site-packages\undetected_chromedriver\patcher.py", line 250, in fetch_release_number
    with urlopen(self.url_repo + path) as conn:
         ^^^^^^^^^^^^^^^^^^^^^^^^^^^^^
  File "C:\Users\bharath kumar\AppData\Local\Programs\Python\Python311\Lib\urllib\request.py", line 216, in urlopen
    return opener.open(url, data, timeout)
           ^^^^^^^^^^^^^^^^^^^^^^^^^^^^^^^
  File "C:\Users\bharath kumar\AppData\Local\Programs\Python\Python311\Lib\urllib\request.py", line 519, in open
    response = self._open(req, data)
               ^^^^^^^^^^^^^^^^^^^^^
  File "C:\Users\bharath kumar\AppData\Local\Programs\Python\Python311\Lib\urllib\request.py", line 536, in _open
    result = self._call_chain(self.handle_open, protocol, protocol +
             ^^^^^^^^^^^^^^^^^^^^^^^^^^^^^^^^^^^^^^^^^^^^^^^^^^^^^^^
  File "C:\Users\bharath kumar\AppData\Local\Programs\Python\Python311\Lib\urllib\request.py", line 496, in _call_chain
    result = func(*args)
             ^^^^^^^^^^^
  File "C:\Users\bharath kumar\AppData\Local\Programs\Python\Python311\Lib\urllib\request.py", line 1391, in https_open
    return self.do_open(http.client.HTTPSConnection, req,
           ^^^^^^^^^^^^^^^^^^^^^^^^^^^^^^^^^^^^^^^^^^^^^^
  File "C:\Users\bharath kumar\AppData\Local\Programs\Python\Python311\Lib\urllib\request.py", line 1351, in do_open
    raise URLError(err)
urllib.error.URLError: <urlopen error [Errno 11001] getaddrinfo failed>

2026-06-12 01:32:29,098 [ERROR] Keyword 'Digital Marketing': Traceback (most recent call last):
  File "C:\Users\bharath kumar\AppData\Local\Programs\Python\Python311\Lib\urllib\request.py", line 1348, in do_open
    h.request(req.get_method(), req.selector, req.data, headers,
  File "C:\Users\bharath kumar\AppData\Local\Programs\Python\Python311\Lib\http\client.py", line 1286, in request
    self._send_request(method, url, body, headers, encode_chunked)
  File "C:\Users\bharath kumar\AppData\Local\Programs\Python\Python311\Lib\http\client.py", line 1332, in _send_request
    self.endheaders(body, encode_chunked=encode_chunked)
  File "C:\Users\bharath kumar\AppData\Local\Programs\Python\Python311\Lib\http\client.py", line 1281, in endheaders
    self._send_output(message_body, encode_chunked=encode_chunked)
  File "C:\Users\bharath kumar\AppData\Local\Programs\Python\Python311\Lib\http\client.py", line 1041, in _send_output
    self.send(msg)
  File "C:\Users\bharath kumar\AppData\Local\Programs\Python\Python311\Lib\http\client.py", line 979, in send
    self.connect()
  File "C:\Users\bharath kumar\AppData\Local\Programs\Python\Python311\Lib\http\client.py", line 1451, in connect
    super().connect()
  File "C:\Users\bharath kumar\AppData\Local\Programs\Python\Python311\Lib\http\client.py", line 945, in connect
    self.sock = self._create_connection(
                ^^^^^^^^^^^^^^^^^^^^^^^^
  File "C:\Users\bharath kumar\AppData\Local\Programs\Python\Python311\Lib\socket.py", line 827, in create_connection
    for res in getaddrinfo(host, port, 0, SOCK_STREAM):
               ^^^^^^^^^^^^^^^^^^^^^^^^^^^^^^^^^^^^^^^
  File "C:\Users\bharath kumar\AppData\Local\Programs\Python\Python311\Lib\socket.py", line 962, in getaddrinfo
    for res in _socket.getaddrinfo(host, port, family, type, proto, flags):
               ^^^^^^^^^^^^^^^^^^^^^^^^^^^^^^^^^^^^^^^^^^^^^^^^^^^^^^^^^^^
socket.gaierror: [Errno 11001] getaddrinfo failed

During handling of the above exception, another exception occurred:

Traceback (most recent call last):
  File "C:\Users\bharath kumar\Desktop\Web Scraper for Nakuri\naukri_scraper.py", line 503, in process_keyword
    driver = make_driver()
             ^^^^^^^^^^^^^
  File "C:\Users\bharath kumar\Desktop\Web Scraper for Nakuri\naukri_scraper.py", line 145, in make_driver
    driver = uc.Chrome(options=options)   # no use_subprocess, no headless
             ^^^^^^^^^^^^^^^^^^^^^^^^^^
  File "C:\Users\bharath kumar\AppData\Local\Programs\Python\Python311\Lib\site-packages\undetected_chromedriver\__init__.py", line 258, in __init__
    self.patcher.auto()
  File "C:\Users\bharath kumar\AppData\Local\Programs\Python\Python311\Lib\site-packages\undetected_chromedriver\patcher.py", line 175, in auto
    release = self.fetch_release_number()
              ^^^^^^^^^^^^^^^^^^^^^^^^^^^
  File "C:\Users\bharath kumar\AppData\Local\Programs\Python\Python311\Lib\site-packages\undetected_chromedriver\patcher.py", line 250, in fetch_release_number
    with urlopen(self.url_repo + path) as conn:
         ^^^^^^^^^^^^^^^^^^^^^^^^^^^^^
  File "C:\Users\bharath kumar\AppData\Local\Programs\Python\Python311\Lib\urllib\request.py", line 216, in urlopen
    return opener.open(url, data, timeout)
           ^^^^^^^^^^^^^^^^^^^^^^^^^^^^^^^
  File "C:\Users\bharath kumar\AppData\Local\Programs\Python\Python311\Lib\urllib\request.py", line 519, in open
    response = self._open(req, data)
               ^^^^^^^^^^^^^^^^^^^^^
  File "C:\Users\bharath kumar\AppData\Local\Programs\Python\Python311\Lib\urllib\request.py", line 536, in _open
    result = self._call_chain(self.handle_open, protocol, protocol +
             ^^^^^^^^^^^^^^^^^^^^^^^^^^^^^^^^^^^^^^^^^^^^^^^^^^^^^^^
  File "C:\Users\bharath kumar\AppData\Local\Programs\Python\Python311\Lib\urllib\request.py", line 496, in _call_chain
    result = func(*args)
             ^^^^^^^^^^^
  File "C:\Users\bharath kumar\AppData\Local\Programs\Python\Python311\Lib\urllib\request.py", line 1391, in https_open
    return self.do_open(http.client.HTTPSConnection, req,
           ^^^^^^^^^^^^^^^^^^^^^^^^^^^^^^^^^^^^^^^^^^^^^^
  File "C:\Users\bharath kumar\AppData\Local\Programs\Python\Python311\Lib\urllib\request.py", line 1351, in do_open
    raise URLError(err)
urllib.error.URLError: <urlopen error [Errno 11001] getaddrinfo failed>

2026-06-12 01:32:29,114 [ERROR] Keyword 'Electrical Engineer': Traceback (most recent call last):
  File "C:\Users\bharath kumar\AppData\Local\Programs\Python\Python311\Lib\urllib\request.py", line 1348, in do_open
    h.request(req.get_method(), req.selector, req.data, headers,
  File "C:\Users\bharath kumar\AppData\Local\Programs\Python\Python311\Lib\http\client.py", line 1286, in request
    self._send_request(method, url, body, headers, encode_chunked)
  File "C:\Users\bharath kumar\AppData\Local\Programs\Python\Python311\Lib\http\client.py", line 1332, in _send_request
    self.endheaders(body, encode_chunked=encode_chunked)
  File "C:\Users\bharath kumar\AppData\Local\Programs\Python\Python311\Lib\http\client.py", line 1281, in endheaders
    self._send_output(message_body, encode_chunked=encode_chunked)
  File "C:\Users\bharath kumar\AppData\Local\Programs\Python\Python311\Lib\http\client.py", line 1041, in _send_output
    self.send(msg)
  File "C:\Users\bharath kumar\AppData\Local\Programs\Python\Python311\Lib\http\client.py", line 979, in send
    self.connect()
  File "C:\Users\bharath kumar\AppData\Local\Programs\Python\Python311\Lib\http\client.py", line 1451, in connect
    super().connect()
  File "C:\Users\bharath kumar\AppData\Local\Programs\Python\Python311\Lib\http\client.py", line 945, in connect
    self.sock = self._create_connection(
                ^^^^^^^^^^^^^^^^^^^^^^^^
  File "C:\Users\bharath kumar\AppData\Local\Programs\Python\Python311\Lib\socket.py", line 827, in create_connection
    for res in getaddrinfo(host, port, 0, SOCK_STREAM):
               ^^^^^^^^^^^^^^^^^^^^^^^^^^^^^^^^^^^^^^^
  File "C:\Users\bharath kumar\AppData\Local\Programs\Python\Python311\Lib\socket.py", line 962, in getaddrinfo
    for res in _socket.getaddrinfo(host, port, family, type, proto, flags):
               ^^^^^^^^^^^^^^^^^^^^^^^^^^^^^^^^^^^^^^^^^^^^^^^^^^^^^^^^^^^
socket.gaierror: [Errno 11001] getaddrinfo failed

During handling of the above exception, another exception occurred:

Traceback (most recent call last):
  File "C:\Users\bharath kumar\Desktop\Web Scraper for Nakuri\naukri_scraper.py", line 503, in process_keyword
    driver = make_driver()
             ^^^^^^^^^^^^^
  File "C:\Users\bharath kumar\Desktop\Web Scraper for Nakuri\naukri_scraper.py", line 145, in make_driver
    driver = uc.Chrome(options=options)   # no use_subprocess, no headless
             ^^^^^^^^^^^^^^^^^^^^^^^^^^
  File "C:\Users\bharath kumar\AppData\Local\Programs\Python\Python311\Lib\site-packages\undetected_chromedriver\__init__.py", line 258, in __init__
    self.patcher.auto()
  File "C:\Users\bharath kumar\AppData\Local\Programs\Python\Python311\Lib\site-packages\undetected_chromedriver\patcher.py", line 175, in auto
    release = self.fetch_release_number()
              ^^^^^^^^^^^^^^^^^^^^^^^^^^^
  File "C:\Users\bharath kumar\AppData\Local\Programs\Python\Python311\Lib\site-packages\undetected_chromedriver\patcher.py", line 250, in fetch_release_number
    with urlopen(self.url_repo + path) as conn:
         ^^^^^^^^^^^^^^^^^^^^^^^^^^^^^
  File "C:\Users\bharath kumar\AppData\Local\Programs\Python\Python311\Lib\urllib\request.py", line 216, in urlopen
    return opener.open(url, data, timeout)
           ^^^^^^^^^^^^^^^^^^^^^^^^^^^^^^^
  File "C:\Users\bharath kumar\AppData\Local\Programs\Python\Python311\Lib\urllib\request.py", line 519, in open
    response = self._open(req, data)
               ^^^^^^^^^^^^^^^^^^^^^
  File "C:\Users\bharath kumar\AppData\Local\Programs\Python\Python311\Lib\urllib\request.py", line 536, in _open
    result = self._call_chain(self.handle_open, protocol, protocol +
             ^^^^^^^^^^^^^^^^^^^^^^^^^^^^^^^^^^^^^^^^^^^^^^^^^^^^^^^
  File "C:\Users\bharath kumar\AppData\Local\Programs\Python\Python311\Lib\urllib\request.py", line 496, in _call_chain
    result = func(*args)
             ^^^^^^^^^^^
  File "C:\Users\bharath kumar\AppData\Local\Programs\Python\Python311\Lib\urllib\request.py", line 1391, in https_open
    return self.do_open(http.client.HTTPSConnection, req,
           ^^^^^^^^^^^^^^^^^^^^^^^^^^^^^^^^^^^^^^^^^^^^^^
  File "C:\Users\bharath kumar\AppData\Local\Programs\Python\Python311\Lib\urllib\request.py", line 1351, in do_open
    raise URLError(err)
urllib.error.URLError: <urlopen error [Errno 11001] getaddrinfo failed>

2026-06-12 01:32:29,117 [ERROR] Keyword 'Embedded Systems Engineer': Traceback (most recent call last):
  File "C:\Users\bharath kumar\AppData\Local\Programs\Python\Python311\Lib\urllib\request.py", line 1348, in do_open
    h.request(req.get_method(), req.selector, req.data, headers,
  File "C:\Users\bharath kumar\AppData\Local\Programs\Python\Python311\Lib\http\client.py", line 1286, in request
    self._send_request(method, url, body, headers, encode_chunked)
  File "C:\Users\bharath kumar\AppData\Local\Programs\Python\Python311\Lib\http\client.py", line 1332, in _send_request
    self.endheaders(body, encode_chunked=encode_chunked)
  File "C:\Users\bharath kumar\AppData\Local\Programs\Python\Python311\Lib\http\client.py", line 1281, in endheaders
    self._send_output(message_body, encode_chunked=encode_chunked)
  File "C:\Users\bharath kumar\AppData\Local\Programs\Python\Python311\Lib\http\client.py", line 1041, in _send_output
    self.send(msg)
  File "C:\Users\bharath kumar\AppData\Local\Programs\Python\Python311\Lib\http\client.py", line 979, in send
    self.connect()
  File "C:\Users\bharath kumar\AppData\Local\Programs\Python\Python311\Lib\http\client.py", line 1451, in connect
    super().connect()
  File "C:\Users\bharath kumar\AppData\Local\Programs\Python\Python311\Lib\http\client.py", line 945, in connect
    self.sock = self._create_connection(
                ^^^^^^^^^^^^^^^^^^^^^^^^
  File "C:\Users\bharath kumar\AppData\Local\Programs\Python\Python311\Lib\socket.py", line 827, in create_connection
    for res in getaddrinfo(host, port, 0, SOCK_STREAM):
               ^^^^^^^^^^^^^^^^^^^^^^^^^^^^^^^^^^^^^^^
  File "C:\Users\bharath kumar\AppData\Local\Programs\Python\Python311\Lib\socket.py", line 962, in getaddrinfo
    for res in _socket.getaddrinfo(host, port, family, type, proto, flags):
               ^^^^^^^^^^^^^^^^^^^^^^^^^^^^^^^^^^^^^^^^^^^^^^^^^^^^^^^^^^^
socket.gaierror: [Errno 11001] getaddrinfo failed

During handling of the above exception, another exception occurred:

Traceback (most recent call last):
  File "C:\Users\bharath kumar\Desktop\Web Scraper for Nakuri\naukri_scraper.py", line 503, in process_keyword
    driver = make_driver()
             ^^^^^^^^^^^^^
  File "C:\Users\bharath kumar\Desktop\Web Scraper for Nakuri\naukri_scraper.py", line 145, in make_driver
    driver = uc.Chrome(options=options)   # no use_subprocess, no headless
             ^^^^^^^^^^^^^^^^^^^^^^^^^^
  File "C:\Users\bharath kumar\AppData\Local\Programs\Python\Python311\Lib\site-packages\undetected_chromedriver\__init__.py", line 258, in __init__
    self.patcher.auto()
  File "C:\Users\bharath kumar\AppData\Local\Programs\Python\Python311\Lib\site-packages\undetected_chromedriver\patcher.py", line 175, in auto
    release = self.fetch_release_number()
              ^^^^^^^^^^^^^^^^^^^^^^^^^^^
  File "C:\Users\bharath kumar\AppData\Local\Programs\Python\Python311\Lib\site-packages\undetected_chromedriver\patcher.py", line 250, in fetch_release_number
    with urlopen(self.url_repo + path) as conn:
         ^^^^^^^^^^^^^^^^^^^^^^^^^^^^^
  File "C:\Users\bharath kumar\AppData\Local\Programs\Python\Python311\Lib\urllib\request.py", line 216, in urlopen
    return opener.open(url, data, timeout)
           ^^^^^^^^^^^^^^^^^^^^^^^^^^^^^^^
  File "C:\Users\bharath kumar\AppData\Local\Programs\Python\Python311\Lib\urllib\request.py", line 519, in open
    response = self._open(req, data)
               ^^^^^^^^^^^^^^^^^^^^^
  File "C:\Users\bharath kumar\AppData\Local\Programs\Python\Python311\Lib\urllib\request.py", line 536, in _open
    result = self._call_chain(self.handle_open, protocol, protocol +
             ^^^^^^^^^^^^^^^^^^^^^^^^^^^^^^^^^^^^^^^^^^^^^^^^^^^^^^^
  File "C:\Users\bharath kumar\AppData\Local\Programs\Python\Python311\Lib\urllib\request.py", line 496, in _call_chain
    result = func(*args)
             ^^^^^^^^^^^
  File "C:\Users\bharath kumar\AppData\Local\Programs\Python\Python311\Lib\urllib\request.py", line 1391, in https_open
    return self.do_open(http.client.HTTPSConnection, req,
           ^^^^^^^^^^^^^^^^^^^^^^^^^^^^^^^^^^^^^^^^^^^^^^
  File "C:\Users\bharath kumar\AppData\Local\Programs\Python\Python311\Lib\urllib\request.py", line 1351, in do_open
    raise URLError(err)
urllib.error.URLError: <urlopen error [Errno 11001] getaddrinfo failed>

2026-06-12 01:32:29,140 [ERROR] Keyword 'Executive': Traceback (most recent call last):
  File "C:\Users\bharath kumar\AppData\Local\Programs\Python\Python311\Lib\urllib\request.py", line 1348, in do_open
    h.request(req.get_method(), req.selector, req.data, headers,
  File "C:\Users\bharath kumar\AppData\Local\Programs\Python\Python311\Lib\http\client.py", line 1286, in request
    self._send_request(method, url, body, headers, encode_chunked)
  File "C:\Users\bharath kumar\AppData\Local\Programs\Python\Python311\Lib\http\client.py", line 1332, in _send_request
    self.endheaders(body, encode_chunked=encode_chunked)
  File "C:\Users\bharath kumar\AppData\Local\Programs\Python\Python311\Lib\http\client.py", line 1281, in endheaders
    self._send_output(message_body, encode_chunked=encode_chunked)
  File "C:\Users\bharath kumar\AppData\Local\Programs\Python\Python311\Lib\http\client.py", line 1041, in _send_output
    self.send(msg)
  File "C:\Users\bharath kumar\AppData\Local\Programs\Python\Python311\Lib\http\client.py", line 979, in send
    self.connect()
  File "C:\Users\bharath kumar\AppData\Local\Programs\Python\Python311\Lib\http\client.py", line 1451, in connect
    super().connect()
  File "C:\Users\bharath kumar\AppData\Local\Programs\Python\Python311\Lib\http\client.py", line 945, in connect
    self.sock = self._create_connection(
                ^^^^^^^^^^^^^^^^^^^^^^^^
  File "C:\Users\bharath kumar\AppData\Local\Programs\Python\Python311\Lib\socket.py", line 827, in create_connection
    for res in getaddrinfo(host, port, 0, SOCK_STREAM):
               ^^^^^^^^^^^^^^^^^^^^^^^^^^^^^^^^^^^^^^^
  File "C:\Users\bharath kumar\AppData\Local\Programs\Python\Python311\Lib\socket.py", line 962, in getaddrinfo
    for res in _socket.getaddrinfo(host, port, family, type, proto, flags):
               ^^^^^^^^^^^^^^^^^^^^^^^^^^^^^^^^^^^^^^^^^^^^^^^^^^^^^^^^^^^
socket.gaierror: [Errno 11001] getaddrinfo failed

During handling of the above exception, another exception occurred:

Traceback (most recent call last):
  File "C:\Users\bharath kumar\Desktop\Web Scraper for Nakuri\naukri_scraper.py", line 503, in process_keyword
    driver = make_driver()
             ^^^^^^^^^^^^^
  File "C:\Users\bharath kumar\Desktop\Web Scraper for Nakuri\naukri_scraper.py", line 145, in make_driver
    driver = uc.Chrome(options=options)   # no use_subprocess, no headless
             ^^^^^^^^^^^^^^^^^^^^^^^^^^
  File "C:\Users\bharath kumar\AppData\Local\Programs\Python\Python311\Lib\site-packages\undetected_chromedriver\__init__.py", line 258, in __init__
    self.patcher.auto()
  File "C:\Users\bharath kumar\AppData\Local\Programs\Python\Python311\Lib\site-packages\undetected_chromedriver\patcher.py", line 175, in auto
    release = self.fetch_release_number()
              ^^^^^^^^^^^^^^^^^^^^^^^^^^^
  File "C:\Users\bharath kumar\AppData\Local\Programs\Python\Python311\Lib\site-packages\undetected_chromedriver\patcher.py", line 250, in fetch_release_number
    with urlopen(self.url_repo + path) as conn:
         ^^^^^^^^^^^^^^^^^^^^^^^^^^^^^
  File "C:\Users\bharath kumar\AppData\Local\Programs\Python\Python311\Lib\urllib\request.py", line 216, in urlopen
    return opener.open(url, data, timeout)
           ^^^^^^^^^^^^^^^^^^^^^^^^^^^^^^^
  File "C:\Users\bharath kumar\AppData\Local\Programs\Python\Python311\Lib\urllib\request.py", line 519, in open
    response = self._open(req, data)
               ^^^^^^^^^^^^^^^^^^^^^
  File "C:\Users\bharath kumar\AppData\Local\Programs\Python\Python311\Lib\urllib\request.py", line 536, in _open
    result = self._call_chain(self.handle_open, protocol, protocol +
             ^^^^^^^^^^^^^^^^^^^^^^^^^^^^^^^^^^^^^^^^^^^^^^^^^^^^^^^
  File "C:\Users\bharath kumar\AppData\Local\Programs\Python\Python311\Lib\urllib\request.py", line 496, in _call_chain
    result = func(*args)
             ^^^^^^^^^^^
  File "C:\Users\bharath kumar\AppData\Local\Programs\Python\Python311\Lib\urllib\request.py", line 1391, in https_open
    return self.do_open(http.client.HTTPSConnection, req,
           ^^^^^^^^^^^^^^^^^^^^^^^^^^^^^^^^^^^^^^^^^^^^^^
  File "C:\Users\bharath kumar\AppData\Local\Programs\Python\Python311\Lib\urllib\request.py", line 1351, in do_open
    raise URLError(err)
urllib.error.URLError: <urlopen error [Errno 11001] getaddrinfo failed>

2026-06-12 01:32:29,162 [ERROR] Keyword 'Finance Manager': Traceback (most recent call last):
  File "C:\Users\bharath kumar\AppData\Local\Programs\Python\Python311\Lib\urllib\request.py", line 1348, in do_open
    h.request(req.get_method(), req.selector, req.data, headers,
  File "C:\Users\bharath kumar\AppData\Local\Programs\Python\Python311\Lib\http\client.py", line 1286, in request
    self._send_request(method, url, body, headers, encode_chunked)
  File "C:\Users\bharath kumar\AppData\Local\Programs\Python\Python311\Lib\http\client.py", line 1332, in _send_request
    self.endheaders(body, encode_chunked=encode_chunked)
  File "C:\Users\bharath kumar\AppData\Local\Programs\Python\Python311\Lib\http\client.py", line 1281, in endheaders
    self._send_output(message_body, encode_chunked=encode_chunked)
  File "C:\Users\bharath kumar\AppData\Local\Programs\Python\Python311\Lib\http\client.py", line 1041, in _send_output
    self.send(msg)
  File "C:\Users\bharath kumar\AppData\Local\Programs\Python\Python311\Lib\http\client.py", line 979, in send
    self.connect()
  File "C:\Users\bharath kumar\AppData\Local\Programs\Python\Python311\Lib\http\client.py", line 1451, in connect
    super().connect()
  File "C:\Users\bharath kumar\AppData\Local\Programs\Python\Python311\Lib\http\client.py", line 945, in connect
    self.sock = self._create_connection(
                ^^^^^^^^^^^^^^^^^^^^^^^^
  File "C:\Users\bharath kumar\AppData\Local\Programs\Python\Python311\Lib\socket.py", line 827, in create_connection
    for res in getaddrinfo(host, port, 0, SOCK_STREAM):
               ^^^^^^^^^^^^^^^^^^^^^^^^^^^^^^^^^^^^^^^
  File "C:\Users\bharath kumar\AppData\Local\Programs\Python\Python311\Lib\socket.py", line 962, in getaddrinfo
    for res in _socket.getaddrinfo(host, port, family, type, proto, flags):
               ^^^^^^^^^^^^^^^^^^^^^^^^^^^^^^^^^^^^^^^^^^^^^^^^^^^^^^^^^^^
socket.gaierror: [Errno 11001] getaddrinfo failed

During handling of the above exception, another exception occurred:

Traceback (most recent call last):
  File "C:\Users\bharath kumar\Desktop\Web Scraper for Nakuri\naukri_scraper.py", line 503, in process_keyword
    driver = make_driver()
             ^^^^^^^^^^^^^
  File "C:\Users\bharath kumar\Desktop\Web Scraper for Nakuri\naukri_scraper.py", line 145, in make_driver
    driver = uc.Chrome(options=options)   # no use_subprocess, no headless
             ^^^^^^^^^^^^^^^^^^^^^^^^^^
  File "C:\Users\bharath kumar\AppData\Local\Programs\Python\Python311\Lib\site-packages\undetected_chromedriver\__init__.py", line 258, in __init__
    self.patcher.auto()
  File "C:\Users\bharath kumar\AppData\Local\Programs\Python\Python311\Lib\site-packages\undetected_chromedriver\patcher.py", line 175, in auto
    release = self.fetch_release_number()
              ^^^^^^^^^^^^^^^^^^^^^^^^^^^
  File "C:\Users\bharath kumar\AppData\Local\Programs\Python\Python311\Lib\site-packages\undetected_chromedriver\patcher.py", line 250, in fetch_release_number
    with urlopen(self.url_repo + path) as conn:
         ^^^^^^^^^^^^^^^^^^^^^^^^^^^^^
  File "C:\Users\bharath kumar\AppData\Local\Programs\Python\Python311\Lib\urllib\request.py", line 216, in urlopen
    return opener.open(url, data, timeout)
           ^^^^^^^^^^^^^^^^^^^^^^^^^^^^^^^
  File "C:\Users\bharath kumar\AppData\Local\Programs\Python\Python311\Lib\urllib\request.py", line 519, in open
    response = self._open(req, data)
               ^^^^^^^^^^^^^^^^^^^^^
  File "C:\Users\bharath kumar\AppData\Local\Programs\Python\Python311\Lib\urllib\request.py", line 536, in _open
    result = self._call_chain(self.handle_open, protocol, protocol +
             ^^^^^^^^^^^^^^^^^^^^^^^^^^^^^^^^^^^^^^^^^^^^^^^^^^^^^^^
  File "C:\Users\bharath kumar\AppData\Local\Programs\Python\Python311\Lib\urllib\request.py", line 496, in _call_chain
    result = func(*args)
             ^^^^^^^^^^^
  File "C:\Users\bharath kumar\AppData\Local\Programs\Python\Python311\Lib\urllib\request.py", line 1391, in https_open
    return self.do_open(http.client.HTTPSConnection, req,
           ^^^^^^^^^^^^^^^^^^^^^^^^^^^^^^^^^^^^^^^^^^^^^^
  File "C:\Users\bharath kumar\AppData\Local\Programs\Python\Python311\Lib\urllib\request.py", line 1351, in do_open
    raise URLError(err)
urllib.error.URLError: <urlopen error [Errno 11001] getaddrinfo failed>

2026-06-12 01:32:29,172 [ERROR] Keyword 'Financial Analyst': Traceback (most recent call last):
  File "C:\Users\bharath kumar\AppData\Local\Programs\Python\Python311\Lib\urllib\request.py", line 1348, in do_open
    h.request(req.get_method(), req.selector, req.data, headers,
  File "C:\Users\bharath kumar\AppData\Local\Programs\Python\Python311\Lib\http\client.py", line 1286, in request
    self._send_request(method, url, body, headers, encode_chunked)
  File "C:\Users\bharath kumar\AppData\Local\Programs\Python\Python311\Lib\http\client.py", line 1332, in _send_request
    self.endheaders(body, encode_chunked=encode_chunked)
  File "C:\Users\bharath kumar\AppData\Local\Programs\Python\Python311\Lib\http\client.py", line 1281, in endheaders
    self._send_output(message_body, encode_chunked=encode_chunked)
  File "C:\Users\bharath kumar\AppData\Local\Programs\Python\Python311\Lib\http\client.py", line 1041, in _send_output
    self.send(msg)
  File "C:\Users\bharath kumar\AppData\Local\Programs\Python\Python311\Lib\http\client.py", line 979, in send
    self.connect()
  File "C:\Users\bharath kumar\AppData\Local\Programs\Python\Python311\Lib\http\client.py", line 1451, in connect
    super().connect()
  File "C:\Users\bharath kumar\AppData\Local\Programs\Python\Python311\Lib\http\client.py", line 945, in connect
    self.sock = self._create_connection(
                ^^^^^^^^^^^^^^^^^^^^^^^^
  File "C:\Users\bharath kumar\AppData\Local\Programs\Python\Python311\Lib\socket.py", line 827, in create_connection
    for res in getaddrinfo(host, port, 0, SOCK_STREAM):
               ^^^^^^^^^^^^^^^^^^^^^^^^^^^^^^^^^^^^^^^
  File "C:\Users\bharath kumar\AppData\Local\Programs\Python\Python311\Lib\socket.py", line 962, in getaddrinfo
    for res in _socket.getaddrinfo(host, port, family, type, proto, flags):
               ^^^^^^^^^^^^^^^^^^^^^^^^^^^^^^^^^^^^^^^^^^^^^^^^^^^^^^^^^^^
socket.gaierror: [Errno 11001] getaddrinfo failed

During handling of the above exception, another exception occurred:

Traceback (most recent call last):
  File "C:\Users\bharath kumar\Desktop\Web Scraper for Nakuri\naukri_scraper.py", line 503, in process_keyword
    driver = make_driver()
             ^^^^^^^^^^^^^
  File "C:\Users\bharath kumar\Desktop\Web Scraper for Nakuri\naukri_scraper.py", line 145, in make_driver
    driver = uc.Chrome(options=options)   # no use_subprocess, no headless
             ^^^^^^^^^^^^^^^^^^^^^^^^^^
  File "C:\Users\bharath kumar\AppData\Local\Programs\Python\Python311\Lib\site-packages\undetected_chromedriver\__init__.py", line 258, in __init__
    self.patcher.auto()
  File "C:\Users\bharath kumar\AppData\Local\Programs\Python\Python311\Lib\site-packages\undetected_chromedriver\patcher.py", line 175, in auto
    release = self.fetch_release_number()
              ^^^^^^^^^^^^^^^^^^^^^^^^^^^
  File "C:\Users\bharath kumar\AppData\Local\Programs\Python\Python311\Lib\site-packages\undetected_chromedriver\patcher.py", line 250, in fetch_release_number
    with urlopen(self.url_repo + path) as conn:
         ^^^^^^^^^^^^^^^^^^^^^^^^^^^^^
  File "C:\Users\bharath kumar\AppData\Local\Programs\Python\Python311\Lib\urllib\request.py", line 216, in urlopen
    return opener.open(url, data, timeout)
           ^^^^^^^^^^^^^^^^^^^^^^^^^^^^^^^
  File "C:\Users\bharath kumar\AppData\Local\Programs\Python\Python311\Lib\urllib\request.py", line 519, in open
    response = self._open(req, data)
               ^^^^^^^^^^^^^^^^^^^^^
  File "C:\Users\bharath kumar\AppData\Local\Programs\Python\Python311\Lib\urllib\request.py", line 536, in _open
    result = self._call_chain(self.handle_open, protocol, protocol +
             ^^^^^^^^^^^^^^^^^^^^^^^^^^^^^^^^^^^^^^^^^^^^^^^^^^^^^^^
  File "C:\Users\bharath kumar\AppData\Local\Programs\Python\Python311\Lib\urllib\request.py", line 496, in _call_chain
    result = func(*args)
             ^^^^^^^^^^^
  File "C:\Users\bharath kumar\AppData\Local\Programs\Python\Python311\Lib\urllib\request.py", line 1391, in https_open
    return self.do_open(http.client.HTTPSConnection, req,
           ^^^^^^^^^^^^^^^^^^^^^^^^^^^^^^^^^^^^^^^^^^^^^^
  File "C:\Users\bharath kumar\AppData\Local\Programs\Python\Python311\Lib\urllib\request.py", line 1351, in do_open
    raise URLError(err)
urllib.error.URLError: <urlopen error [Errno 11001] getaddrinfo failed>

2026-06-12 01:32:29,185 [ERROR] Keyword 'Frontend Developer': Traceback (most recent call last):
  File "C:\Users\bharath kumar\AppData\Local\Programs\Python\Python311\Lib\urllib\request.py", line 1348, in do_open
    h.request(req.get_method(), req.selector, req.data, headers,
  File "C:\Users\bharath kumar\AppData\Local\Programs\Python\Python311\Lib\http\client.py", line 1286, in request
    self._send_request(method, url, body, headers, encode_chunked)
  File "C:\Users\bharath kumar\AppData\Local\Programs\Python\Python311\Lib\http\client.py", line 1332, in _send_request
    self.endheaders(body, encode_chunked=encode_chunked)
  File "C:\Users\bharath kumar\AppData\Local\Programs\Python\Python311\Lib\http\client.py", line 1281, in endheaders
    self._send_output(message_body, encode_chunked=encode_chunked)
  File "C:\Users\bharath kumar\AppData\Local\Programs\Python\Python311\Lib\http\client.py", line 1041, in _send_output
    self.send(msg)
  File "C:\Users\bharath kumar\AppData\Local\Programs\Python\Python311\Lib\http\client.py", line 979, in send
    self.connect()
  File "C:\Users\bharath kumar\AppData\Local\Programs\Python\Python311\Lib\http\client.py", line 1451, in connect
    super().connect()
  File "C:\Users\bharath kumar\AppData\Local\Programs\Python\Python311\Lib\http\client.py", line 945, in connect
    self.sock = self._create_connection(
                ^^^^^^^^^^^^^^^^^^^^^^^^
  File "C:\Users\bharath kumar\AppData\Local\Programs\Python\Python311\Lib\socket.py", line 827, in create_connection
    for res in getaddrinfo(host, port, 0, SOCK_STREAM):
               ^^^^^^^^^^^^^^^^^^^^^^^^^^^^^^^^^^^^^^^
  File "C:\Users\bharath kumar\AppData\Local\Programs\Python\Python311\Lib\socket.py", line 962, in getaddrinfo
    for res in _socket.getaddrinfo(host, port, family, type, proto, flags):
               ^^^^^^^^^^^^^^^^^^^^^^^^^^^^^^^^^^^^^^^^^^^^^^^^^^^^^^^^^^^
socket.gaierror: [Errno 11001] getaddrinfo failed

During handling of the above exception, another exception occurred:

Traceback (most recent call last):
  File "C:\Users\bharath kumar\Desktop\Web Scraper for Nakuri\naukri_scraper.py", line 503, in process_keyword
    driver = make_driver()
             ^^^^^^^^^^^^^
  File "C:\Users\bharath kumar\Desktop\Web Scraper for Nakuri\naukri_scraper.py", line 145, in make_driver
    driver = uc.Chrome(options=options)   # no use_subprocess, no headless
             ^^^^^^^^^^^^^^^^^^^^^^^^^^
  File "C:\Users\bharath kumar\AppData\Local\Programs\Python\Python311\Lib\site-packages\undetected_chromedriver\__init__.py", line 258, in __init__
    self.patcher.auto()
  File "C:\Users\bharath kumar\AppData\Local\Programs\Python\Python311\Lib\site-packages\undetected_chromedriver\patcher.py", line 175, in auto
    release = self.fetch_release_number()
              ^^^^^^^^^^^^^^^^^^^^^^^^^^^
  File "C:\Users\bharath kumar\AppData\Local\Programs\Python\Python311\Lib\site-packages\undetected_chromedriver\patcher.py", line 250, in fetch_release_number
    with urlopen(self.url_repo + path) as conn:
         ^^^^^^^^^^^^^^^^^^^^^^^^^^^^^
  File "C:\Users\bharath kumar\AppData\Local\Programs\Python\Python311\Lib\urllib\request.py", line 216, in urlopen
    return opener.open(url, data, timeout)
           ^^^^^^^^^^^^^^^^^^^^^^^^^^^^^^^
  File "C:\Users\bharath kumar\AppData\Local\Programs\Python\Python311\Lib\urllib\request.py", line 519, in open
    response = self._open(req, data)
               ^^^^^^^^^^^^^^^^^^^^^
  File "C:\Users\bharath kumar\AppData\Local\Programs\Python\Python311\Lib\urllib\request.py", line 536, in _open
    result = self._call_chain(self.handle_open, protocol, protocol +
             ^^^^^^^^^^^^^^^^^^^^^^^^^^^^^^^^^^^^^^^^^^^^^^^^^^^^^^^
  File "C:\Users\bharath kumar\AppData\Local\Programs\Python\Python311\Lib\urllib\request.py", line 496, in _call_chain
    result = func(*args)
             ^^^^^^^^^^^
  File "C:\Users\bharath kumar\AppData\Local\Programs\Python\Python311\Lib\urllib\request.py", line 1391, in https_open
    return self.do_open(http.client.HTTPSConnection, req,
           ^^^^^^^^^^^^^^^^^^^^^^^^^^^^^^^^^^^^^^^^^^^^^^
  File "C:\Users\bharath kumar\AppData\Local\Programs\Python\Python311\Lib\urllib\request.py", line 1351, in do_open
    raise URLError(err)
urllib.error.URLError: <urlopen error [Errno 11001] getaddrinfo failed>

2026-06-12 01:32:29,197 [ERROR] Keyword 'Full Stack Developer': Traceback (most recent call last):
  File "C:\Users\bharath kumar\AppData\Local\Programs\Python\Python311\Lib\urllib\request.py", line 1348, in do_open
    h.request(req.get_method(), req.selector, req.data, headers,
  File "C:\Users\bharath kumar\AppData\Local\Programs\Python\Python311\Lib\http\client.py", line 1286, in request
    self._send_request(method, url, body, headers, encode_chunked)
  File "C:\Users\bharath kumar\AppData\Local\Programs\Python\Python311\Lib\http\client.py", line 1332, in _send_request
    self.endheaders(body, encode_chunked=encode_chunked)
  File "C:\Users\bharath kumar\AppData\Local\Programs\Python\Python311\Lib\http\client.py", line 1281, in endheaders
    self._send_output(message_body, encode_chunked=encode_chunked)
  File "C:\Users\bharath kumar\AppData\Local\Programs\Python\Python311\Lib\http\client.py", line 1041, in _send_output
    self.send(msg)
  File "C:\Users\bharath kumar\AppData\Local\Programs\Python\Python311\Lib\http\client.py", line 979, in send
    self.connect()
  File "C:\Users\bharath kumar\AppData\Local\Programs\Python\Python311\Lib\http\client.py", line 1451, in connect
    super().connect()
  File "C:\Users\bharath kumar\AppData\Local\Programs\Python\Python311\Lib\http\client.py", line 945, in connect
    self.sock = self._create_connection(
                ^^^^^^^^^^^^^^^^^^^^^^^^
  File "C:\Users\bharath kumar\AppData\Local\Programs\Python\Python311\Lib\socket.py", line 827, in create_connection
    for res in getaddrinfo(host, port, 0, SOCK_STREAM):
               ^^^^^^^^^^^^^^^^^^^^^^^^^^^^^^^^^^^^^^^
  File "C:\Users\bharath kumar\AppData\Local\Programs\Python\Python311\Lib\socket.py", line 962, in getaddrinfo
    for res in _socket.getaddrinfo(host, port, family, type, proto, flags):
               ^^^^^^^^^^^^^^^^^^^^^^^^^^^^^^^^^^^^^^^^^^^^^^^^^^^^^^^^^^^
socket.gaierror: [Errno 11001] getaddrinfo failed

During handling of the above exception, another exception occurred:

Traceback (most recent call last):
  File "C:\Users\bharath kumar\Desktop\Web Scraper for Nakuri\naukri_scraper.py", line 503, in process_keyword
    driver = make_driver()
             ^^^^^^^^^^^^^
  File "C:\Users\bharath kumar\Desktop\Web Scraper for Nakuri\naukri_scraper.py", line 145, in make_driver
    driver = uc.Chrome(options=options)   # no use_subprocess, no headless
             ^^^^^^^^^^^^^^^^^^^^^^^^^^
  File "C:\Users\bharath kumar\AppData\Local\Programs\Python\Python311\Lib\site-packages\undetected_chromedriver\__init__.py", line 258, in __init__
    self.patcher.auto()
  File "C:\Users\bharath kumar\AppData\Local\Programs\Python\Python311\Lib\site-packages\undetected_chromedriver\patcher.py", line 175, in auto
    release = self.fetch_release_number()
              ^^^^^^^^^^^^^^^^^^^^^^^^^^^
  File "C:\Users\bharath kumar\AppData\Local\Programs\Python\Python311\Lib\site-packages\undetected_chromedriver\patcher.py", line 250, in fetch_release_number
    with urlopen(self.url_repo + path) as conn:
         ^^^^^^^^^^^^^^^^^^^^^^^^^^^^^
  File "C:\Users\bharath kumar\AppData\Local\Programs\Python\Python311\Lib\urllib\request.py", line 216, in urlopen
    return opener.open(url, data, timeout)
           ^^^^^^^^^^^^^^^^^^^^^^^^^^^^^^^
  File "C:\Users\bharath kumar\AppData\Local\Programs\Python\Python311\Lib\urllib\request.py", line 519, in open
    response = self._open(req, data)
               ^^^^^^^^^^^^^^^^^^^^^
  File "C:\Users\bharath kumar\AppData\Local\Programs\Python\Python311\Lib\urllib\request.py", line 536, in _open
    result = self._call_chain(self.handle_open, protocol, protocol +
             ^^^^^^^^^^^^^^^^^^^^^^^^^^^^^^^^^^^^^^^^^^^^^^^^^^^^^^^
  File "C:\Users\bharath kumar\AppData\Local\Programs\Python\Python311\Lib\urllib\request.py", line 496, in _call_chain
    result = func(*args)
             ^^^^^^^^^^^
  File "C:\Users\bharath kumar\AppData\Local\Programs\Python\Python311\Lib\urllib\request.py", line 1391, in https_open
    return self.do_open(http.client.HTTPSConnection, req,
           ^^^^^^^^^^^^^^^^^^^^^^^^^^^^^^^^^^^^^^^^^^^^^^
  File "C:\Users\bharath kumar\AppData\Local\Programs\Python\Python311\Lib\urllib\request.py", line 1351, in do_open
    raise URLError(err)
urllib.error.URLError: <urlopen error [Errno 11001] getaddrinfo failed>

2026-06-12 01:32:29,210 [ERROR] Keyword 'GCP Engineer': Traceback (most recent call last):
  File "C:\Users\bharath kumar\AppData\Local\Programs\Python\Python311\Lib\urllib\request.py", line 1348, in do_open
    h.request(req.get_method(), req.selector, req.data, headers,
  File "C:\Users\bharath kumar\AppData\Local\Programs\Python\Python311\Lib\http\client.py", line 1286, in request
    self._send_request(method, url, body, headers, encode_chunked)
  File "C:\Users\bharath kumar\AppData\Local\Programs\Python\Python311\Lib\http\client.py", line 1332, in _send_request
    self.endheaders(body, encode_chunked=encode_chunked)
  File "C:\Users\bharath kumar\AppData\Local\Programs\Python\Python311\Lib\http\client.py", line 1281, in endheaders
    self._send_output(message_body, encode_chunked=encode_chunked)
  File "C:\Users\bharath kumar\AppData\Local\Programs\Python\Python311\Lib\http\client.py", line 1041, in _send_output
    self.send(msg)
  File "C:\Users\bharath kumar\AppData\Local\Programs\Python\Python311\Lib\http\client.py", line 979, in send
    self.connect()
  File "C:\Users\bharath kumar\AppData\Local\Programs\Python\Python311\Lib\http\client.py", line 1451, in connect
    super().connect()
  File "C:\Users\bharath kumar\AppData\Local\Programs\Python\Python311\Lib\http\client.py", line 945, in connect
    self.sock = self._create_connection(
                ^^^^^^^^^^^^^^^^^^^^^^^^
  File "C:\Users\bharath kumar\AppData\Local\Programs\Python\Python311\Lib\socket.py", line 827, in create_connection
    for res in getaddrinfo(host, port, 0, SOCK_STREAM):
               ^^^^^^^^^^^^^^^^^^^^^^^^^^^^^^^^^^^^^^^
  File "C:\Users\bharath kumar\AppData\Local\Programs\Python\Python311\Lib\socket.py", line 962, in getaddrinfo
    for res in _socket.getaddrinfo(host, port, family, type, proto, flags):
               ^^^^^^^^^^^^^^^^^^^^^^^^^^^^^^^^^^^^^^^^^^^^^^^^^^^^^^^^^^^
socket.gaierror: [Errno 11001] getaddrinfo failed

During handling of the above exception, another exception occurred:

Traceback (most recent call last):
  File "C:\Users\bharath kumar\Desktop\Web Scraper for Nakuri\naukri_scraper.py", line 503, in process_keyword
    driver = make_driver()
             ^^^^^^^^^^^^^
  File "C:\Users\bharath kumar\Desktop\Web Scraper for Nakuri\naukri_scraper.py", line 145, in make_driver
    driver = uc.Chrome(options=options)   # no use_subprocess, no headless
             ^^^^^^^^^^^^^^^^^^^^^^^^^^
  File "C:\Users\bharath kumar\AppData\Local\Programs\Python\Python311\Lib\site-packages\undetected_chromedriver\__init__.py", line 258, in __init__
    self.patcher.auto()
  File "C:\Users\bharath kumar\AppData\Local\Programs\Python\Python311\Lib\site-packages\undetected_chromedriver\patcher.py", line 175, in auto
    release = self.fetch_release_number()
              ^^^^^^^^^^^^^^^^^^^^^^^^^^^
  File "C:\Users\bharath kumar\AppData\Local\Programs\Python\Python311\Lib\site-packages\undetected_chromedriver\patcher.py", line 250, in fetch_release_number
    with urlopen(self.url_repo + path) as conn:
         ^^^^^^^^^^^^^^^^^^^^^^^^^^^^^
  File "C:\Users\bharath kumar\AppData\Local\Programs\Python\Python311\Lib\urllib\request.py", line 216, in urlopen
    return opener.open(url, data, timeout)
           ^^^^^^^^^^^^^^^^^^^^^^^^^^^^^^^
  File "C:\Users\bharath kumar\AppData\Local\Programs\Python\Python311\Lib\urllib\request.py", line 519, in open
    response = self._open(req, data)
               ^^^^^^^^^^^^^^^^^^^^^
  File "C:\Users\bharath kumar\AppData\Local\Programs\Python\Python311\Lib\urllib\request.py", line 536, in _open
    result = self._call_chain(self.handle_open, protocol, protocol +
             ^^^^^^^^^^^^^^^^^^^^^^^^^^^^^^^^^^^^^^^^^^^^^^^^^^^^^^^
  File "C:\Users\bharath kumar\AppData\Local\Programs\Python\Python311\Lib\urllib\request.py", line 496, in _call_chain
    result = func(*args)
             ^^^^^^^^^^^
  File "C:\Users\bharath kumar\AppData\Local\Programs\Python\Python311\Lib\urllib\request.py", line 1391, in https_open
    return self.do_open(http.client.HTTPSConnection, req,
           ^^^^^^^^^^^^^^^^^^^^^^^^^^^^^^^^^^^^^^^^^^^^^^
  File "C:\Users\bharath kumar\AppData\Local\Programs\Python\Python311\Lib\urllib\request.py", line 1351, in do_open
    raise URLError(err)
urllib.error.URLError: <urlopen error [Errno 11001] getaddrinfo failed>

2026-06-12 01:32:29,224 [ERROR] Keyword 'Go Developer': Traceback (most recent call last):
  File "C:\Users\bharath kumar\AppData\Local\Programs\Python\Python311\Lib\urllib\request.py", line 1348, in do_open
    h.request(req.get_method(), req.selector, req.data, headers,
  File "C:\Users\bharath kumar\AppData\Local\Programs\Python\Python311\Lib\http\client.py", line 1286, in request
    self._send_request(method, url, body, headers, encode_chunked)
  File "C:\Users\bharath kumar\AppData\Local\Programs\Python\Python311\Lib\http\client.py", line 1332, in _send_request
    self.endheaders(body, encode_chunked=encode_chunked)
  File "C:\Users\bharath kumar\AppData\Local\Programs\Python\Python311\Lib\http\client.py", line 1281, in endheaders
    self._send_output(message_body, encode_chunked=encode_chunked)
  File "C:\Users\bharath kumar\AppData\Local\Programs\Python\Python311\Lib\http\client.py", line 1041, in _send_output
    self.send(msg)
  File "C:\Users\bharath kumar\AppData\Local\Programs\Python\Python311\Lib\http\client.py", line 979, in send
    self.connect()
  File "C:\Users\bharath kumar\AppData\Local\Programs\Python\Python311\Lib\http\client.py", line 1451, in connect
    super().connect()
  File "C:\Users\bharath kumar\AppData\Local\Programs\Python\Python311\Lib\http\client.py", line 945, in connect
    self.sock = self._create_connection(
                ^^^^^^^^^^^^^^^^^^^^^^^^
  File "C:\Users\bharath kumar\AppData\Local\Programs\Python\Python311\Lib\socket.py", line 827, in create_connection
    for res in getaddrinfo(host, port, 0, SOCK_STREAM):
               ^^^^^^^^^^^^^^^^^^^^^^^^^^^^^^^^^^^^^^^
  File "C:\Users\bharath kumar\AppData\Local\Programs\Python\Python311\Lib\socket.py", line 962, in getaddrinfo
    for res in _socket.getaddrinfo(host, port, family, type, proto, flags):
               ^^^^^^^^^^^^^^^^^^^^^^^^^^^^^^^^^^^^^^^^^^^^^^^^^^^^^^^^^^^
socket.gaierror: [Errno 11001] getaddrinfo failed

During handling of the above exception, another exception occurred:

Traceback (most recent call last):
  File "C:\Users\bharath kumar\Desktop\Web Scraper for Nakuri\naukri_scraper.py", line 503, in process_keyword
    driver = make_driver()
             ^^^^^^^^^^^^^
  File "C:\Users\bharath kumar\Desktop\Web Scraper for Nakuri\naukri_scraper.py", line 145, in make_driver
    driver = uc.Chrome(options=options)   # no use_subprocess, no headless
             ^^^^^^^^^^^^^^^^^^^^^^^^^^
  File "C:\Users\bharath kumar\AppData\Local\Programs\Python\Python311\Lib\site-packages\undetected_chromedriver\__init__.py", line 258, in __init__
    self.patcher.auto()
  File "C:\Users\bharath kumar\AppData\Local\Programs\Python\Python311\Lib\site-packages\undetected_chromedriver\patcher.py", line 175, in auto
    release = self.fetch_release_number()
              ^^^^^^^^^^^^^^^^^^^^^^^^^^^
  File "C:\Users\bharath kumar\AppData\Local\Programs\Python\Python311\Lib\site-packages\undetected_chromedriver\patcher.py", line 250, in fetch_release_number
    with urlopen(self.url_repo + path) as conn:
         ^^^^^^^^^^^^^^^^^^^^^^^^^^^^^
  File "C:\Users\bharath kumar\AppData\Local\Programs\Python\Python311\Lib\urllib\request.py", line 216, in urlopen
    return opener.open(url, data, timeout)
           ^^^^^^^^^^^^^^^^^^^^^^^^^^^^^^^
  File "C:\Users\bharath kumar\AppData\Local\Programs\Python\Python311\Lib\urllib\request.py", line 519, in open
    response = self._open(req, data)
               ^^^^^^^^^^^^^^^^^^^^^
  File "C:\Users\bharath kumar\AppData\Local\Programs\Python\Python311\Lib\urllib\request.py", line 536, in _open
    result = self._call_chain(self.handle_open, protocol, protocol +
             ^^^^^^^^^^^^^^^^^^^^^^^^^^^^^^^^^^^^^^^^^^^^^^^^^^^^^^^
  File "C:\Users\bharath kumar\AppData\Local\Programs\Python\Python311\Lib\urllib\request.py", line 496, in _call_chain
    result = func(*args)
             ^^^^^^^^^^^
  File "C:\Users\bharath kumar\AppData\Local\Programs\Python\Python311\Lib\urllib\request.py", line 1391, in https_open
    return self.do_open(http.client.HTTPSConnection, req,
           ^^^^^^^^^^^^^^^^^^^^^^^^^^^^^^^^^^^^^^^^^^^^^^
  File "C:\Users\bharath kumar\AppData\Local\Programs\Python\Python311\Lib\urllib\request.py", line 1351, in do_open
    raise URLError(err)
urllib.error.URLError: <urlopen error [Errno 11001] getaddrinfo failed>

2026-06-12 01:32:29,240 [ERROR] Keyword 'Graphic Designer': Traceback (most recent call last):
  File "C:\Users\bharath kumar\AppData\Local\Programs\Python\Python311\Lib\urllib\request.py", line 1348, in do_open
    h.request(req.get_method(), req.selector, req.data, headers,
  File "C:\Users\bharath kumar\AppData\Local\Programs\Python\Python311\Lib\http\client.py", line 1286, in request
    self._send_request(method, url, body, headers, encode_chunked)
  File "C:\Users\bharath kumar\AppData\Local\Programs\Python\Python311\Lib\http\client.py", line 1332, in _send_request
    self.endheaders(body, encode_chunked=encode_chunked)
  File "C:\Users\bharath kumar\AppData\Local\Programs\Python\Python311\Lib\http\client.py", line 1281, in endheaders
    self._send_output(message_body, encode_chunked=encode_chunked)
  File "C:\Users\bharath kumar\AppData\Local\Programs\Python\Python311\Lib\http\client.py", line 1041, in _send_output
    self.send(msg)
  File "C:\Users\bharath kumar\AppData\Local\Programs\Python\Python311\Lib\http\client.py", line 979, in send
    self.connect()
  File "C:\Users\bharath kumar\AppData\Local\Programs\Python\Python311\Lib\http\client.py", line 1451, in connect
    super().connect()
  File "C:\Users\bharath kumar\AppData\Local\Programs\Python\Python311\Lib\http\client.py", line 945, in connect
    self.sock = self._create_connection(
                ^^^^^^^^^^^^^^^^^^^^^^^^
  File "C:\Users\bharath kumar\AppData\Local\Programs\Python\Python311\Lib\socket.py", line 827, in create_connection
    for res in getaddrinfo(host, port, 0, SOCK_STREAM):
               ^^^^^^^^^^^^^^^^^^^^^^^^^^^^^^^^^^^^^^^
  File "C:\Users\bharath kumar\AppData\Local\Programs\Python\Python311\Lib\socket.py", line 962, in getaddrinfo
    for res in _socket.getaddrinfo(host, port, family, type, proto, flags):
               ^^^^^^^^^^^^^^^^^^^^^^^^^^^^^^^^^^^^^^^^^^^^^^^^^^^^^^^^^^^
socket.gaierror: [Errno 11001] getaddrinfo failed

During handling of the above exception, another exception occurred:

Traceback (most recent call last):
  File "C:\Users\bharath kumar\Desktop\Web Scraper for Nakuri\naukri_scraper.py", line 503, in process_keyword
    driver = make_driver()
             ^^^^^^^^^^^^^
  File "C:\Users\bharath kumar\Desktop\Web Scraper for Nakuri\naukri_scraper.py", line 145, in make_driver
    driver = uc.Chrome(options=options)   # no use_subprocess, no headless
             ^^^^^^^^^^^^^^^^^^^^^^^^^^
  File "C:\Users\bharath kumar\AppData\Local\Programs\Python\Python311\Lib\site-packages\undetected_chromedriver\__init__.py", line 258, in __init__
    self.patcher.auto()
  File "C:\Users\bharath kumar\AppData\Local\Programs\Python\Python311\Lib\site-packages\undetected_chromedriver\patcher.py", line 175, in auto
    release = self.fetch_release_number()
              ^^^^^^^^^^^^^^^^^^^^^^^^^^^
  File "C:\Users\bharath kumar\AppData\Local\Programs\Python\Python311\Lib\site-packages\undetected_chromedriver\patcher.py", line 250, in fetch_release_number
    with urlopen(self.url_repo + path) as conn:
         ^^^^^^^^^^^^^^^^^^^^^^^^^^^^^
  File "C:\Users\bharath kumar\AppData\Local\Programs\Python\Python311\Lib\urllib\request.py", line 216, in urlopen
    return opener.open(url, data, timeout)
           ^^^^^^^^^^^^^^^^^^^^^^^^^^^^^^^
  File "C:\Users\bharath kumar\AppData\Local\Programs\Python\Python311\Lib\urllib\request.py", line 519, in open
    response = self._open(req, data)
               ^^^^^^^^^^^^^^^^^^^^^
  File "C:\Users\bharath kumar\AppData\Local\Programs\Python\Python311\Lib\urllib\request.py", line 536, in _open
    result = self._call_chain(self.handle_open, protocol, protocol +
             ^^^^^^^^^^^^^^^^^^^^^^^^^^^^^^^^^^^^^^^^^^^^^^^^^^^^^^^
  File "C:\Users\bharath kumar\AppData\Local\Programs\Python\Python311\Lib\urllib\request.py", line 496, in _call_chain
    result = func(*args)
             ^^^^^^^^^^^
  File "C:\Users\bharath kumar\AppData\Local\Programs\Python\Python311\Lib\urllib\request.py", line 1391, in https_open
    return self.do_open(http.client.HTTPSConnection, req,
           ^^^^^^^^^^^^^^^^^^^^^^^^^^^^^^^^^^^^^^^^^^^^^^
  File "C:\Users\bharath kumar\AppData\Local\Programs\Python\Python311\Lib\urllib\request.py", line 1351, in do_open
    raise URLError(err)
urllib.error.URLError: <urlopen error [Errno 11001] getaddrinfo failed>

2026-06-12 01:32:29,259 [ERROR] Keyword 'HR Executive': Traceback (most recent call last):
  File "C:\Users\bharath kumar\AppData\Local\Programs\Python\Python311\Lib\urllib\request.py", line 1348, in do_open
    h.request(req.get_method(), req.selector, req.data, headers,
  File "C:\Users\bharath kumar\AppData\Local\Programs\Python\Python311\Lib\http\client.py", line 1286, in request
    self._send_request(method, url, body, headers, encode_chunked)
  File "C:\Users\bharath kumar\AppData\Local\Programs\Python\Python311\Lib\http\client.py", line 1332, in _send_request
    self.endheaders(body, encode_chunked=encode_chunked)
  File "C:\Users\bharath kumar\AppData\Local\Programs\Python\Python311\Lib\http\client.py", line 1281, in endheaders
    self._send_output(message_body, encode_chunked=encode_chunked)
  File "C:\Users\bharath kumar\AppData\Local\Programs\Python\Python311\Lib\http\client.py", line 1041, in _send_output
    self.send(msg)
  File "C:\Users\bharath kumar\AppData\Local\Programs\Python\Python311\Lib\http\client.py", line 979, in send
    self.connect()
  File "C:\Users\bharath kumar\AppData\Local\Programs\Python\Python311\Lib\http\client.py", line 1451, in connect
    super().connect()
  File "C:\Users\bharath kumar\AppData\Local\Programs\Python\Python311\Lib\http\client.py", line 945, in connect
    self.sock = self._create_connection(
                ^^^^^^^^^^^^^^^^^^^^^^^^
  File "C:\Users\bharath kumar\AppData\Local\Programs\Python\Python311\Lib\socket.py", line 827, in create_connection
    for res in getaddrinfo(host, port, 0, SOCK_STREAM):
               ^^^^^^^^^^^^^^^^^^^^^^^^^^^^^^^^^^^^^^^
  File "C:\Users\bharath kumar\AppData\Local\Programs\Python\Python311\Lib\socket.py", line 962, in getaddrinfo
    for res in _socket.getaddrinfo(host, port, family, type, proto, flags):
               ^^^^^^^^^^^^^^^^^^^^^^^^^^^^^^^^^^^^^^^^^^^^^^^^^^^^^^^^^^^
socket.gaierror: [Errno 11001] getaddrinfo failed

During handling of the above exception, another exception occurred:

Traceback (most recent call last):
  File "C:\Users\bharath kumar\Desktop\Web Scraper for Nakuri\naukri_scraper.py", line 503, in process_keyword
    driver = make_driver()
             ^^^^^^^^^^^^^
  File "C:\Users\bharath kumar\Desktop\Web Scraper for Nakuri\naukri_scraper.py", line 145, in make_driver
    driver = uc.Chrome(options=options)   # no use_subprocess, no headless
             ^^^^^^^^^^^^^^^^^^^^^^^^^^
  File "C:\Users\bharath kumar\AppData\Local\Programs\Python\Python311\Lib\site-packages\undetected_chromedriver\__init__.py", line 258, in __init__
    self.patcher.auto()
  File "C:\Users\bharath kumar\AppData\Local\Programs\Python\Python311\Lib\site-packages\undetected_chromedriver\patcher.py", line 175, in auto
    release = self.fetch_release_number()
              ^^^^^^^^^^^^^^^^^^^^^^^^^^^
  File "C:\Users\bharath kumar\AppData\Local\Programs\Python\Python311\Lib\site-packages\undetected_chromedriver\patcher.py", line 250, in fetch_release_number
    with urlopen(self.url_repo + path) as conn:
         ^^^^^^^^^^^^^^^^^^^^^^^^^^^^^
  File "C:\Users\bharath kumar\AppData\Local\Programs\Python\Python311\Lib\urllib\request.py", line 216, in urlopen
    return opener.open(url, data, timeout)
           ^^^^^^^^^^^^^^^^^^^^^^^^^^^^^^^
  File "C:\Users\bharath kumar\AppData\Local\Programs\Python\Python311\Lib\urllib\request.py", line 519, in open
    response = self._open(req, data)
               ^^^^^^^^^^^^^^^^^^^^^
  File "C:\Users\bharath kumar\AppData\Local\Programs\Python\Python311\Lib\urllib\request.py", line 536, in _open
    result = self._call_chain(self.handle_open, protocol, protocol +
             ^^^^^^^^^^^^^^^^^^^^^^^^^^^^^^^^^^^^^^^^^^^^^^^^^^^^^^^
  File "C:\Users\bharath kumar\AppData\Local\Programs\Python\Python311\Lib\urllib\request.py", line 496, in _call_chain
    result = func(*args)
             ^^^^^^^^^^^
  File "C:\Users\bharath kumar\AppData\Local\Programs\Python\Python311\Lib\urllib\request.py", line 1391, in https_open
    return self.do_open(http.client.HTTPSConnection, req,
           ^^^^^^^^^^^^^^^^^^^^^^^^^^^^^^^^^^^^^^^^^^^^^^
  File "C:\Users\bharath kumar\AppData\Local\Programs\Python\Python311\Lib\urllib\request.py", line 1351, in do_open
    raise URLError(err)
urllib.error.URLError: <urlopen error [Errno 11001] getaddrinfo failed>

2026-06-12 01:32:29,273 [ERROR] Keyword 'HR Manager': Traceback (most recent call last):
  File "C:\Users\bharath kumar\AppData\Local\Programs\Python\Python311\Lib\urllib\request.py", line 1348, in do_open
    h.request(req.get_method(), req.selector, req.data, headers,
  File "C:\Users\bharath kumar\AppData\Local\Programs\Python\Python311\Lib\http\client.py", line 1286, in request
    self._send_request(method, url, body, headers, encode_chunked)
  File "C:\Users\bharath kumar\AppData\Local\Programs\Python\Python311\Lib\http\client.py", line 1332, in _send_request
    self.endheaders(body, encode_chunked=encode_chunked)
  File "C:\Users\bharath kumar\AppData\Local\Programs\Python\Python311\Lib\http\client.py", line 1281, in endheaders
    self._send_output(message_body, encode_chunked=encode_chunked)
  File "C:\Users\bharath kumar\AppData\Local\Programs\Python\Python311\Lib\http\client.py", line 1041, in _send_output
    self.send(msg)
  File "C:\Users\bharath kumar\AppData\Local\Programs\Python\Python311\Lib\http\client.py", line 979, in send
    self.connect()
  File "C:\Users\bharath kumar\AppData\Local\Programs\Python\Python311\Lib\http\client.py", line 1451, in connect
    super().connect()
  File "C:\Users\bharath kumar\AppData\Local\Programs\Python\Python311\Lib\http\client.py", line 945, in connect
    self.sock = self._create_connection(
                ^^^^^^^^^^^^^^^^^^^^^^^^
  File "C:\Users\bharath kumar\AppData\Local\Programs\Python\Python311\Lib\socket.py", line 827, in create_connection
    for res in getaddrinfo(host, port, 0, SOCK_STREAM):
               ^^^^^^^^^^^^^^^^^^^^^^^^^^^^^^^^^^^^^^^
  File "C:\Users\bharath kumar\AppData\Local\Programs\Python\Python311\Lib\socket.py", line 962, in getaddrinfo
    for res in _socket.getaddrinfo(host, port, family, type, proto, flags):
               ^^^^^^^^^^^^^^^^^^^^^^^^^^^^^^^^^^^^^^^^^^^^^^^^^^^^^^^^^^^
socket.gaierror: [Errno 11001] getaddrinfo failed

During handling of the above exception, another exception occurred:

Traceback (most recent call last):
  File "C:\Users\bharath kumar\Desktop\Web Scraper for Nakuri\naukri_scraper.py", line 503, in process_keyword
    driver = make_driver()
             ^^^^^^^^^^^^^
  File "C:\Users\bharath kumar\Desktop\Web Scraper for Nakuri\naukri_scraper.py", line 145, in make_driver
    driver = uc.Chrome(options=options)   # no use_subprocess, no headless
             ^^^^^^^^^^^^^^^^^^^^^^^^^^
  File "C:\Users\bharath kumar\AppData\Local\Programs\Python\Python311\Lib\site-packages\undetected_chromedriver\__init__.py", line 258, in __init__
    self.patcher.auto()
  File "C:\Users\bharath kumar\AppData\Local\Programs\Python\Python311\Lib\site-packages\undetected_chromedriver\patcher.py", line 175, in auto
    release = self.fetch_release_number()
              ^^^^^^^^^^^^^^^^^^^^^^^^^^^
  File "C:\Users\bharath kumar\AppData\Local\Programs\Python\Python311\Lib\site-packages\undetected_chromedriver\patcher.py", line 250, in fetch_release_number
    with urlopen(self.url_repo + path) as conn:
         ^^^^^^^^^^^^^^^^^^^^^^^^^^^^^
  File "C:\Users\bharath kumar\AppData\Local\Programs\Python\Python311\Lib\urllib\request.py", line 216, in urlopen
    return opener.open(url, data, timeout)
           ^^^^^^^^^^^^^^^^^^^^^^^^^^^^^^^
  File "C:\Users\bharath kumar\AppData\Local\Programs\Python\Python311\Lib\urllib\request.py", line 519, in open
    response = self._open(req, data)
               ^^^^^^^^^^^^^^^^^^^^^
  File "C:\Users\bharath kumar\AppData\Local\Programs\Python\Python311\Lib\urllib\request.py", line 536, in _open
    result = self._call_chain(self.handle_open, protocol, protocol +
             ^^^^^^^^^^^^^^^^^^^^^^^^^^^^^^^^^^^^^^^^^^^^^^^^^^^^^^^
  File "C:\Users\bharath kumar\AppData\Local\Programs\Python\Python311\Lib\urllib\request.py", line 496, in _call_chain
    result = func(*args)
             ^^^^^^^^^^^
  File "C:\Users\bharath kumar\AppData\Local\Programs\Python\Python311\Lib\urllib\request.py", line 1391, in https_open
    return self.do_open(http.client.HTTPSConnection, req,
           ^^^^^^^^^^^^^^^^^^^^^^^^^^^^^^^^^^^^^^^^^^^^^^
  File "C:\Users\bharath kumar\AppData\Local\Programs\Python\Python311\Lib\urllib\request.py", line 1351, in do_open
    raise URLError(err)
urllib.error.URLError: <urlopen error [Errno 11001] getaddrinfo failed>

2026-06-12 01:32:29,289 [ERROR] Keyword 'HRBP': Traceback (most recent call last):
  File "C:\Users\bharath kumar\AppData\Local\Programs\Python\Python311\Lib\urllib\request.py", line 1348, in do_open
    h.request(req.get_method(), req.selector, req.data, headers,
  File "C:\Users\bharath kumar\AppData\Local\Programs\Python\Python311\Lib\http\client.py", line 1286, in request
    self._send_request(method, url, body, headers, encode_chunked)
  File "C:\Users\bharath kumar\AppData\Local\Programs\Python\Python311\Lib\http\client.py", line 1332, in _send_request
    self.endheaders(body, encode_chunked=encode_chunked)
  File "C:\Users\bharath kumar\AppData\Local\Programs\Python\Python311\Lib\http\client.py", line 1281, in endheaders
    self._send_output(message_body, encode_chunked=encode_chunked)
  File "C:\Users\bharath kumar\AppData\Local\Programs\Python\Python311\Lib\http\client.py", line 1041, in _send_output
    self.send(msg)
  File "C:\Users\bharath kumar\AppData\Local\Programs\Python\Python311\Lib\http\client.py", line 979, in send
    self.connect()
  File "C:\Users\bharath kumar\AppData\Local\Programs\Python\Python311\Lib\http\client.py", line 1451, in connect
    super().connect()
  File "C:\Users\bharath kumar\AppData\Local\Programs\Python\Python311\Lib\http\client.py", line 945, in connect
    self.sock = self._create_connection(
                ^^^^^^^^^^^^^^^^^^^^^^^^
  File "C:\Users\bharath kumar\AppData\Local\Programs\Python\Python311\Lib\socket.py", line 827, in create_connection
    for res in getaddrinfo(host, port, 0, SOCK_STREAM):
               ^^^^^^^^^^^^^^^^^^^^^^^^^^^^^^^^^^^^^^^
  File "C:\Users\bharath kumar\AppData\Local\Programs\Python\Python311\Lib\socket.py", line 962, in getaddrinfo
    for res in _socket.getaddrinfo(host, port, family, type, proto, flags):
               ^^^^^^^^^^^^^^^^^^^^^^^^^^^^^^^^^^^^^^^^^^^^^^^^^^^^^^^^^^^
socket.gaierror: [Errno 11001] getaddrinfo failed

During handling of the above exception, another exception occurred:

Traceback (most recent call last):
  File "C:\Users\bharath kumar\Desktop\Web Scraper for Nakuri\naukri_scraper.py", line 503, in process_keyword
    driver = make_driver()
             ^^^^^^^^^^^^^
  File "C:\Users\bharath kumar\Desktop\Web Scraper for Nakuri\naukri_scraper.py", line 145, in make_driver
    driver = uc.Chrome(options=options)   # no use_subprocess, no headless
             ^^^^^^^^^^^^^^^^^^^^^^^^^^
  File "C:\Users\bharath kumar\AppData\Local\Programs\Python\Python311\Lib\site-packages\undetected_chromedriver\__init__.py", line 258, in __init__
    self.patcher.auto()
  File "C:\Users\bharath kumar\AppData\Local\Programs\Python\Python311\Lib\site-packages\undetected_chromedriver\patcher.py", line 175, in auto
    release = self.fetch_release_number()
              ^^^^^^^^^^^^^^^^^^^^^^^^^^^
  File "C:\Users\bharath kumar\AppData\Local\Programs\Python\Python311\Lib\site-packages\undetected_chromedriver\patcher.py", line 250, in fetch_release_number
    with urlopen(self.url_repo + path) as conn:
         ^^^^^^^^^^^^^^^^^^^^^^^^^^^^^
  File "C:\Users\bharath kumar\AppData\Local\Programs\Python\Python311\Lib\urllib\request.py", line 216, in urlopen
    return opener.open(url, data, timeout)
           ^^^^^^^^^^^^^^^^^^^^^^^^^^^^^^^
  File "C:\Users\bharath kumar\AppData\Local\Programs\Python\Python311\Lib\urllib\request.py", line 519, in open
    response = self._open(req, data)
               ^^^^^^^^^^^^^^^^^^^^^
  File "C:\Users\bharath kumar\AppData\Local\Programs\Python\Python311\Lib\urllib\request.py", line 536, in _open
    result = self._call_chain(self.handle_open, protocol, protocol +
             ^^^^^^^^^^^^^^^^^^^^^^^^^^^^^^^^^^^^^^^^^^^^^^^^^^^^^^^
  File "C:\Users\bharath kumar\AppData\Local\Programs\Python\Python311\Lib\urllib\request.py", line 496, in _call_chain
    result = func(*args)
             ^^^^^^^^^^^
  File "C:\Users\bharath kumar\AppData\Local\Programs\Python\Python311\Lib\urllib\request.py", line 1391, in https_open
    return self.do_open(http.client.HTTPSConnection, req,
           ^^^^^^^^^^^^^^^^^^^^^^^^^^^^^^^^^^^^^^^^^^^^^^
  File "C:\Users\bharath kumar\AppData\Local\Programs\Python\Python311\Lib\urllib\request.py", line 1351, in do_open
    raise URLError(err)
urllib.error.URLError: <urlopen error [Errno 11001] getaddrinfo failed>

2026-06-12 01:32:29,305 [ERROR] Keyword 'Hardware Engineer': Traceback (most recent call last):
  File "C:\Users\bharath kumar\AppData\Local\Programs\Python\Python311\Lib\urllib\request.py", line 1348, in do_open
    h.request(req.get_method(), req.selector, req.data, headers,
  File "C:\Users\bharath kumar\AppData\Local\Programs\Python\Python311\Lib\http\client.py", line 1286, in request
    self._send_request(method, url, body, headers, encode_chunked)
  File "C:\Users\bharath kumar\AppData\Local\Programs\Python\Python311\Lib\http\client.py", line 1332, in _send_request
    self.endheaders(body, encode_chunked=encode_chunked)
  File "C:\Users\bharath kumar\AppData\Local\Programs\Python\Python311\Lib\http\client.py", line 1281, in endheaders
    self._send_output(message_body, encode_chunked=encode_chunked)
  File "C:\Users\bharath kumar\AppData\Local\Programs\Python\Python311\Lib\http\client.py", line 1041, in _send_output
    self.send(msg)
  File "C:\Users\bharath kumar\AppData\Local\Programs\Python\Python311\Lib\http\client.py", line 979, in send
    self.connect()
  File "C:\Users\bharath kumar\AppData\Local\Programs\Python\Python311\Lib\http\client.py", line 1451, in connect
    super().connect()
  File "C:\Users\bharath kumar\AppData\Local\Programs\Python\Python311\Lib\http\client.py", line 945, in connect
    self.sock = self._create_connection(
                ^^^^^^^^^^^^^^^^^^^^^^^^
  File "C:\Users\bharath kumar\AppData\Local\Programs\Python\Python311\Lib\socket.py", line 827, in create_connection
    for res in getaddrinfo(host, port, 0, SOCK_STREAM):
               ^^^^^^^^^^^^^^^^^^^^^^^^^^^^^^^^^^^^^^^
  File "C:\Users\bharath kumar\AppData\Local\Programs\Python\Python311\Lib\socket.py", line 962, in getaddrinfo
    for res in _socket.getaddrinfo(host, port, family, type, proto, flags):
               ^^^^^^^^^^^^^^^^^^^^^^^^^^^^^^^^^^^^^^^^^^^^^^^^^^^^^^^^^^^
socket.gaierror: [Errno 11001] getaddrinfo failed

During handling of the above exception, another exception occurred:

Traceback (most recent call last):
  File "C:\Users\bharath kumar\Desktop\Web Scraper for Nakuri\naukri_scraper.py", line 503, in process_keyword
    driver = make_driver()
             ^^^^^^^^^^^^^
  File "C:\Users\bharath kumar\Desktop\Web Scraper for Nakuri\naukri_scraper.py", line 145, in make_driver
    driver = uc.Chrome(options=options)   # no use_subprocess, no headless
             ^^^^^^^^^^^^^^^^^^^^^^^^^^
  File "C:\Users\bharath kumar\AppData\Local\Programs\Python\Python311\Lib\site-packages\undetected_chromedriver\__init__.py", line 258, in __init__
    self.patcher.auto()
  File "C:\Users\bharath kumar\AppData\Local\Programs\Python\Python311\Lib\site-packages\undetected_chromedriver\patcher.py", line 175, in auto
    release = self.fetch_release_number()
              ^^^^^^^^^^^^^^^^^^^^^^^^^^^
  File "C:\Users\bharath kumar\AppData\Local\Programs\Python\Python311\Lib\site-packages\undetected_chromedriver\patcher.py", line 250, in fetch_release_number
    with urlopen(self.url_repo + path) as conn:
         ^^^^^^^^^^^^^^^^^^^^^^^^^^^^^
  File "C:\Users\bharath kumar\AppData\Local\Programs\Python\Python311\Lib\urllib\request.py", line 216, in urlopen
    return opener.open(url, data, timeout)
           ^^^^^^^^^^^^^^^^^^^^^^^^^^^^^^^
  File "C:\Users\bharath kumar\AppData\Local\Programs\Python\Python311\Lib\urllib\request.py", line 519, in open
    response = self._open(req, data)
               ^^^^^^^^^^^^^^^^^^^^^
  File "C:\Users\bharath kumar\AppData\Local\Programs\Python\Python311\Lib\urllib\request.py", line 536, in _open
    result = self._call_chain(self.handle_open, protocol, protocol +
             ^^^^^^^^^^^^^^^^^^^^^^^^^^^^^^^^^^^^^^^^^^^^^^^^^^^^^^^
  File "C:\Users\bharath kumar\AppData\Local\Programs\Python\Python311\Lib\urllib\request.py", line 496, in _call_chain
    result = func(*args)
             ^^^^^^^^^^^
  File "C:\Users\bharath kumar\AppData\Local\Programs\Python\Python311\Lib\urllib\request.py", line 1391, in https_open
    return self.do_open(http.client.HTTPSConnection, req,
           ^^^^^^^^^^^^^^^^^^^^^^^^^^^^^^^^^^^^^^^^^^^^^^
  File "C:\Users\bharath kumar\AppData\Local\Programs\Python\Python311\Lib\urllib\request.py", line 1351, in do_open
    raise URLError(err)
urllib.error.URLError: <urlopen error [Errno 11001] getaddrinfo failed>

2026-06-12 01:32:29,318 [ERROR] Keyword 'Income Tax': Traceback (most recent call last):
  File "C:\Users\bharath kumar\AppData\Local\Programs\Python\Python311\Lib\urllib\request.py", line 1348, in do_open
    h.request(req.get_method(), req.selector, req.data, headers,
  File "C:\Users\bharath kumar\AppData\Local\Programs\Python\Python311\Lib\http\client.py", line 1286, in request
    self._send_request(method, url, body, headers, encode_chunked)
  File "C:\Users\bharath kumar\AppData\Local\Programs\Python\Python311\Lib\http\client.py", line 1332, in _send_request
    self.endheaders(body, encode_chunked=encode_chunked)
  File "C:\Users\bharath kumar\AppData\Local\Programs\Python\Python311\Lib\http\client.py", line 1281, in endheaders
    self._send_output(message_body, encode_chunked=encode_chunked)
  File "C:\Users\bharath kumar\AppData\Local\Programs\Python\Python311\Lib\http\client.py", line 1041, in _send_output
    self.send(msg)
  File "C:\Users\bharath kumar\AppData\Local\Programs\Python\Python311\Lib\http\client.py", line 979, in send
    self.connect()
  File "C:\Users\bharath kumar\AppData\Local\Programs\Python\Python311\Lib\http\client.py", line 1451, in connect
    super().connect()
  File "C:\Users\bharath kumar\AppData\Local\Programs\Python\Python311\Lib\http\client.py", line 945, in connect
    self.sock = self._create_connection(
                ^^^^^^^^^^^^^^^^^^^^^^^^
  File "C:\Users\bharath kumar\AppData\Local\Programs\Python\Python311\Lib\socket.py", line 827, in create_connection
    for res in getaddrinfo(host, port, 0, SOCK_STREAM):
               ^^^^^^^^^^^^^^^^^^^^^^^^^^^^^^^^^^^^^^^
  File "C:\Users\bharath kumar\AppData\Local\Programs\Python\Python311\Lib\socket.py", line 962, in getaddrinfo
    for res in _socket.getaddrinfo(host, port, family, type, proto, flags):
               ^^^^^^^^^^^^^^^^^^^^^^^^^^^^^^^^^^^^^^^^^^^^^^^^^^^^^^^^^^^
socket.gaierror: [Errno 11001] getaddrinfo failed

During handling of the above exception, another exception occurred:

Traceback (most recent call last):
  File "C:\Users\bharath kumar\Desktop\Web Scraper for Nakuri\naukri_scraper.py", line 503, in process_keyword
    driver = make_driver()
             ^^^^^^^^^^^^^
  File "C:\Users\bharath kumar\Desktop\Web Scraper for Nakuri\naukri_scraper.py", line 145, in make_driver
    driver = uc.Chrome(options=options)   # no use_subprocess, no headless
             ^^^^^^^^^^^^^^^^^^^^^^^^^^
  File "C:\Users\bharath kumar\AppData\Local\Programs\Python\Python311\Lib\site-packages\undetected_chromedriver\__init__.py", line 258, in __init__
    self.patcher.auto()
  File "C:\Users\bharath kumar\AppData\Local\Programs\Python\Python311\Lib\site-packages\undetected_chromedriver\patcher.py", line 175, in auto
    release = self.fetch_release_number()
              ^^^^^^^^^^^^^^^^^^^^^^^^^^^
  File "C:\Users\bharath kumar\AppData\Local\Programs\Python\Python311\Lib\site-packages\undetected_chromedriver\patcher.py", line 250, in fetch_release_number
    with urlopen(self.url_repo + path) as conn:
         ^^^^^^^^^^^^^^^^^^^^^^^^^^^^^
  File "C:\Users\bharath kumar\AppData\Local\Programs\Python\Python311\Lib\urllib\request.py", line 216, in urlopen
    return opener.open(url, data, timeout)
           ^^^^^^^^^^^^^^^^^^^^^^^^^^^^^^^
  File "C:\Users\bharath kumar\AppData\Local\Programs\Python\Python311\Lib\urllib\request.py", line 519, in open
    response = self._open(req, data)
               ^^^^^^^^^^^^^^^^^^^^^
  File "C:\Users\bharath kumar\AppData\Local\Programs\Python\Python311\Lib\urllib\request.py", line 536, in _open
    result = self._call_chain(self.handle_open, protocol, protocol +
             ^^^^^^^^^^^^^^^^^^^^^^^^^^^^^^^^^^^^^^^^^^^^^^^^^^^^^^^
  File "C:\Users\bharath kumar\AppData\Local\Programs\Python\Python311\Lib\urllib\request.py", line 496, in _call_chain
    result = func(*args)
             ^^^^^^^^^^^
  File "C:\Users\bharath kumar\AppData\Local\Programs\Python\Python311\Lib\urllib\request.py", line 1391, in https_open
    return self.do_open(http.client.HTTPSConnection, req,
           ^^^^^^^^^^^^^^^^^^^^^^^^^^^^^^^^^^^^^^^^^^^^^^
  File "C:\Users\bharath kumar\AppData\Local\Programs\Python\Python311\Lib\urllib\request.py", line 1351, in do_open
    raise URLError(err)
urllib.error.URLError: <urlopen error [Errno 11001] getaddrinfo failed>

2026-06-12 01:32:29,334 [ERROR] Keyword 'Java Developer': Traceback (most recent call last):
  File "C:\Users\bharath kumar\AppData\Local\Programs\Python\Python311\Lib\urllib\request.py", line 1348, in do_open
    h.request(req.get_method(), req.selector, req.data, headers,
  File "C:\Users\bharath kumar\AppData\Local\Programs\Python\Python311\Lib\http\client.py", line 1286, in request
    self._send_request(method, url, body, headers, encode_chunked)
  File "C:\Users\bharath kumar\AppData\Local\Programs\Python\Python311\Lib\http\client.py", line 1332, in _send_request
    self.endheaders(body, encode_chunked=encode_chunked)
  File "C:\Users\bharath kumar\AppData\Local\Programs\Python\Python311\Lib\http\client.py", line 1281, in endheaders
    self._send_output(message_body, encode_chunked=encode_chunked)
  File "C:\Users\bharath kumar\AppData\Local\Programs\Python\Python311\Lib\http\client.py", line 1041, in _send_output
    self.send(msg)
  File "C:\Users\bharath kumar\AppData\Local\Programs\Python\Python311\Lib\http\client.py", line 979, in send
    self.connect()
  File "C:\Users\bharath kumar\AppData\Local\Programs\Python\Python311\Lib\http\client.py", line 1451, in connect
    super().connect()
  File "C:\Users\bharath kumar\AppData\Local\Programs\Python\Python311\Lib\http\client.py", line 945, in connect
    self.sock = self._create_connection(
                ^^^^^^^^^^^^^^^^^^^^^^^^
  File "C:\Users\bharath kumar\AppData\Local\Programs\Python\Python311\Lib\socket.py", line 827, in create_connection
    for res in getaddrinfo(host, port, 0, SOCK_STREAM):
               ^^^^^^^^^^^^^^^^^^^^^^^^^^^^^^^^^^^^^^^
  File "C:\Users\bharath kumar\AppData\Local\Programs\Python\Python311\Lib\socket.py", line 962, in getaddrinfo
    for res in _socket.getaddrinfo(host, port, family, type, proto, flags):
               ^^^^^^^^^^^^^^^^^^^^^^^^^^^^^^^^^^^^^^^^^^^^^^^^^^^^^^^^^^^
socket.gaierror: [Errno 11001] getaddrinfo failed

During handling of the above exception, another exception occurred:

Traceback (most recent call last):
  File "C:\Users\bharath kumar\Desktop\Web Scraper for Nakuri\naukri_scraper.py", line 503, in process_keyword
    driver = make_driver()
             ^^^^^^^^^^^^^
  File "C:\Users\bharath kumar\Desktop\Web Scraper for Nakuri\naukri_scraper.py", line 145, in make_driver
    driver = uc.Chrome(options=options)   # no use_subprocess, no headless
             ^^^^^^^^^^^^^^^^^^^^^^^^^^
  File "C:\Users\bharath kumar\AppData\Local\Programs\Python\Python311\Lib\site-packages\undetected_chromedriver\__init__.py", line 258, in __init__
    self.patcher.auto()
  File "C:\Users\bharath kumar\AppData\Local\Programs\Python\Python311\Lib\site-packages\undetected_chromedriver\patcher.py", line 175, in auto
    release = self.fetch_release_number()
              ^^^^^^^^^^^^^^^^^^^^^^^^^^^
  File "C:\Users\bharath kumar\AppData\Local\Programs\Python\Python311\Lib\site-packages\undetected_chromedriver\patcher.py", line 250, in fetch_release_number
    with urlopen(self.url_repo + path) as conn:
         ^^^^^^^^^^^^^^^^^^^^^^^^^^^^^
  File "C:\Users\bharath kumar\AppData\Local\Programs\Python\Python311\Lib\urllib\request.py", line 216, in urlopen
    return opener.open(url, data, timeout)
           ^^^^^^^^^^^^^^^^^^^^^^^^^^^^^^^
  File "C:\Users\bharath kumar\AppData\Local\Programs\Python\Python311\Lib\urllib\request.py", line 519, in open
    response = self._open(req, data)
               ^^^^^^^^^^^^^^^^^^^^^
  File "C:\Users\bharath kumar\AppData\Local\Programs\Python\Python311\Lib\urllib\request.py", line 536, in _open
    result = self._call_chain(self.handle_open, protocol, protocol +
             ^^^^^^^^^^^^^^^^^^^^^^^^^^^^^^^^^^^^^^^^^^^^^^^^^^^^^^^
  File "C:\Users\bharath kumar\AppData\Local\Programs\Python\Python311\Lib\urllib\request.py", line 496, in _call_chain
    result = func(*args)
             ^^^^^^^^^^^
  File "C:\Users\bharath kumar\AppData\Local\Programs\Python\Python311\Lib\urllib\request.py", line 1391, in https_open
    return self.do_open(http.client.HTTPSConnection, req,
           ^^^^^^^^^^^^^^^^^^^^^^^^^^^^^^^^^^^^^^^^^^^^^^
  File "C:\Users\bharath kumar\AppData\Local\Programs\Python\Python311\Lib\urllib\request.py", line 1351, in do_open
    raise URLError(err)
urllib.error.URLError: <urlopen error [Errno 11001] getaddrinfo failed>

2026-06-12 01:32:29,348 [ERROR] Keyword 'Journal Entries': Traceback (most recent call last):
  File "C:\Users\bharath kumar\AppData\Local\Programs\Python\Python311\Lib\urllib\request.py", line 1348, in do_open
    h.request(req.get_method(), req.selector, req.data, headers,
  File "C:\Users\bharath kumar\AppData\Local\Programs\Python\Python311\Lib\http\client.py", line 1286, in request
    self._send_request(method, url, body, headers, encode_chunked)
  File "C:\Users\bharath kumar\AppData\Local\Programs\Python\Python311\Lib\http\client.py", line 1332, in _send_request
    self.endheaders(body, encode_chunked=encode_chunked)
  File "C:\Users\bharath kumar\AppData\Local\Programs\Python\Python311\Lib\http\client.py", line 1281, in endheaders
    self._send_output(message_body, encode_chunked=encode_chunked)
  File "C:\Users\bharath kumar\AppData\Local\Programs\Python\Python311\Lib\http\client.py", line 1041, in _send_output
    self.send(msg)
  File "C:\Users\bharath kumar\AppData\Local\Programs\Python\Python311\Lib\http\client.py", line 979, in send
    self.connect()
  File "C:\Users\bharath kumar\AppData\Local\Programs\Python\Python311\Lib\http\client.py", line 1451, in connect
    super().connect()
  File "C:\Users\bharath kumar\AppData\Local\Programs\Python\Python311\Lib\http\client.py", line 945, in connect
    self.sock = self._create_connection(
                ^^^^^^^^^^^^^^^^^^^^^^^^
  File "C:\Users\bharath kumar\AppData\Local\Programs\Python\Python311\Lib\socket.py", line 827, in create_connection
    for res in getaddrinfo(host, port, 0, SOCK_STREAM):
               ^^^^^^^^^^^^^^^^^^^^^^^^^^^^^^^^^^^^^^^
  File "C:\Users\bharath kumar\AppData\Local\Programs\Python\Python311\Lib\socket.py", line 962, in getaddrinfo
    for res in _socket.getaddrinfo(host, port, family, type, proto, flags):
               ^^^^^^^^^^^^^^^^^^^^^^^^^^^^^^^^^^^^^^^^^^^^^^^^^^^^^^^^^^^
socket.gaierror: [Errno 11001] getaddrinfo failed

During handling of the above exception, another exception occurred:

Traceback (most recent call last):
  File "C:\Users\bharath kumar\Desktop\Web Scraper for Nakuri\naukri_scraper.py", line 503, in process_keyword
    driver = make_driver()
             ^^^^^^^^^^^^^
  File "C:\Users\bharath kumar\Desktop\Web Scraper for Nakuri\naukri_scraper.py", line 145, in make_driver
    driver = uc.Chrome(options=options)   # no use_subprocess, no headless
             ^^^^^^^^^^^^^^^^^^^^^^^^^^
  File "C:\Users\bharath kumar\AppData\Local\Programs\Python\Python311\Lib\site-packages\undetected_chromedriver\__init__.py", line 258, in __init__
    self.patcher.auto()
  File "C:\Users\bharath kumar\AppData\Local\Programs\Python\Python311\Lib\site-packages\undetected_chromedriver\patcher.py", line 175, in auto
    release = self.fetch_release_number()
              ^^^^^^^^^^^^^^^^^^^^^^^^^^^
  File "C:\Users\bharath kumar\AppData\Local\Programs\Python\Python311\Lib\site-packages\undetected_chromedriver\patcher.py", line 250, in fetch_release_number
    with urlopen(self.url_repo + path) as conn:
         ^^^^^^^^^^^^^^^^^^^^^^^^^^^^^
  File "C:\Users\bharath kumar\AppData\Local\Programs\Python\Python311\Lib\urllib\request.py", line 216, in urlopen
    return opener.open(url, data, timeout)
           ^^^^^^^^^^^^^^^^^^^^^^^^^^^^^^^
  File "C:\Users\bharath kumar\AppData\Local\Programs\Python\Python311\Lib\urllib\request.py", line 519, in open
    response = self._open(req, data)
               ^^^^^^^^^^^^^^^^^^^^^
  File "C:\Users\bharath kumar\AppData\Local\Programs\Python\Python311\Lib\urllib\request.py", line 536, in _open
    result = self._call_chain(self.handle_open, protocol, protocol +
             ^^^^^^^^^^^^^^^^^^^^^^^^^^^^^^^^^^^^^^^^^^^^^^^^^^^^^^^
  File "C:\Users\bharath kumar\AppData\Local\Programs\Python\Python311\Lib\urllib\request.py", line 496, in _call_chain
    result = func(*args)
             ^^^^^^^^^^^
  File "C:\Users\bharath kumar\AppData\Local\Programs\Python\Python311\Lib\urllib\request.py", line 1391, in https_open
    return self.do_open(http.client.HTTPSConnection, req,
           ^^^^^^^^^^^^^^^^^^^^^^^^^^^^^^^^^^^^^^^^^^^^^^
  File "C:\Users\bharath kumar\AppData\Local\Programs\Python\Python311\Lib\urllib\request.py", line 1351, in do_open
    raise URLError(err)
urllib.error.URLError: <urlopen error [Errno 11001] getaddrinfo failed>

2026-06-12 01:32:29,363 [ERROR] Keyword 'Kotlin Developer': Traceback (most recent call last):
  File "C:\Users\bharath kumar\AppData\Local\Programs\Python\Python311\Lib\urllib\request.py", line 1348, in do_open
    h.request(req.get_method(), req.selector, req.data, headers,
  File "C:\Users\bharath kumar\AppData\Local\Programs\Python\Python311\Lib\http\client.py", line 1286, in request
    self._send_request(method, url, body, headers, encode_chunked)
  File "C:\Users\bharath kumar\AppData\Local\Programs\Python\Python311\Lib\http\client.py", line 1332, in _send_request
    self.endheaders(body, encode_chunked=encode_chunked)
  File "C:\Users\bharath kumar\AppData\Local\Programs\Python\Python311\Lib\http\client.py", line 1281, in endheaders
    self._send_output(message_body, encode_chunked=encode_chunked)
  File "C:\Users\bharath kumar\AppData\Local\Programs\Python\Python311\Lib\http\client.py", line 1041, in _send_output
    self.send(msg)
  File "C:\Users\bharath kumar\AppData\Local\Programs\Python\Python311\Lib\http\client.py", line 979, in send
    self.connect()
  File "C:\Users\bharath kumar\AppData\Local\Programs\Python\Python311\Lib\http\client.py", line 1451, in connect
    super().connect()
  File "C:\Users\bharath kumar\AppData\Local\Programs\Python\Python311\Lib\http\client.py", line 945, in connect
    self.sock = self._create_connection(
                ^^^^^^^^^^^^^^^^^^^^^^^^
  File "C:\Users\bharath kumar\AppData\Local\Programs\Python\Python311\Lib\socket.py", line 827, in create_connection
    for res in getaddrinfo(host, port, 0, SOCK_STREAM):
               ^^^^^^^^^^^^^^^^^^^^^^^^^^^^^^^^^^^^^^^
  File "C:\Users\bharath kumar\AppData\Local\Programs\Python\Python311\Lib\socket.py", line 962, in getaddrinfo
    for res in _socket.getaddrinfo(host, port, family, type, proto, flags):
               ^^^^^^^^^^^^^^^^^^^^^^^^^^^^^^^^^^^^^^^^^^^^^^^^^^^^^^^^^^^
socket.gaierror: [Errno 11001] getaddrinfo failed

During handling of the above exception, another exception occurred:

Traceback (most recent call last):
  File "C:\Users\bharath kumar\Desktop\Web Scraper for Nakuri\naukri_scraper.py", line 503, in process_keyword
    driver = make_driver()
             ^^^^^^^^^^^^^
  File "C:\Users\bharath kumar\Desktop\Web Scraper for Nakuri\naukri_scraper.py", line 145, in make_driver
    driver = uc.Chrome(options=options)   # no use_subprocess, no headless
             ^^^^^^^^^^^^^^^^^^^^^^^^^^
  File "C:\Users\bharath kumar\AppData\Local\Programs\Python\Python311\Lib\site-packages\undetected_chromedriver\__init__.py", line 258, in __init__
    self.patcher.auto()
  File "C:\Users\bharath kumar\AppData\Local\Programs\Python\Python311\Lib\site-packages\undetected_chromedriver\patcher.py", line 175, in auto
    release = self.fetch_release_number()
              ^^^^^^^^^^^^^^^^^^^^^^^^^^^
  File "C:\Users\bharath kumar\AppData\Local\Programs\Python\Python311\Lib\site-packages\undetected_chromedriver\patcher.py", line 250, in fetch_release_number
    with urlopen(self.url_repo + path) as conn:
         ^^^^^^^^^^^^^^^^^^^^^^^^^^^^^
  File "C:\Users\bharath kumar\AppData\Local\Programs\Python\Python311\Lib\urllib\request.py", line 216, in urlopen
    return opener.open(url, data, timeout)
           ^^^^^^^^^^^^^^^^^^^^^^^^^^^^^^^
  File "C:\Users\bharath kumar\AppData\Local\Programs\Python\Python311\Lib\urllib\request.py", line 519, in open
    response = self._open(req, data)
               ^^^^^^^^^^^^^^^^^^^^^
  File "C:\Users\bharath kumar\AppData\Local\Programs\Python\Python311\Lib\urllib\request.py", line 536, in _open
    result = self._call_chain(self.handle_open, protocol, protocol +
             ^^^^^^^^^^^^^^^^^^^^^^^^^^^^^^^^^^^^^^^^^^^^^^^^^^^^^^^
  File "C:\Users\bharath kumar\AppData\Local\Programs\Python\Python311\Lib\urllib\request.py", line 496, in _call_chain
    result = func(*args)
             ^^^^^^^^^^^
  File "C:\Users\bharath kumar\AppData\Local\Programs\Python\Python311\Lib\urllib\request.py", line 1391, in https_open
    return self.do_open(http.client.HTTPSConnection, req,
           ^^^^^^^^^^^^^^^^^^^^^^^^^^^^^^^^^^^^^^^^^^^^^^
  File "C:\Users\bharath kumar\AppData\Local\Programs\Python\Python311\Lib\urllib\request.py", line 1351, in do_open
    raise URLError(err)
urllib.error.URLError: <urlopen error [Errno 11001] getaddrinfo failed>

2026-06-12 01:32:29,373 [ERROR] Keyword 'Kubernetes Engineer': Traceback (most recent call last):
  File "C:\Users\bharath kumar\AppData\Local\Programs\Python\Python311\Lib\urllib\request.py", line 1348, in do_open
    h.request(req.get_method(), req.selector, req.data, headers,
  File "C:\Users\bharath kumar\AppData\Local\Programs\Python\Python311\Lib\http\client.py", line 1286, in request
    self._send_request(method, url, body, headers, encode_chunked)
  File "C:\Users\bharath kumar\AppData\Local\Programs\Python\Python311\Lib\http\client.py", line 1332, in _send_request
    self.endheaders(body, encode_chunked=encode_chunked)
  File "C:\Users\bharath kumar\AppData\Local\Programs\Python\Python311\Lib\http\client.py", line 1281, in endheaders
    self._send_output(message_body, encode_chunked=encode_chunked)
  File "C:\Users\bharath kumar\AppData\Local\Programs\Python\Python311\Lib\http\client.py", line 1041, in _send_output
    self.send(msg)
  File "C:\Users\bharath kumar\AppData\Local\Programs\Python\Python311\Lib\http\client.py", line 979, in send
    self.connect()
  File "C:\Users\bharath kumar\AppData\Local\Programs\Python\Python311\Lib\http\client.py", line 1451, in connect
    super().connect()
  File "C:\Users\bharath kumar\AppData\Local\Programs\Python\Python311\Lib\http\client.py", line 945, in connect
    self.sock = self._create_connection(
                ^^^^^^^^^^^^^^^^^^^^^^^^
  File "C:\Users\bharath kumar\AppData\Local\Programs\Python\Python311\Lib\socket.py", line 827, in create_connection
    for res in getaddrinfo(host, port, 0, SOCK_STREAM):
               ^^^^^^^^^^^^^^^^^^^^^^^^^^^^^^^^^^^^^^^
  File "C:\Users\bharath kumar\AppData\Local\Programs\Python\Python311\Lib\socket.py", line 962, in getaddrinfo
    for res in _socket.getaddrinfo(host, port, family, type, proto, flags):
               ^^^^^^^^^^^^^^^^^^^^^^^^^^^^^^^^^^^^^^^^^^^^^^^^^^^^^^^^^^^
socket.gaierror: [Errno 11001] getaddrinfo failed

During handling of the above exception, another exception occurred:

Traceback (most recent call last):
  File "C:\Users\bharath kumar\Desktop\Web Scraper for Nakuri\naukri_scraper.py", line 503, in process_keyword
    driver = make_driver()
             ^^^^^^^^^^^^^
  File "C:\Users\bharath kumar\Desktop\Web Scraper for Nakuri\naukri_scraper.py", line 145, in make_driver
    driver = uc.Chrome(options=options)   # no use_subprocess, no headless
             ^^^^^^^^^^^^^^^^^^^^^^^^^^
  File "C:\Users\bharath kumar\AppData\Local\Programs\Python\Python311\Lib\site-packages\undetected_chromedriver\__init__.py", line 258, in __init__
    self.patcher.auto()
  File "C:\Users\bharath kumar\AppData\Local\Programs\Python\Python311\Lib\site-packages\undetected_chromedriver\patcher.py", line 175, in auto
    release = self.fetch_release_number()
              ^^^^^^^^^^^^^^^^^^^^^^^^^^^
  File "C:\Users\bharath kumar\AppData\Local\Programs\Python\Python311\Lib\site-packages\undetected_chromedriver\patcher.py", line 250, in fetch_release_number
    with urlopen(self.url_repo + path) as conn:
         ^^^^^^^^^^^^^^^^^^^^^^^^^^^^^
  File "C:\Users\bharath kumar\AppData\Local\Programs\Python\Python311\Lib\urllib\request.py", line 216, in urlopen
    return opener.open(url, data, timeout)
           ^^^^^^^^^^^^^^^^^^^^^^^^^^^^^^^
  File "C:\Users\bharath kumar\AppData\Local\Programs\Python\Python311\Lib\urllib\request.py", line 519, in open
    response = self._open(req, data)
               ^^^^^^^^^^^^^^^^^^^^^
  File "C:\Users\bharath kumar\AppData\Local\Programs\Python\Python311\Lib\urllib\request.py", line 536, in _open
    result = self._call_chain(self.handle_open, protocol, protocol +
             ^^^^^^^^^^^^^^^^^^^^^^^^^^^^^^^^^^^^^^^^^^^^^^^^^^^^^^^
  File "C:\Users\bharath kumar\AppData\Local\Programs\Python\Python311\Lib\urllib\request.py", line 496, in _call_chain
    result = func(*args)
             ^^^^^^^^^^^
  File "C:\Users\bharath kumar\AppData\Local\Programs\Python\Python311\Lib\urllib\request.py", line 1391, in https_open
    return self.do_open(http.client.HTTPSConnection, req,
           ^^^^^^^^^^^^^^^^^^^^^^^^^^^^^^^^^^^^^^^^^^^^^^
  File "C:\Users\bharath kumar\AppData\Local\Programs\Python\Python311\Lib\urllib\request.py", line 1351, in do_open
    raise URLError(err)
urllib.error.URLError: <urlopen error [Errno 11001] getaddrinfo failed>

2026-06-12 01:32:29,387 [ERROR] Keyword 'Lawyer': Traceback (most recent call last):
  File "C:\Users\bharath kumar\AppData\Local\Programs\Python\Python311\Lib\urllib\request.py", line 1348, in do_open
    h.request(req.get_method(), req.selector, req.data, headers,
  File "C:\Users\bharath kumar\AppData\Local\Programs\Python\Python311\Lib\http\client.py", line 1286, in request
    self._send_request(method, url, body, headers, encode_chunked)
  File "C:\Users\bharath kumar\AppData\Local\Programs\Python\Python311\Lib\http\client.py", line 1332, in _send_request
    self.endheaders(body, encode_chunked=encode_chunked)
  File "C:\Users\bharath kumar\AppData\Local\Programs\Python\Python311\Lib\http\client.py", line 1281, in endheaders
    self._send_output(message_body, encode_chunked=encode_chunked)
  File "C:\Users\bharath kumar\AppData\Local\Programs\Python\Python311\Lib\http\client.py", line 1041, in _send_output
    self.send(msg)
  File "C:\Users\bharath kumar\AppData\Local\Programs\Python\Python311\Lib\http\client.py", line 979, in send
    self.connect()
  File "C:\Users\bharath kumar\AppData\Local\Programs\Python\Python311\Lib\http\client.py", line 1451, in connect
    super().connect()
  File "C:\Users\bharath kumar\AppData\Local\Programs\Python\Python311\Lib\http\client.py", line 945, in connect
    self.sock = self._create_connection(
                ^^^^^^^^^^^^^^^^^^^^^^^^
  File "C:\Users\bharath kumar\AppData\Local\Programs\Python\Python311\Lib\socket.py", line 827, in create_connection
    for res in getaddrinfo(host, port, 0, SOCK_STREAM):
               ^^^^^^^^^^^^^^^^^^^^^^^^^^^^^^^^^^^^^^^
  File "C:\Users\bharath kumar\AppData\Local\Programs\Python\Python311\Lib\socket.py", line 962, in getaddrinfo
    for res in _socket.getaddrinfo(host, port, family, type, proto, flags):
               ^^^^^^^^^^^^^^^^^^^^^^^^^^^^^^^^^^^^^^^^^^^^^^^^^^^^^^^^^^^
socket.gaierror: [Errno 11001] getaddrinfo failed

During handling of the above exception, another exception occurred:

Traceback (most recent call last):
  File "C:\Users\bharath kumar\Desktop\Web Scraper for Nakuri\naukri_scraper.py", line 503, in process_keyword
    driver = make_driver()
             ^^^^^^^^^^^^^
  File "C:\Users\bharath kumar\Desktop\Web Scraper for Nakuri\naukri_scraper.py", line 145, in make_driver
    driver = uc.Chrome(options=options)   # no use_subprocess, no headless
             ^^^^^^^^^^^^^^^^^^^^^^^^^^
  File "C:\Users\bharath kumar\AppData\Local\Programs\Python\Python311\Lib\site-packages\undetected_chromedriver\__init__.py", line 258, in __init__
    self.patcher.auto()
  File "C:\Users\bharath kumar\AppData\Local\Programs\Python\Python311\Lib\site-packages\undetected_chromedriver\patcher.py", line 175, in auto
    release = self.fetch_release_number()
              ^^^^^^^^^^^^^^^^^^^^^^^^^^^
  File "C:\Users\bharath kumar\AppData\Local\Programs\Python\Python311\Lib\site-packages\undetected_chromedriver\patcher.py", line 250, in fetch_release_number
    with urlopen(self.url_repo + path) as conn:
         ^^^^^^^^^^^^^^^^^^^^^^^^^^^^^
  File "C:\Users\bharath kumar\AppData\Local\Programs\Python\Python311\Lib\urllib\request.py", line 216, in urlopen
    return opener.open(url, data, timeout)
           ^^^^^^^^^^^^^^^^^^^^^^^^^^^^^^^
  File "C:\Users\bharath kumar\AppData\Local\Programs\Python\Python311\Lib\urllib\request.py", line 519, in open
    response = self._open(req, data)
               ^^^^^^^^^^^^^^^^^^^^^
  File "C:\Users\bharath kumar\AppData\Local\Programs\Python\Python311\Lib\urllib\request.py", line 536, in _open
    result = self._call_chain(self.handle_open, protocol, protocol +
             ^^^^^^^^^^^^^^^^^^^^^^^^^^^^^^^^^^^^^^^^^^^^^^^^^^^^^^^
  File "C:\Users\bharath kumar\AppData\Local\Programs\Python\Python311\Lib\urllib\request.py", line 496, in _call_chain
    result = func(*args)
             ^^^^^^^^^^^
  File "C:\Users\bharath kumar\AppData\Local\Programs\Python\Python311\Lib\urllib\request.py", line 1391, in https_open
    return self.do_open(http.client.HTTPSConnection, req,
           ^^^^^^^^^^^^^^^^^^^^^^^^^^^^^^^^^^^^^^^^^^^^^^
  File "C:\Users\bharath kumar\AppData\Local\Programs\Python\Python311\Lib\urllib\request.py", line 1351, in do_open
    raise URLError(err)
urllib.error.URLError: <urlopen error [Errno 11001] getaddrinfo failed>

2026-06-12 01:32:29,402 [ERROR] Keyword 'Lecturer': Traceback (most recent call last):
  File "C:\Users\bharath kumar\AppData\Local\Programs\Python\Python311\Lib\urllib\request.py", line 1348, in do_open
    h.request(req.get_method(), req.selector, req.data, headers,
  File "C:\Users\bharath kumar\AppData\Local\Programs\Python\Python311\Lib\http\client.py", line 1286, in request
    self._send_request(method, url, body, headers, encode_chunked)
  File "C:\Users\bharath kumar\AppData\Local\Programs\Python\Python311\Lib\http\client.py", line 1332, in _send_request
    self.endheaders(body, encode_chunked=encode_chunked)
  File "C:\Users\bharath kumar\AppData\Local\Programs\Python\Python311\Lib\http\client.py", line 1281, in endheaders
    self._send_output(message_body, encode_chunked=encode_chunked)
  File "C:\Users\bharath kumar\AppData\Local\Programs\Python\Python311\Lib\http\client.py", line 1041, in _send_output
    self.send(msg)
  File "C:\Users\bharath kumar\AppData\Local\Programs\Python\Python311\Lib\http\client.py", line 979, in send
    self.connect()
  File "C:\Users\bharath kumar\AppData\Local\Programs\Python\Python311\Lib\http\client.py", line 1451, in connect
    super().connect()
  File "C:\Users\bharath kumar\AppData\Local\Programs\Python\Python311\Lib\http\client.py", line 945, in connect
    self.sock = self._create_connection(
                ^^^^^^^^^^^^^^^^^^^^^^^^
  File "C:\Users\bharath kumar\AppData\Local\Programs\Python\Python311\Lib\socket.py", line 827, in create_connection
    for res in getaddrinfo(host, port, 0, SOCK_STREAM):
               ^^^^^^^^^^^^^^^^^^^^^^^^^^^^^^^^^^^^^^^
  File "C:\Users\bharath kumar\AppData\Local\Programs\Python\Python311\Lib\socket.py", line 962, in getaddrinfo
    for res in _socket.getaddrinfo(host, port, family, type, proto, flags):
               ^^^^^^^^^^^^^^^^^^^^^^^^^^^^^^^^^^^^^^^^^^^^^^^^^^^^^^^^^^^
socket.gaierror: [Errno 11001] getaddrinfo failed

During handling of the above exception, another exception occurred:

Traceback (most recent call last):
  File "C:\Users\bharath kumar\Desktop\Web Scraper for Nakuri\naukri_scraper.py", line 503, in process_keyword
    driver = make_driver()
             ^^^^^^^^^^^^^
  File "C:\Users\bharath kumar\Desktop\Web Scraper for Nakuri\naukri_scraper.py", line 145, in make_driver
    driver = uc.Chrome(options=options)   # no use_subprocess, no headless
             ^^^^^^^^^^^^^^^^^^^^^^^^^^
  File "C:\Users\bharath kumar\AppData\Local\Programs\Python\Python311\Lib\site-packages\undetected_chromedriver\__init__.py", line 258, in __init__
    self.patcher.auto()
  File "C:\Users\bharath kumar\AppData\Local\Programs\Python\Python311\Lib\site-packages\undetected_chromedriver\patcher.py", line 175, in auto
    release = self.fetch_release_number()
              ^^^^^^^^^^^^^^^^^^^^^^^^^^^
  File "C:\Users\bharath kumar\AppData\Local\Programs\Python\Python311\Lib\site-packages\undetected_chromedriver\patcher.py", line 250, in fetch_release_number
    with urlopen(self.url_repo + path) as conn:
         ^^^^^^^^^^^^^^^^^^^^^^^^^^^^^
  File "C:\Users\bharath kumar\AppData\Local\Programs\Python\Python311\Lib\urllib\request.py", line 216, in urlopen
    return opener.open(url, data, timeout)
           ^^^^^^^^^^^^^^^^^^^^^^^^^^^^^^^
  File "C:\Users\bharath kumar\AppData\Local\Programs\Python\Python311\Lib\urllib\request.py", line 519, in open
    response = self._open(req, data)
               ^^^^^^^^^^^^^^^^^^^^^
  File "C:\Users\bharath kumar\AppData\Local\Programs\Python\Python311\Lib\urllib\request.py", line 536, in _open
    result = self._call_chain(self.handle_open, protocol, protocol +
             ^^^^^^^^^^^^^^^^^^^^^^^^^^^^^^^^^^^^^^^^^^^^^^^^^^^^^^^
  File "C:\Users\bharath kumar\AppData\Local\Programs\Python\Python311\Lib\urllib\request.py", line 496, in _call_chain
    result = func(*args)
             ^^^^^^^^^^^
  File "C:\Users\bharath kumar\AppData\Local\Programs\Python\Python311\Lib\urllib\request.py", line 1391, in https_open
    return self.do_open(http.client.HTTPSConnection, req,
           ^^^^^^^^^^^^^^^^^^^^^^^^^^^^^^^^^^^^^^^^^^^^^^
  File "C:\Users\bharath kumar\AppData\Local\Programs\Python\Python311\Lib\urllib\request.py", line 1351, in do_open
    raise URLError(err)
urllib.error.URLError: <urlopen error [Errno 11001] getaddrinfo failed>

2026-06-12 01:32:29,416 [ERROR] Keyword 'Legal Analyst': Traceback (most recent call last):
  File "C:\Users\bharath kumar\AppData\Local\Programs\Python\Python311\Lib\urllib\request.py", line 1348, in do_open
    h.request(req.get_method(), req.selector, req.data, headers,
  File "C:\Users\bharath kumar\AppData\Local\Programs\Python\Python311\Lib\http\client.py", line 1286, in request
    self._send_request(method, url, body, headers, encode_chunked)
  File "C:\Users\bharath kumar\AppData\Local\Programs\Python\Python311\Lib\http\client.py", line 1332, in _send_request
    self.endheaders(body, encode_chunked=encode_chunked)
  File "C:\Users\bharath kumar\AppData\Local\Programs\Python\Python311\Lib\http\client.py", line 1281, in endheaders
    self._send_output(message_body, encode_chunked=encode_chunked)
  File "C:\Users\bharath kumar\AppData\Local\Programs\Python\Python311\Lib\http\client.py", line 1041, in _send_output
    self.send(msg)
  File "C:\Users\bharath kumar\AppData\Local\Programs\Python\Python311\Lib\http\client.py", line 979, in send
    self.connect()
  File "C:\Users\bharath kumar\AppData\Local\Programs\Python\Python311\Lib\http\client.py", line 1451, in connect
    super().connect()
  File "C:\Users\bharath kumar\AppData\Local\Programs\Python\Python311\Lib\http\client.py", line 945, in connect
    self.sock = self._create_connection(
                ^^^^^^^^^^^^^^^^^^^^^^^^
  File "C:\Users\bharath kumar\AppData\Local\Programs\Python\Python311\Lib\socket.py", line 827, in create_connection
    for res in getaddrinfo(host, port, 0, SOCK_STREAM):
               ^^^^^^^^^^^^^^^^^^^^^^^^^^^^^^^^^^^^^^^
  File "C:\Users\bharath kumar\AppData\Local\Programs\Python\Python311\Lib\socket.py", line 962, in getaddrinfo
    for res in _socket.getaddrinfo(host, port, family, type, proto, flags):
               ^^^^^^^^^^^^^^^^^^^^^^^^^^^^^^^^^^^^^^^^^^^^^^^^^^^^^^^^^^^
socket.gaierror: [Errno 11001] getaddrinfo failed

During handling of the above exception, another exception occurred:

Traceback (most recent call last):
  File "C:\Users\bharath kumar\Desktop\Web Scraper for Nakuri\naukri_scraper.py", line 503, in process_keyword
    driver = make_driver()
             ^^^^^^^^^^^^^
  File "C:\Users\bharath kumar\Desktop\Web Scraper for Nakuri\naukri_scraper.py", line 145, in make_driver
    driver = uc.Chrome(options=options)   # no use_subprocess, no headless
             ^^^^^^^^^^^^^^^^^^^^^^^^^^
  File "C:\Users\bharath kumar\AppData\Local\Programs\Python\Python311\Lib\site-packages\undetected_chromedriver\__init__.py", line 258, in __init__
    self.patcher.auto()
  File "C:\Users\bharath kumar\AppData\Local\Programs\Python\Python311\Lib\site-packages\undetected_chromedriver\patcher.py", line 175, in auto
    release = self.fetch_release_number()
              ^^^^^^^^^^^^^^^^^^^^^^^^^^^
  File "C:\Users\bharath kumar\AppData\Local\Programs\Python\Python311\Lib\site-packages\undetected_chromedriver\patcher.py", line 250, in fetch_release_number
    with urlopen(self.url_repo + path) as conn:
         ^^^^^^^^^^^^^^^^^^^^^^^^^^^^^
  File "C:\Users\bharath kumar\AppData\Local\Programs\Python\Python311\Lib\urllib\request.py", line 216, in urlopen
    return opener.open(url, data, timeout)
           ^^^^^^^^^^^^^^^^^^^^^^^^^^^^^^^
  File "C:\Users\bharath kumar\AppData\Local\Programs\Python\Python311\Lib\urllib\request.py", line 519, in open
    response = self._open(req, data)
               ^^^^^^^^^^^^^^^^^^^^^
  File "C:\Users\bharath kumar\AppData\Local\Programs\Python\Python311\Lib\urllib\request.py", line 536, in _open
    result = self._call_chain(self.handle_open, protocol, protocol +
             ^^^^^^^^^^^^^^^^^^^^^^^^^^^^^^^^^^^^^^^^^^^^^^^^^^^^^^^
  File "C:\Users\bharath kumar\AppData\Local\Programs\Python\Python311\Lib\urllib\request.py", line 496, in _call_chain
    result = func(*args)
             ^^^^^^^^^^^
  File "C:\Users\bharath kumar\AppData\Local\Programs\Python\Python311\Lib\urllib\request.py", line 1391, in https_open
    return self.do_open(http.client.HTTPSConnection, req,
           ^^^^^^^^^^^^^^^^^^^^^^^^^^^^^^^^^^^^^^^^^^^^^^
  File "C:\Users\bharath kumar\AppData\Local\Programs\Python\Python311\Lib\urllib\request.py", line 1351, in do_open
    raise URLError(err)
urllib.error.URLError: <urlopen error [Errno 11001] getaddrinfo failed>

2026-06-12 01:32:29,435 [ERROR] Keyword 'Logistics Manager': Traceback (most recent call last):
  File "C:\Users\bharath kumar\AppData\Local\Programs\Python\Python311\Lib\urllib\request.py", line 1348, in do_open
    h.request(req.get_method(), req.selector, req.data, headers,
  File "C:\Users\bharath kumar\AppData\Local\Programs\Python\Python311\Lib\http\client.py", line 1286, in request
    self._send_request(method, url, body, headers, encode_chunked)
  File "C:\Users\bharath kumar\AppData\Local\Programs\Python\Python311\Lib\http\client.py", line 1332, in _send_request
    self.endheaders(body, encode_chunked=encode_chunked)
  File "C:\Users\bharath kumar\AppData\Local\Programs\Python\Python311\Lib\http\client.py", line 1281, in endheaders
    self._send_output(message_body, encode_chunked=encode_chunked)
  File "C:\Users\bharath kumar\AppData\Local\Programs\Python\Python311\Lib\http\client.py", line 1041, in _send_output
    self.send(msg)
  File "C:\Users\bharath kumar\AppData\Local\Programs\Python\Python311\Lib\http\client.py", line 979, in send
    self.connect()
  File "C:\Users\bharath kumar\AppData\Local\Programs\Python\Python311\Lib\http\client.py", line 1451, in connect
    super().connect()
  File "C:\Users\bharath kumar\AppData\Local\Programs\Python\Python311\Lib\http\client.py", line 945, in connect
    self.sock = self._create_connection(
                ^^^^^^^^^^^^^^^^^^^^^^^^
  File "C:\Users\bharath kumar\AppData\Local\Programs\Python\Python311\Lib\socket.py", line 827, in create_connection
    for res in getaddrinfo(host, port, 0, SOCK_STREAM):
               ^^^^^^^^^^^^^^^^^^^^^^^^^^^^^^^^^^^^^^^
  File "C:\Users\bharath kumar\AppData\Local\Programs\Python\Python311\Lib\socket.py", line 962, in getaddrinfo
    for res in _socket.getaddrinfo(host, port, family, type, proto, flags):
               ^^^^^^^^^^^^^^^^^^^^^^^^^^^^^^^^^^^^^^^^^^^^^^^^^^^^^^^^^^^
socket.gaierror: [Errno 11001] getaddrinfo failed

During handling of the above exception, another exception occurred:

Traceback (most recent call last):
  File "C:\Users\bharath kumar\Desktop\Web Scraper for Nakuri\naukri_scraper.py", line 503, in process_keyword
    driver = make_driver()
             ^^^^^^^^^^^^^
  File "C:\Users\bharath kumar\Desktop\Web Scraper for Nakuri\naukri_scraper.py", line 145, in make_driver
    driver = uc.Chrome(options=options)   # no use_subprocess, no headless
             ^^^^^^^^^^^^^^^^^^^^^^^^^^
  File "C:\Users\bharath kumar\AppData\Local\Programs\Python\Python311\Lib\site-packages\undetected_chromedriver\__init__.py", line 258, in __init__
    self.patcher.auto()
  File "C:\Users\bharath kumar\AppData\Local\Programs\Python\Python311\Lib\site-packages\undetected_chromedriver\patcher.py", line 175, in auto
    release = self.fetch_release_number()
              ^^^^^^^^^^^^^^^^^^^^^^^^^^^
  File "C:\Users\bharath kumar\AppData\Local\Programs\Python\Python311\Lib\site-packages\undetected_chromedriver\patcher.py", line 250, in fetch_release_number
    with urlopen(self.url_repo + path) as conn:
         ^^^^^^^^^^^^^^^^^^^^^^^^^^^^^
  File "C:\Users\bharath kumar\AppData\Local\Programs\Python\Python311\Lib\urllib\request.py", line 216, in urlopen
    return opener.open(url, data, timeout)
           ^^^^^^^^^^^^^^^^^^^^^^^^^^^^^^^
  File "C:\Users\bharath kumar\AppData\Local\Programs\Python\Python311\Lib\urllib\request.py", line 519, in open
    response = self._open(req, data)
               ^^^^^^^^^^^^^^^^^^^^^
  File "C:\Users\bharath kumar\AppData\Local\Programs\Python\Python311\Lib\urllib\request.py", line 536, in _open
    result = self._call_chain(self.handle_open, protocol, protocol +
             ^^^^^^^^^^^^^^^^^^^^^^^^^^^^^^^^^^^^^^^^^^^^^^^^^^^^^^^
  File "C:\Users\bharath kumar\AppData\Local\Programs\Python\Python311\Lib\urllib\request.py", line 496, in _call_chain
    result = func(*args)
             ^^^^^^^^^^^
  File "C:\Users\bharath kumar\AppData\Local\Programs\Python\Python311\Lib\urllib\request.py", line 1391, in https_open
    return self.do_open(http.client.HTTPSConnection, req,
           ^^^^^^^^^^^^^^^^^^^^^^^^^^^^^^^^^^^^^^^^^^^^^^
  File "C:\Users\bharath kumar\AppData\Local\Programs\Python\Python311\Lib\urllib\request.py", line 1351, in do_open
    raise URLError(err)
urllib.error.URLError: <urlopen error [Errno 11001] getaddrinfo failed>

2026-06-12 01:32:29,448 [ERROR] Keyword 'ML Ops': Traceback (most recent call last):
  File "C:\Users\bharath kumar\AppData\Local\Programs\Python\Python311\Lib\urllib\request.py", line 1348, in do_open
    h.request(req.get_method(), req.selector, req.data, headers,
  File "C:\Users\bharath kumar\AppData\Local\Programs\Python\Python311\Lib\http\client.py", line 1286, in request
    self._send_request(method, url, body, headers, encode_chunked)
  File "C:\Users\bharath kumar\AppData\Local\Programs\Python\Python311\Lib\http\client.py", line 1332, in _send_request
    self.endheaders(body, encode_chunked=encode_chunked)
  File "C:\Users\bharath kumar\AppData\Local\Programs\Python\Python311\Lib\http\client.py", line 1281, in endheaders
    self._send_output(message_body, encode_chunked=encode_chunked)
  File "C:\Users\bharath kumar\AppData\Local\Programs\Python\Python311\Lib\http\client.py", line 1041, in _send_output
    self.send(msg)
  File "C:\Users\bharath kumar\AppData\Local\Programs\Python\Python311\Lib\http\client.py", line 979, in send
    self.connect()
  File "C:\Users\bharath kumar\AppData\Local\Programs\Python\Python311\Lib\http\client.py", line 1451, in connect
    super().connect()
  File "C:\Users\bharath kumar\AppData\Local\Programs\Python\Python311\Lib\http\client.py", line 945, in connect
    self.sock = self._create_connection(
                ^^^^^^^^^^^^^^^^^^^^^^^^
  File "C:\Users\bharath kumar\AppData\Local\Programs\Python\Python311\Lib\socket.py", line 827, in create_connection
    for res in getaddrinfo(host, port, 0, SOCK_STREAM):
               ^^^^^^^^^^^^^^^^^^^^^^^^^^^^^^^^^^^^^^^
  File "C:\Users\bharath kumar\AppData\Local\Programs\Python\Python311\Lib\socket.py", line 962, in getaddrinfo
    for res in _socket.getaddrinfo(host, port, family, type, proto, flags):
               ^^^^^^^^^^^^^^^^^^^^^^^^^^^^^^^^^^^^^^^^^^^^^^^^^^^^^^^^^^^
socket.gaierror: [Errno 11001] getaddrinfo failed

During handling of the above exception, another exception occurred:

Traceback (most recent call last):
  File "C:\Users\bharath kumar\Desktop\Web Scraper for Nakuri\naukri_scraper.py", line 503, in process_keyword
    driver = make_driver()
             ^^^^^^^^^^^^^
  File "C:\Users\bharath kumar\Desktop\Web Scraper for Nakuri\naukri_scraper.py", line 145, in make_driver
    driver = uc.Chrome(options=options)   # no use_subprocess, no headless
             ^^^^^^^^^^^^^^^^^^^^^^^^^^
  File "C:\Users\bharath kumar\AppData\Local\Programs\Python\Python311\Lib\site-packages\undetected_chromedriver\__init__.py", line 258, in __init__
    self.patcher.auto()
  File "C:\Users\bharath kumar\AppData\Local\Programs\Python\Python311\Lib\site-packages\undetected_chromedriver\patcher.py", line 175, in auto
    release = self.fetch_release_number()
              ^^^^^^^^^^^^^^^^^^^^^^^^^^^
  File "C:\Users\bharath kumar\AppData\Local\Programs\Python\Python311\Lib\site-packages\undetected_chromedriver\patcher.py", line 250, in fetch_release_number
    with urlopen(self.url_repo + path) as conn:
         ^^^^^^^^^^^^^^^^^^^^^^^^^^^^^
  File "C:\Users\bharath kumar\AppData\Local\Programs\Python\Python311\Lib\urllib\request.py", line 216, in urlopen
    return opener.open(url, data, timeout)
           ^^^^^^^^^^^^^^^^^^^^^^^^^^^^^^^
  File "C:\Users\bharath kumar\AppData\Local\Programs\Python\Python311\Lib\urllib\request.py", line 519, in open
    response = self._open(req, data)
               ^^^^^^^^^^^^^^^^^^^^^
  File "C:\Users\bharath kumar\AppData\Local\Programs\Python\Python311\Lib\urllib\request.py", line 536, in _open
    result = self._call_chain(self.handle_open, protocol, protocol +
             ^^^^^^^^^^^^^^^^^^^^^^^^^^^^^^^^^^^^^^^^^^^^^^^^^^^^^^^
  File "C:\Users\bharath kumar\AppData\Local\Programs\Python\Python311\Lib\urllib\request.py", line 496, in _call_chain
    result = func(*args)
             ^^^^^^^^^^^
  File "C:\Users\bharath kumar\AppData\Local\Programs\Python\Python311\Lib\urllib\request.py", line 1391, in https_open
    return self.do_open(http.client.HTTPSConnection, req,
           ^^^^^^^^^^^^^^^^^^^^^^^^^^^^^^^^^^^^^^^^^^^^^^
  File "C:\Users\bharath kumar\AppData\Local\Programs\Python\Python311\Lib\urllib\request.py", line 1351, in do_open
    raise URLError(err)
urllib.error.URLError: <urlopen error [Errno 11001] getaddrinfo failed>

2026-06-12 01:32:29,473 [ERROR] Keyword 'Machine Learning Engineer': Traceback (most recent call last):
  File "C:\Users\bharath kumar\AppData\Local\Programs\Python\Python311\Lib\urllib\request.py", line 1348, in do_open
    h.request(req.get_method(), req.selector, req.data, headers,
  File "C:\Users\bharath kumar\AppData\Local\Programs\Python\Python311\Lib\http\client.py", line 1286, in request
    self._send_request(method, url, body, headers, encode_chunked)
  File "C:\Users\bharath kumar\AppData\Local\Programs\Python\Python311\Lib\http\client.py", line 1332, in _send_request
    self.endheaders(body, encode_chunked=encode_chunked)
  File "C:\Users\bharath kumar\AppData\Local\Programs\Python\Python311\Lib\http\client.py", line 1281, in endheaders
    self._send_output(message_body, encode_chunked=encode_chunked)
  File "C:\Users\bharath kumar\AppData\Local\Programs\Python\Python311\Lib\http\client.py", line 1041, in _send_output
    self.send(msg)
  File "C:\Users\bharath kumar\AppData\Local\Programs\Python\Python311\Lib\http\client.py", line 979, in send
    self.connect()
  File "C:\Users\bharath kumar\AppData\Local\Programs\Python\Python311\Lib\http\client.py", line 1451, in connect
    super().connect()
  File "C:\Users\bharath kumar\AppData\Local\Programs\Python\Python311\Lib\http\client.py", line 945, in connect
    self.sock = self._create_connection(
                ^^^^^^^^^^^^^^^^^^^^^^^^
  File "C:\Users\bharath kumar\AppData\Local\Programs\Python\Python311\Lib\socket.py", line 827, in create_connection
    for res in getaddrinfo(host, port, 0, SOCK_STREAM):
               ^^^^^^^^^^^^^^^^^^^^^^^^^^^^^^^^^^^^^^^
  File "C:\Users\bharath kumar\AppData\Local\Programs\Python\Python311\Lib\socket.py", line 962, in getaddrinfo
    for res in _socket.getaddrinfo(host, port, family, type, proto, flags):
               ^^^^^^^^^^^^^^^^^^^^^^^^^^^^^^^^^^^^^^^^^^^^^^^^^^^^^^^^^^^
socket.gaierror: [Errno 11001] getaddrinfo failed

During handling of the above exception, another exception occurred:

Traceback (most recent call last):
  File "C:\Users\bharath kumar\Desktop\Web Scraper for Nakuri\naukri_scraper.py", line 503, in process_keyword
    driver = make_driver()
             ^^^^^^^^^^^^^
  File "C:\Users\bharath kumar\Desktop\Web Scraper for Nakuri\naukri_scraper.py", line 145, in make_driver
    driver = uc.Chrome(options=options)   # no use_subprocess, no headless
             ^^^^^^^^^^^^^^^^^^^^^^^^^^
  File "C:\Users\bharath kumar\AppData\Local\Programs\Python\Python311\Lib\site-packages\undetected_chromedriver\__init__.py", line 258, in __init__
    self.patcher.auto()
  File "C:\Users\bharath kumar\AppData\Local\Programs\Python\Python311\Lib\site-packages\undetected_chromedriver\patcher.py", line 175, in auto
    release = self.fetch_release_number()
              ^^^^^^^^^^^^^^^^^^^^^^^^^^^
  File "C:\Users\bharath kumar\AppData\Local\Programs\Python\Python311\Lib\site-packages\undetected_chromedriver\patcher.py", line 250, in fetch_release_number
    with urlopen(self.url_repo + path) as conn:
         ^^^^^^^^^^^^^^^^^^^^^^^^^^^^^
  File "C:\Users\bharath kumar\AppData\Local\Programs\Python\Python311\Lib\urllib\request.py", line 216, in urlopen
    return opener.open(url, data, timeout)
           ^^^^^^^^^^^^^^^^^^^^^^^^^^^^^^^
  File "C:\Users\bharath kumar\AppData\Local\Programs\Python\Python311\Lib\urllib\request.py", line 519, in open
    response = self._open(req, data)
               ^^^^^^^^^^^^^^^^^^^^^
  File "C:\Users\bharath kumar\AppData\Local\Programs\Python\Python311\Lib\urllib\request.py", line 536, in _open
    result = self._call_chain(self.handle_open, protocol, protocol +
             ^^^^^^^^^^^^^^^^^^^^^^^^^^^^^^^^^^^^^^^^^^^^^^^^^^^^^^^
  File "C:\Users\bharath kumar\AppData\Local\Programs\Python\Python311\Lib\urllib\request.py", line 496, in _call_chain
    result = func(*args)
             ^^^^^^^^^^^
  File "C:\Users\bharath kumar\AppData\Local\Programs\Python\Python311\Lib\urllib\request.py", line 1391, in https_open
    return self.do_open(http.client.HTTPSConnection, req,
           ^^^^^^^^^^^^^^^^^^^^^^^^^^^^^^^^^^^^^^^^^^^^^^
  File "C:\Users\bharath kumar\AppData\Local\Programs\Python\Python311\Lib\urllib\request.py", line 1351, in do_open
    raise URLError(err)
urllib.error.URLError: <urlopen error [Errno 11001] getaddrinfo failed>

2026-06-12 01:32:29,486 [ERROR] Keyword 'Manager': Traceback (most recent call last):
  File "C:\Users\bharath kumar\AppData\Local\Programs\Python\Python311\Lib\urllib\request.py", line 1348, in do_open
    h.request(req.get_method(), req.selector, req.data, headers,
  File "C:\Users\bharath kumar\AppData\Local\Programs\Python\Python311\Lib\http\client.py", line 1286, in request
    self._send_request(method, url, body, headers, encode_chunked)
  File "C:\Users\bharath kumar\AppData\Local\Programs\Python\Python311\Lib\http\client.py", line 1332, in _send_request
    self.endheaders(body, encode_chunked=encode_chunked)
  File "C:\Users\bharath kumar\AppData\Local\Programs\Python\Python311\Lib\http\client.py", line 1281, in endheaders
    self._send_output(message_body, encode_chunked=encode_chunked)
  File "C:\Users\bharath kumar\AppData\Local\Programs\Python\Python311\Lib\http\client.py", line 1041, in _send_output
    self.send(msg)
  File "C:\Users\bharath kumar\AppData\Local\Programs\Python\Python311\Lib\http\client.py", line 979, in send
    self.connect()
  File "C:\Users\bharath kumar\AppData\Local\Programs\Python\Python311\Lib\http\client.py", line 1451, in connect
    super().connect()
  File "C:\Users\bharath kumar\AppData\Local\Programs\Python\Python311\Lib\http\client.py", line 945, in connect
    self.sock = self._create_connection(
                ^^^^^^^^^^^^^^^^^^^^^^^^
  File "C:\Users\bharath kumar\AppData\Local\Programs\Python\Python311\Lib\socket.py", line 827, in create_connection
    for res in getaddrinfo(host, port, 0, SOCK_STREAM):
               ^^^^^^^^^^^^^^^^^^^^^^^^^^^^^^^^^^^^^^^
  File "C:\Users\bharath kumar\AppData\Local\Programs\Python\Python311\Lib\socket.py", line 962, in getaddrinfo
    for res in _socket.getaddrinfo(host, port, family, type, proto, flags):
               ^^^^^^^^^^^^^^^^^^^^^^^^^^^^^^^^^^^^^^^^^^^^^^^^^^^^^^^^^^^
socket.gaierror: [Errno 11001] getaddrinfo failed

During handling of the above exception, another exception occurred:

Traceback (most recent call last):
  File "C:\Users\bharath kumar\Desktop\Web Scraper for Nakuri\naukri_scraper.py", line 503, in process_keyword
    driver = make_driver()
             ^^^^^^^^^^^^^
  File "C:\Users\bharath kumar\Desktop\Web Scraper for Nakuri\naukri_scraper.py", line 145, in make_driver
    driver = uc.Chrome(options=options)   # no use_subprocess, no headless
             ^^^^^^^^^^^^^^^^^^^^^^^^^^
  File "C:\Users\bharath kumar\AppData\Local\Programs\Python\Python311\Lib\site-packages\undetected_chromedriver\__init__.py", line 258, in __init__
    self.patcher.auto()
  File "C:\Users\bharath kumar\AppData\Local\Programs\Python\Python311\Lib\site-packages\undetected_chromedriver\patcher.py", line 175, in auto
    release = self.fetch_release_number()
              ^^^^^^^^^^^^^^^^^^^^^^^^^^^
  File "C:\Users\bharath kumar\AppData\Local\Programs\Python\Python311\Lib\site-packages\undetected_chromedriver\patcher.py", line 250, in fetch_release_number
    with urlopen(self.url_repo + path) as conn:
         ^^^^^^^^^^^^^^^^^^^^^^^^^^^^^
  File "C:\Users\bharath kumar\AppData\Local\Programs\Python\Python311\Lib\urllib\request.py", line 216, in urlopen
    return opener.open(url, data, timeout)
           ^^^^^^^^^^^^^^^^^^^^^^^^^^^^^^^
  File "C:\Users\bharath kumar\AppData\Local\Programs\Python\Python311\Lib\urllib\request.py", line 519, in open
    response = self._open(req, data)
               ^^^^^^^^^^^^^^^^^^^^^
  File "C:\Users\bharath kumar\AppData\Local\Programs\Python\Python311\Lib\urllib\request.py", line 536, in _open
    result = self._call_chain(self.handle_open, protocol, protocol +
             ^^^^^^^^^^^^^^^^^^^^^^^^^^^^^^^^^^^^^^^^^^^^^^^^^^^^^^^
  File "C:\Users\bharath kumar\AppData\Local\Programs\Python\Python311\Lib\urllib\request.py", line 496, in _call_chain
    result = func(*args)
             ^^^^^^^^^^^
  File "C:\Users\bharath kumar\AppData\Local\Programs\Python\Python311\Lib\urllib\request.py", line 1391, in https_open
    return self.do_open(http.client.HTTPSConnection, req,
           ^^^^^^^^^^^^^^^^^^^^^^^^^^^^^^^^^^^^^^^^^^^^^^
  File "C:\Users\bharath kumar\AppData\Local\Programs\Python\Python311\Lib\urllib\request.py", line 1351, in do_open
    raise URLError(err)
urllib.error.URLError: <urlopen error [Errno 11001] getaddrinfo failed>

2026-06-12 01:32:29,503 [ERROR] Keyword 'Manual Accounting': Traceback (most recent call last):
  File "C:\Users\bharath kumar\AppData\Local\Programs\Python\Python311\Lib\urllib\request.py", line 1348, in do_open
    h.request(req.get_method(), req.selector, req.data, headers,
  File "C:\Users\bharath kumar\AppData\Local\Programs\Python\Python311\Lib\http\client.py", line 1286, in request
    self._send_request(method, url, body, headers, encode_chunked)
  File "C:\Users\bharath kumar\AppData\Local\Programs\Python\Python311\Lib\http\client.py", line 1332, in _send_request
    self.endheaders(body, encode_chunked=encode_chunked)
  File "C:\Users\bharath kumar\AppData\Local\Programs\Python\Python311\Lib\http\client.py", line 1281, in endheaders
    self._send_output(message_body, encode_chunked=encode_chunked)
  File "C:\Users\bharath kumar\AppData\Local\Programs\Python\Python311\Lib\http\client.py", line 1041, in _send_output
    self.send(msg)
  File "C:\Users\bharath kumar\AppData\Local\Programs\Python\Python311\Lib\http\client.py", line 979, in send
    self.connect()
  File "C:\Users\bharath kumar\AppData\Local\Programs\Python\Python311\Lib\http\client.py", line 1451, in connect
    super().connect()
  File "C:\Users\bharath kumar\AppData\Local\Programs\Python\Python311\Lib\http\client.py", line 945, in connect
    self.sock = self._create_connection(
                ^^^^^^^^^^^^^^^^^^^^^^^^
  File "C:\Users\bharath kumar\AppData\Local\Programs\Python\Python311\Lib\socket.py", line 827, in create_connection
    for res in getaddrinfo(host, port, 0, SOCK_STREAM):
               ^^^^^^^^^^^^^^^^^^^^^^^^^^^^^^^^^^^^^^^
  File "C:\Users\bharath kumar\AppData\Local\Programs\Python\Python311\Lib\socket.py", line 962, in getaddrinfo
    for res in _socket.getaddrinfo(host, port, family, type, proto, flags):
               ^^^^^^^^^^^^^^^^^^^^^^^^^^^^^^^^^^^^^^^^^^^^^^^^^^^^^^^^^^^
socket.gaierror: [Errno 11001] getaddrinfo failed

During handling of the above exception, another exception occurred:

Traceback (most recent call last):
  File "C:\Users\bharath kumar\Desktop\Web Scraper for Nakuri\naukri_scraper.py", line 503, in process_keyword
    driver = make_driver()
             ^^^^^^^^^^^^^
  File "C:\Users\bharath kumar\Desktop\Web Scraper for Nakuri\naukri_scraper.py", line 145, in make_driver
    driver = uc.Chrome(options=options)   # no use_subprocess, no headless
             ^^^^^^^^^^^^^^^^^^^^^^^^^^
  File "C:\Users\bharath kumar\AppData\Local\Programs\Python\Python311\Lib\site-packages\undetected_chromedriver\__init__.py", line 258, in __init__
    self.patcher.auto()
  File "C:\Users\bharath kumar\AppData\Local\Programs\Python\Python311\Lib\site-packages\undetected_chromedriver\patcher.py", line 175, in auto
    release = self.fetch_release_number()
              ^^^^^^^^^^^^^^^^^^^^^^^^^^^
  File "C:\Users\bharath kumar\AppData\Local\Programs\Python\Python311\Lib\site-packages\undetected_chromedriver\patcher.py", line 250, in fetch_release_number
    with urlopen(self.url_repo + path) as conn:
         ^^^^^^^^^^^^^^^^^^^^^^^^^^^^^
  File "C:\Users\bharath kumar\AppData\Local\Programs\Python\Python311\Lib\urllib\request.py", line 216, in urlopen
    return opener.open(url, data, timeout)
           ^^^^^^^^^^^^^^^^^^^^^^^^^^^^^^^
  File "C:\Users\bharath kumar\AppData\Local\Programs\Python\Python311\Lib\urllib\request.py", line 519, in open
    response = self._open(req, data)
               ^^^^^^^^^^^^^^^^^^^^^
  File "C:\Users\bharath kumar\AppData\Local\Programs\Python\Python311\Lib\urllib\request.py", line 536, in _open
    result = self._call_chain(self.handle_open, protocol, protocol +
             ^^^^^^^^^^^^^^^^^^^^^^^^^^^^^^^^^^^^^^^^^^^^^^^^^^^^^^^
  File "C:\Users\bharath kumar\AppData\Local\Programs\Python\Python311\Lib\urllib\request.py", line 496, in _call_chain
    result = func(*args)
             ^^^^^^^^^^^
  File "C:\Users\bharath kumar\AppData\Local\Programs\Python\Python311\Lib\urllib\request.py", line 1391, in https_open
    return self.do_open(http.client.HTTPSConnection, req,
           ^^^^^^^^^^^^^^^^^^^^^^^^^^^^^^^^^^^^^^^^^^^^^^
  File "C:\Users\bharath kumar\AppData\Local\Programs\Python\Python311\Lib\urllib\request.py", line 1351, in do_open
    raise URLError(err)
urllib.error.URLError: <urlopen error [Errno 11001] getaddrinfo failed>

2026-06-12 01:32:29,519 [ERROR] Keyword 'Marketing Manager': Traceback (most recent call last):
  File "C:\Users\bharath kumar\AppData\Local\Programs\Python\Python311\Lib\urllib\request.py", line 1348, in do_open
    h.request(req.get_method(), req.selector, req.data, headers,
  File "C:\Users\bharath kumar\AppData\Local\Programs\Python\Python311\Lib\http\client.py", line 1286, in request
    self._send_request(method, url, body, headers, encode_chunked)
  File "C:\Users\bharath kumar\AppData\Local\Programs\Python\Python311\Lib\http\client.py", line 1332, in _send_request
    self.endheaders(body, encode_chunked=encode_chunked)
  File "C:\Users\bharath kumar\AppData\Local\Programs\Python\Python311\Lib\http\client.py", line 1281, in endheaders
    self._send_output(message_body, encode_chunked=encode_chunked)
  File "C:\Users\bharath kumar\AppData\Local\Programs\Python\Python311\Lib\http\client.py", line 1041, in _send_output
    self.send(msg)
  File "C:\Users\bharath kumar\AppData\Local\Programs\Python\Python311\Lib\http\client.py", line 979, in send
    self.connect()
  File "C:\Users\bharath kumar\AppData\Local\Programs\Python\Python311\Lib\http\client.py", line 1451, in connect
    super().connect()
  File "C:\Users\bharath kumar\AppData\Local\Programs\Python\Python311\Lib\http\client.py", line 945, in connect
    self.sock = self._create_connection(
                ^^^^^^^^^^^^^^^^^^^^^^^^
  File "C:\Users\bharath kumar\AppData\Local\Programs\Python\Python311\Lib\socket.py", line 827, in create_connection
    for res in getaddrinfo(host, port, 0, SOCK_STREAM):
               ^^^^^^^^^^^^^^^^^^^^^^^^^^^^^^^^^^^^^^^
  File "C:\Users\bharath kumar\AppData\Local\Programs\Python\Python311\Lib\socket.py", line 962, in getaddrinfo
    for res in _socket.getaddrinfo(host, port, family, type, proto, flags):
               ^^^^^^^^^^^^^^^^^^^^^^^^^^^^^^^^^^^^^^^^^^^^^^^^^^^^^^^^^^^
socket.gaierror: [Errno 11001] getaddrinfo failed

During handling of the above exception, another exception occurred:

Traceback (most recent call last):
  File "C:\Users\bharath kumar\Desktop\Web Scraper for Nakuri\naukri_scraper.py", line 503, in process_keyword
    driver = make_driver()
             ^^^^^^^^^^^^^
  File "C:\Users\bharath kumar\Desktop\Web Scraper for Nakuri\naukri_scraper.py", line 145, in make_driver
    driver = uc.Chrome(options=options)   # no use_subprocess, no headless
             ^^^^^^^^^^^^^^^^^^^^^^^^^^
  File "C:\Users\bharath kumar\AppData\Local\Programs\Python\Python311\Lib\site-packages\undetected_chromedriver\__init__.py", line 258, in __init__
    self.patcher.auto()
  File "C:\Users\bharath kumar\AppData\Local\Programs\Python\Python311\Lib\site-packages\undetected_chromedriver\patcher.py", line 175, in auto
    release = self.fetch_release_number()
              ^^^^^^^^^^^^^^^^^^^^^^^^^^^
  File "C:\Users\bharath kumar\AppData\Local\Programs\Python\Python311\Lib\site-packages\undetected_chromedriver\patcher.py", line 250, in fetch_release_number
    with urlopen(self.url_repo + path) as conn:
         ^^^^^^^^^^^^^^^^^^^^^^^^^^^^^
  File "C:\Users\bharath kumar\AppData\Local\Programs\Python\Python311\Lib\urllib\request.py", line 216, in urlopen
    return opener.open(url, data, timeout)
           ^^^^^^^^^^^^^^^^^^^^^^^^^^^^^^^
  File "C:\Users\bharath kumar\AppData\Local\Programs\Python\Python311\Lib\urllib\request.py", line 519, in open
    response = self._open(req, data)
               ^^^^^^^^^^^^^^^^^^^^^
  File "C:\Users\bharath kumar\AppData\Local\Programs\Python\Python311\Lib\urllib\request.py", line 536, in _open
    result = self._call_chain(self.handle_open, protocol, protocol +
             ^^^^^^^^^^^^^^^^^^^^^^^^^^^^^^^^^^^^^^^^^^^^^^^^^^^^^^^
  File "C:\Users\bharath kumar\AppData\Local\Programs\Python\Python311\Lib\urllib\request.py", line 496, in _call_chain
    result = func(*args)
             ^^^^^^^^^^^
  File "C:\Users\bharath kumar\AppData\Local\Programs\Python\Python311\Lib\urllib\request.py", line 1391, in https_open
    return self.do_open(http.client.HTTPSConnection, req,
           ^^^^^^^^^^^^^^^^^^^^^^^^^^^^^^^^^^^^^^^^^^^^^^
  File "C:\Users\bharath kumar\AppData\Local\Programs\Python\Python311\Lib\urllib\request.py", line 1351, in do_open
    raise URLError(err)
urllib.error.URLError: <urlopen error [Errno 11001] getaddrinfo failed>

2026-06-12 01:32:29,532 [ERROR] Keyword 'Mechanical Engineer': Traceback (most recent call last):
  File "C:\Users\bharath kumar\AppData\Local\Programs\Python\Python311\Lib\urllib\request.py", line 1348, in do_open
    h.request(req.get_method(), req.selector, req.data, headers,
  File "C:\Users\bharath kumar\AppData\Local\Programs\Python\Python311\Lib\http\client.py", line 1286, in request
    self._send_request(method, url, body, headers, encode_chunked)
  File "C:\Users\bharath kumar\AppData\Local\Programs\Python\Python311\Lib\http\client.py", line 1332, in _send_request
    self.endheaders(body, encode_chunked=encode_chunked)
  File "C:\Users\bharath kumar\AppData\Local\Programs\Python\Python311\Lib\http\client.py", line 1281, in endheaders
    self._send_output(message_body, encode_chunked=encode_chunked)
  File "C:\Users\bharath kumar\AppData\Local\Programs\Python\Python311\Lib\http\client.py", line 1041, in _send_output
    self.send(msg)
  File "C:\Users\bharath kumar\AppData\Local\Programs\Python\Python311\Lib\http\client.py", line 979, in send
    self.connect()
  File "C:\Users\bharath kumar\AppData\Local\Programs\Python\Python311\Lib\http\client.py", line 1451, in connect
    super().connect()
  File "C:\Users\bharath kumar\AppData\Local\Programs\Python\Python311\Lib\http\client.py", line 945, in connect
    self.sock = self._create_connection(
                ^^^^^^^^^^^^^^^^^^^^^^^^
  File "C:\Users\bharath kumar\AppData\Local\Programs\Python\Python311\Lib\socket.py", line 827, in create_connection
    for res in getaddrinfo(host, port, 0, SOCK_STREAM):
               ^^^^^^^^^^^^^^^^^^^^^^^^^^^^^^^^^^^^^^^
  File "C:\Users\bharath kumar\AppData\Local\Programs\Python\Python311\Lib\socket.py", line 962, in getaddrinfo
    for res in _socket.getaddrinfo(host, port, family, type, proto, flags):
               ^^^^^^^^^^^^^^^^^^^^^^^^^^^^^^^^^^^^^^^^^^^^^^^^^^^^^^^^^^^
socket.gaierror: [Errno 11001] getaddrinfo failed

During handling of the above exception, another exception occurred:

Traceback (most recent call last):
  File "C:\Users\bharath kumar\Desktop\Web Scraper for Nakuri\naukri_scraper.py", line 503, in process_keyword
    driver = make_driver()
             ^^^^^^^^^^^^^
  File "C:\Users\bharath kumar\Desktop\Web Scraper for Nakuri\naukri_scraper.py", line 145, in make_driver
    driver = uc.Chrome(options=options)   # no use_subprocess, no headless
             ^^^^^^^^^^^^^^^^^^^^^^^^^^
  File "C:\Users\bharath kumar\AppData\Local\Programs\Python\Python311\Lib\site-packages\undetected_chromedriver\__init__.py", line 258, in __init__
    self.patcher.auto()
  File "C:\Users\bharath kumar\AppData\Local\Programs\Python\Python311\Lib\site-packages\undetected_chromedriver\patcher.py", line 175, in auto
    release = self.fetch_release_number()
              ^^^^^^^^^^^^^^^^^^^^^^^^^^^
  File "C:\Users\bharath kumar\AppData\Local\Programs\Python\Python311\Lib\site-packages\undetected_chromedriver\patcher.py", line 250, in fetch_release_number
    with urlopen(self.url_repo + path) as conn:
         ^^^^^^^^^^^^^^^^^^^^^^^^^^^^^
  File "C:\Users\bharath kumar\AppData\Local\Programs\Python\Python311\Lib\urllib\request.py", line 216, in urlopen
    return opener.open(url, data, timeout)
           ^^^^^^^^^^^^^^^^^^^^^^^^^^^^^^^
  File "C:\Users\bharath kumar\AppData\Local\Programs\Python\Python311\Lib\urllib\request.py", line 519, in open
    response = self._open(req, data)
               ^^^^^^^^^^^^^^^^^^^^^
  File "C:\Users\bharath kumar\AppData\Local\Programs\Python\Python311\Lib\urllib\request.py", line 536, in _open
    result = self._call_chain(self.handle_open, protocol, protocol +
             ^^^^^^^^^^^^^^^^^^^^^^^^^^^^^^^^^^^^^^^^^^^^^^^^^^^^^^^
  File "C:\Users\bharath kumar\AppData\Local\Programs\Python\Python311\Lib\urllib\request.py", line 496, in _call_chain
    result = func(*args)
             ^^^^^^^^^^^
  File "C:\Users\bharath kumar\AppData\Local\Programs\Python\Python311\Lib\urllib\request.py", line 1391, in https_open
    return self.do_open(http.client.HTTPSConnection, req,
           ^^^^^^^^^^^^^^^^^^^^^^^^^^^^^^^^^^^^^^^^^^^^^^
  File "C:\Users\bharath kumar\AppData\Local\Programs\Python\Python311\Lib\urllib\request.py", line 1351, in do_open
    raise URLError(err)
urllib.error.URLError: <urlopen error [Errno 11001] getaddrinfo failed>

2026-06-12 01:32:29,549 [ERROR] Keyword 'Medical Writer': Traceback (most recent call last):
  File "C:\Users\bharath kumar\AppData\Local\Programs\Python\Python311\Lib\urllib\request.py", line 1348, in do_open
    h.request(req.get_method(), req.selector, req.data, headers,
  File "C:\Users\bharath kumar\AppData\Local\Programs\Python\Python311\Lib\http\client.py", line 1286, in request
    self._send_request(method, url, body, headers, encode_chunked)
  File "C:\Users\bharath kumar\AppData\Local\Programs\Python\Python311\Lib\http\client.py", line 1332, in _send_request
    self.endheaders(body, encode_chunked=encode_chunked)
  File "C:\Users\bharath kumar\AppData\Local\Programs\Python\Python311\Lib\http\client.py", line 1281, in endheaders
    self._send_output(message_body, encode_chunked=encode_chunked)
  File "C:\Users\bharath kumar\AppData\Local\Programs\Python\Python311\Lib\http\client.py", line 1041, in _send_output
    self.send(msg)
  File "C:\Users\bharath kumar\AppData\Local\Programs\Python\Python311\Lib\http\client.py", line 979, in send
    self.connect()
  File "C:\Users\bharath kumar\AppData\Local\Programs\Python\Python311\Lib\http\client.py", line 1451, in connect
    super().connect()
  File "C:\Users\bharath kumar\AppData\Local\Programs\Python\Python311\Lib\http\client.py", line 945, in connect
    self.sock = self._create_connection(
                ^^^^^^^^^^^^^^^^^^^^^^^^
  File "C:\Users\bharath kumar\AppData\Local\Programs\Python\Python311\Lib\socket.py", line 827, in create_connection
    for res in getaddrinfo(host, port, 0, SOCK_STREAM):
               ^^^^^^^^^^^^^^^^^^^^^^^^^^^^^^^^^^^^^^^
  File "C:\Users\bharath kumar\AppData\Local\Programs\Python\Python311\Lib\socket.py", line 962, in getaddrinfo
    for res in _socket.getaddrinfo(host, port, family, type, proto, flags):
               ^^^^^^^^^^^^^^^^^^^^^^^^^^^^^^^^^^^^^^^^^^^^^^^^^^^^^^^^^^^
socket.gaierror: [Errno 11001] getaddrinfo failed

During handling of the above exception, another exception occurred:

Traceback (most recent call last):
  File "C:\Users\bharath kumar\Desktop\Web Scraper for Nakuri\naukri_scraper.py", line 503, in process_keyword
    driver = make_driver()
             ^^^^^^^^^^^^^
  File "C:\Users\bharath kumar\Desktop\Web Scraper for Nakuri\naukri_scraper.py", line 145, in make_driver
    driver = uc.Chrome(options=options)   # no use_subprocess, no headless
             ^^^^^^^^^^^^^^^^^^^^^^^^^^
  File "C:\Users\bharath kumar\AppData\Local\Programs\Python\Python311\Lib\site-packages\undetected_chromedriver\__init__.py", line 258, in __init__
    self.patcher.auto()
  File "C:\Users\bharath kumar\AppData\Local\Programs\Python\Python311\Lib\site-packages\undetected_chromedriver\patcher.py", line 175, in auto
    release = self.fetch_release_number()
              ^^^^^^^^^^^^^^^^^^^^^^^^^^^
  File "C:\Users\bharath kumar\AppData\Local\Programs\Python\Python311\Lib\site-packages\undetected_chromedriver\patcher.py", line 250, in fetch_release_number
    with urlopen(self.url_repo + path) as conn:
         ^^^^^^^^^^^^^^^^^^^^^^^^^^^^^
  File "C:\Users\bharath kumar\AppData\Local\Programs\Python\Python311\Lib\urllib\request.py", line 216, in urlopen
    return opener.open(url, data, timeout)
           ^^^^^^^^^^^^^^^^^^^^^^^^^^^^^^^
  File "C:\Users\bharath kumar\AppData\Local\Programs\Python\Python311\Lib\urllib\request.py", line 519, in open
    response = self._open(req, data)
               ^^^^^^^^^^^^^^^^^^^^^
  File "C:\Users\bharath kumar\AppData\Local\Programs\Python\Python311\Lib\urllib\request.py", line 536, in _open
    result = self._call_chain(self.handle_open, protocol, protocol +
             ^^^^^^^^^^^^^^^^^^^^^^^^^^^^^^^^^^^^^^^^^^^^^^^^^^^^^^^
  File "C:\Users\bharath kumar\AppData\Local\Programs\Python\Python311\Lib\urllib\request.py", line 496, in _call_chain
    result = func(*args)
             ^^^^^^^^^^^
  File "C:\Users\bharath kumar\AppData\Local\Programs\Python\Python311\Lib\urllib\request.py", line 1391, in https_open
    return self.do_open(http.client.HTTPSConnection, req,
           ^^^^^^^^^^^^^^^^^^^^^^^^^^^^^^^^^^^^^^^^^^^^^^
  File "C:\Users\bharath kumar\AppData\Local\Programs\Python\Python311\Lib\urllib\request.py", line 1351, in do_open
    raise URLError(err)
urllib.error.URLError: <urlopen error [Errno 11001] getaddrinfo failed>

2026-06-12 01:32:29,564 [ERROR] Keyword 'Mobile Developer': Traceback (most recent call last):
  File "C:\Users\bharath kumar\AppData\Local\Programs\Python\Python311\Lib\urllib\request.py", line 1348, in do_open
    h.request(req.get_method(), req.selector, req.data, headers,
  File "C:\Users\bharath kumar\AppData\Local\Programs\Python\Python311\Lib\http\client.py", line 1286, in request
    self._send_request(method, url, body, headers, encode_chunked)
  File "C:\Users\bharath kumar\AppData\Local\Programs\Python\Python311\Lib\http\client.py", line 1332, in _send_request
    self.endheaders(body, encode_chunked=encode_chunked)
  File "C:\Users\bharath kumar\AppData\Local\Programs\Python\Python311\Lib\http\client.py", line 1281, in endheaders
    self._send_output(message_body, encode_chunked=encode_chunked)
  File "C:\Users\bharath kumar\AppData\Local\Programs\Python\Python311\Lib\http\client.py", line 1041, in _send_output
    self.send(msg)
  File "C:\Users\bharath kumar\AppData\Local\Programs\Python\Python311\Lib\http\client.py", line 979, in send
    self.connect()
  File "C:\Users\bharath kumar\AppData\Local\Programs\Python\Python311\Lib\http\client.py", line 1451, in connect
    super().connect()
  File "C:\Users\bharath kumar\AppData\Local\Programs\Python\Python311\Lib\http\client.py", line 945, in connect
    self.sock = self._create_connection(
                ^^^^^^^^^^^^^^^^^^^^^^^^
  File "C:\Users\bharath kumar\AppData\Local\Programs\Python\Python311\Lib\socket.py", line 827, in create_connection
    for res in getaddrinfo(host, port, 0, SOCK_STREAM):
               ^^^^^^^^^^^^^^^^^^^^^^^^^^^^^^^^^^^^^^^
  File "C:\Users\bharath kumar\AppData\Local\Programs\Python\Python311\Lib\socket.py", line 962, in getaddrinfo
    for res in _socket.getaddrinfo(host, port, family, type, proto, flags):
               ^^^^^^^^^^^^^^^^^^^^^^^^^^^^^^^^^^^^^^^^^^^^^^^^^^^^^^^^^^^
socket.gaierror: [Errno 11001] getaddrinfo failed

During handling of the above exception, another exception occurred:

Traceback (most recent call last):
  File "C:\Users\bharath kumar\Desktop\Web Scraper for Nakuri\naukri_scraper.py", line 503, in process_keyword
    driver = make_driver()
             ^^^^^^^^^^^^^
  File "C:\Users\bharath kumar\Desktop\Web Scraper for Nakuri\naukri_scraper.py", line 145, in make_driver
    driver = uc.Chrome(options=options)   # no use_subprocess, no headless
             ^^^^^^^^^^^^^^^^^^^^^^^^^^
  File "C:\Users\bharath kumar\AppData\Local\Programs\Python\Python311\Lib\site-packages\undetected_chromedriver\__init__.py", line 258, in __init__
    self.patcher.auto()
  File "C:\Users\bharath kumar\AppData\Local\Programs\Python\Python311\Lib\site-packages\undetected_chromedriver\patcher.py", line 175, in auto
    release = self.fetch_release_number()
              ^^^^^^^^^^^^^^^^^^^^^^^^^^^
  File "C:\Users\bharath kumar\AppData\Local\Programs\Python\Python311\Lib\site-packages\undetected_chromedriver\patcher.py", line 250, in fetch_release_number
    with urlopen(self.url_repo + path) as conn:
         ^^^^^^^^^^^^^^^^^^^^^^^^^^^^^
  File "C:\Users\bharath kumar\AppData\Local\Programs\Python\Python311\Lib\urllib\request.py", line 216, in urlopen
    return opener.open(url, data, timeout)
           ^^^^^^^^^^^^^^^^^^^^^^^^^^^^^^^
  File "C:\Users\bharath kumar\AppData\Local\Programs\Python\Python311\Lib\urllib\request.py", line 519, in open
    response = self._open(req, data)
               ^^^^^^^^^^^^^^^^^^^^^
  File "C:\Users\bharath kumar\AppData\Local\Programs\Python\Python311\Lib\urllib\request.py", line 536, in _open
    result = self._call_chain(self.handle_open, protocol, protocol +
             ^^^^^^^^^^^^^^^^^^^^^^^^^^^^^^^^^^^^^^^^^^^^^^^^^^^^^^^
  File "C:\Users\bharath kumar\AppData\Local\Programs\Python\Python311\Lib\urllib\request.py", line 496, in _call_chain
    result = func(*args)
             ^^^^^^^^^^^
  File "C:\Users\bharath kumar\AppData\Local\Programs\Python\Python311\Lib\urllib\request.py", line 1391, in https_open
    return self.do_open(http.client.HTTPSConnection, req,
           ^^^^^^^^^^^^^^^^^^^^^^^^^^^^^^^^^^^^^^^^^^^^^^
  File "C:\Users\bharath kumar\AppData\Local\Programs\Python\Python311\Lib\urllib\request.py", line 1351, in do_open
    raise URLError(err)
urllib.error.URLError: <urlopen error [Errno 11001] getaddrinfo failed>

2026-06-12 01:32:29,578 [ERROR] Keyword 'Network Engineer': Traceback (most recent call last):
  File "C:\Users\bharath kumar\AppData\Local\Programs\Python\Python311\Lib\urllib\request.py", line 1348, in do_open
    h.request(req.get_method(), req.selector, req.data, headers,
  File "C:\Users\bharath kumar\AppData\Local\Programs\Python\Python311\Lib\http\client.py", line 1286, in request
    self._send_request(method, url, body, headers, encode_chunked)
  File "C:\Users\bharath kumar\AppData\Local\Programs\Python\Python311\Lib\http\client.py", line 1332, in _send_request
    self.endheaders(body, encode_chunked=encode_chunked)
  File "C:\Users\bharath kumar\AppData\Local\Programs\Python\Python311\Lib\http\client.py", line 1281, in endheaders
    self._send_output(message_body, encode_chunked=encode_chunked)
  File "C:\Users\bharath kumar\AppData\Local\Programs\Python\Python311\Lib\http\client.py", line 1041, in _send_output
    self.send(msg)
  File "C:\Users\bharath kumar\AppData\Local\Programs\Python\Python311\Lib\http\client.py", line 979, in send
    self.connect()
  File "C:\Users\bharath kumar\AppData\Local\Programs\Python\Python311\Lib\http\client.py", line 1451, in connect
    super().connect()
  File "C:\Users\bharath kumar\AppData\Local\Programs\Python\Python311\Lib\http\client.py", line 945, in connect
    self.sock = self._create_connection(
                ^^^^^^^^^^^^^^^^^^^^^^^^
  File "C:\Users\bharath kumar\AppData\Local\Programs\Python\Python311\Lib\socket.py", line 827, in create_connection
    for res in getaddrinfo(host, port, 0, SOCK_STREAM):
               ^^^^^^^^^^^^^^^^^^^^^^^^^^^^^^^^^^^^^^^
  File "C:\Users\bharath kumar\AppData\Local\Programs\Python\Python311\Lib\socket.py", line 962, in getaddrinfo
    for res in _socket.getaddrinfo(host, port, family, type, proto, flags):
               ^^^^^^^^^^^^^^^^^^^^^^^^^^^^^^^^^^^^^^^^^^^^^^^^^^^^^^^^^^^
socket.gaierror: [Errno 11001] getaddrinfo failed

During handling of the above exception, another exception occurred:

Traceback (most recent call last):
  File "C:\Users\bharath kumar\Desktop\Web Scraper for Nakuri\naukri_scraper.py", line 503, in process_keyword
    driver = make_driver()
             ^^^^^^^^^^^^^
  File "C:\Users\bharath kumar\Desktop\Web Scraper for Nakuri\naukri_scraper.py", line 145, in make_driver
    driver = uc.Chrome(options=options)   # no use_subprocess, no headless
             ^^^^^^^^^^^^^^^^^^^^^^^^^^
  File "C:\Users\bharath kumar\AppData\Local\Programs\Python\Python311\Lib\site-packages\undetected_chromedriver\__init__.py", line 258, in __init__
    self.patcher.auto()
  File "C:\Users\bharath kumar\AppData\Local\Programs\Python\Python311\Lib\site-packages\undetected_chromedriver\patcher.py", line 175, in auto
    release = self.fetch_release_number()
              ^^^^^^^^^^^^^^^^^^^^^^^^^^^
  File "C:\Users\bharath kumar\AppData\Local\Programs\Python\Python311\Lib\site-packages\undetected_chromedriver\patcher.py", line 250, in fetch_release_number
    with urlopen(self.url_repo + path) as conn:
         ^^^^^^^^^^^^^^^^^^^^^^^^^^^^^
  File "C:\Users\bharath kumar\AppData\Local\Programs\Python\Python311\Lib\urllib\request.py", line 216, in urlopen
    return opener.open(url, data, timeout)
           ^^^^^^^^^^^^^^^^^^^^^^^^^^^^^^^
  File "C:\Users\bharath kumar\AppData\Local\Programs\Python\Python311\Lib\urllib\request.py", line 519, in open
    response = self._open(req, data)
               ^^^^^^^^^^^^^^^^^^^^^
  File "C:\Users\bharath kumar\AppData\Local\Programs\Python\Python311\Lib\urllib\request.py", line 536, in _open
    result = self._call_chain(self.handle_open, protocol, protocol +
             ^^^^^^^^^^^^^^^^^^^^^^^^^^^^^^^^^^^^^^^^^^^^^^^^^^^^^^^
  File "C:\Users\bharath kumar\AppData\Local\Programs\Python\Python311\Lib\urllib\request.py", line 496, in _call_chain
    result = func(*args)
             ^^^^^^^^^^^
  File "C:\Users\bharath kumar\AppData\Local\Programs\Python\Python311\Lib\urllib\request.py", line 1391, in https_open
    return self.do_open(http.client.HTTPSConnection, req,
           ^^^^^^^^^^^^^^^^^^^^^^^^^^^^^^^^^^^^^^^^^^^^^^
  File "C:\Users\bharath kumar\AppData\Local\Programs\Python\Python311\Lib\urllib\request.py", line 1351, in do_open
    raise URLError(err)
urllib.error.URLError: <urlopen error [Errno 11001] getaddrinfo failed>

2026-06-12 01:32:29,589 [ERROR] Keyword 'Node.js Developer': Traceback (most recent call last):
  File "C:\Users\bharath kumar\AppData\Local\Programs\Python\Python311\Lib\urllib\request.py", line 1348, in do_open
    h.request(req.get_method(), req.selector, req.data, headers,
  File "C:\Users\bharath kumar\AppData\Local\Programs\Python\Python311\Lib\http\client.py", line 1286, in request
    self._send_request(method, url, body, headers, encode_chunked)
  File "C:\Users\bharath kumar\AppData\Local\Programs\Python\Python311\Lib\http\client.py", line 1332, in _send_request
    self.endheaders(body, encode_chunked=encode_chunked)
  File "C:\Users\bharath kumar\AppData\Local\Programs\Python\Python311\Lib\http\client.py", line 1281, in endheaders
    self._send_output(message_body, encode_chunked=encode_chunked)
  File "C:\Users\bharath kumar\AppData\Local\Programs\Python\Python311\Lib\http\client.py", line 1041, in _send_output
    self.send(msg)
  File "C:\Users\bharath kumar\AppData\Local\Programs\Python\Python311\Lib\http\client.py", line 979, in send
    self.connect()
  File "C:\Users\bharath kumar\AppData\Local\Programs\Python\Python311\Lib\http\client.py", line 1451, in connect
    super().connect()
  File "C:\Users\bharath kumar\AppData\Local\Programs\Python\Python311\Lib\http\client.py", line 945, in connect
    self.sock = self._create_connection(
                ^^^^^^^^^^^^^^^^^^^^^^^^
  File "C:\Users\bharath kumar\AppData\Local\Programs\Python\Python311\Lib\socket.py", line 827, in create_connection
    for res in getaddrinfo(host, port, 0, SOCK_STREAM):
               ^^^^^^^^^^^^^^^^^^^^^^^^^^^^^^^^^^^^^^^
  File "C:\Users\bharath kumar\AppData\Local\Programs\Python\Python311\Lib\socket.py", line 962, in getaddrinfo
    for res in _socket.getaddrinfo(host, port, family, type, proto, flags):
               ^^^^^^^^^^^^^^^^^^^^^^^^^^^^^^^^^^^^^^^^^^^^^^^^^^^^^^^^^^^
socket.gaierror: [Errno 11001] getaddrinfo failed

During handling of the above exception, another exception occurred:

Traceback (most recent call last):
  File "C:\Users\bharath kumar\Desktop\Web Scraper for Nakuri\naukri_scraper.py", line 503, in process_keyword
    driver = make_driver()
             ^^^^^^^^^^^^^
  File "C:\Users\bharath kumar\Desktop\Web Scraper for Nakuri\naukri_scraper.py", line 145, in make_driver
    driver = uc.Chrome(options=options)   # no use_subprocess, no headless
             ^^^^^^^^^^^^^^^^^^^^^^^^^^
  File "C:\Users\bharath kumar\AppData\Local\Programs\Python\Python311\Lib\site-packages\undetected_chromedriver\__init__.py", line 258, in __init__
    self.patcher.auto()
  File "C:\Users\bharath kumar\AppData\Local\Programs\Python\Python311\Lib\site-packages\undetected_chromedriver\patcher.py", line 175, in auto
    release = self.fetch_release_number()
              ^^^^^^^^^^^^^^^^^^^^^^^^^^^
  File "C:\Users\bharath kumar\AppData\Local\Programs\Python\Python311\Lib\site-packages\undetected_chromedriver\patcher.py", line 250, in fetch_release_number
    with urlopen(self.url_repo + path) as conn:
         ^^^^^^^^^^^^^^^^^^^^^^^^^^^^^
  File "C:\Users\bharath kumar\AppData\Local\Programs\Python\Python311\Lib\urllib\request.py", line 216, in urlopen
    return opener.open(url, data, timeout)
           ^^^^^^^^^^^^^^^^^^^^^^^^^^^^^^^
  File "C:\Users\bharath kumar\AppData\Local\Programs\Python\Python311\Lib\urllib\request.py", line 519, in open
    response = self._open(req, data)
               ^^^^^^^^^^^^^^^^^^^^^
  File "C:\Users\bharath kumar\AppData\Local\Programs\Python\Python311\Lib\urllib\request.py", line 536, in _open
    result = self._call_chain(self.handle_open, protocol, protocol +
             ^^^^^^^^^^^^^^^^^^^^^^^^^^^^^^^^^^^^^^^^^^^^^^^^^^^^^^^
  File "C:\Users\bharath kumar\AppData\Local\Programs\Python\Python311\Lib\urllib\request.py", line 496, in _call_chain
    result = func(*args)
             ^^^^^^^^^^^
  File "C:\Users\bharath kumar\AppData\Local\Programs\Python\Python311\Lib\urllib\request.py", line 1391, in https_open
    return self.do_open(http.client.HTTPSConnection, req,
           ^^^^^^^^^^^^^^^^^^^^^^^^^^^^^^^^^^^^^^^^^^^^^^
  File "C:\Users\bharath kumar\AppData\Local\Programs\Python\Python311\Lib\urllib\request.py", line 1351, in do_open
    raise URLError(err)
urllib.error.URLError: <urlopen error [Errno 11001] getaddrinfo failed>

2026-06-12 01:32:29,606 [ERROR] Keyword 'Operations Manager': Traceback (most recent call last):
  File "C:\Users\bharath kumar\AppData\Local\Programs\Python\Python311\Lib\urllib\request.py", line 1348, in do_open
    h.request(req.get_method(), req.selector, req.data, headers,
  File "C:\Users\bharath kumar\AppData\Local\Programs\Python\Python311\Lib\http\client.py", line 1286, in request
    self._send_request(method, url, body, headers, encode_chunked)
  File "C:\Users\bharath kumar\AppData\Local\Programs\Python\Python311\Lib\http\client.py", line 1332, in _send_request
    self.endheaders(body, encode_chunked=encode_chunked)
  File "C:\Users\bharath kumar\AppData\Local\Programs\Python\Python311\Lib\http\client.py", line 1281, in endheaders
    self._send_output(message_body, encode_chunked=encode_chunked)
  File "C:\Users\bharath kumar\AppData\Local\Programs\Python\Python311\Lib\http\client.py", line 1041, in _send_output
    self.send(msg)
  File "C:\Users\bharath kumar\AppData\Local\Programs\Python\Python311\Lib\http\client.py", line 979, in send
    self.connect()
  File "C:\Users\bharath kumar\AppData\Local\Programs\Python\Python311\Lib\http\client.py", line 1451, in connect
    super().connect()
  File "C:\Users\bharath kumar\AppData\Local\Programs\Python\Python311\Lib\http\client.py", line 945, in connect
    self.sock = self._create_connection(
                ^^^^^^^^^^^^^^^^^^^^^^^^
  File "C:\Users\bharath kumar\AppData\Local\Programs\Python\Python311\Lib\socket.py", line 827, in create_connection
    for res in getaddrinfo(host, port, 0, SOCK_STREAM):
               ^^^^^^^^^^^^^^^^^^^^^^^^^^^^^^^^^^^^^^^
  File "C:\Users\bharath kumar\AppData\Local\Programs\Python\Python311\Lib\socket.py", line 962, in getaddrinfo
    for res in _socket.getaddrinfo(host, port, family, type, proto, flags):
               ^^^^^^^^^^^^^^^^^^^^^^^^^^^^^^^^^^^^^^^^^^^^^^^^^^^^^^^^^^^
socket.gaierror: [Errno 11001] getaddrinfo failed

During handling of the above exception, another exception occurred:

Traceback (most recent call last):
  File "C:\Users\bharath kumar\Desktop\Web Scraper for Nakuri\naukri_scraper.py", line 503, in process_keyword
    driver = make_driver()
             ^^^^^^^^^^^^^
  File "C:\Users\bharath kumar\Desktop\Web Scraper for Nakuri\naukri_scraper.py", line 145, in make_driver
    driver = uc.Chrome(options=options)   # no use_subprocess, no headless
             ^^^^^^^^^^^^^^^^^^^^^^^^^^
  File "C:\Users\bharath kumar\AppData\Local\Programs\Python\Python311\Lib\site-packages\undetected_chromedriver\__init__.py", line 258, in __init__
    self.patcher.auto()
  File "C:\Users\bharath kumar\AppData\Local\Programs\Python\Python311\Lib\site-packages\undetected_chromedriver\patcher.py", line 175, in auto
    release = self.fetch_release_number()
              ^^^^^^^^^^^^^^^^^^^^^^^^^^^
  File "C:\Users\bharath kumar\AppData\Local\Programs\Python\Python311\Lib\site-packages\undetected_chromedriver\patcher.py", line 250, in fetch_release_number
    with urlopen(self.url_repo + path) as conn:
         ^^^^^^^^^^^^^^^^^^^^^^^^^^^^^
  File "C:\Users\bharath kumar\AppData\Local\Programs\Python\Python311\Lib\urllib\request.py", line 216, in urlopen
    return opener.open(url, data, timeout)
           ^^^^^^^^^^^^^^^^^^^^^^^^^^^^^^^
  File "C:\Users\bharath kumar\AppData\Local\Programs\Python\Python311\Lib\urllib\request.py", line 519, in open
    response = self._open(req, data)
               ^^^^^^^^^^^^^^^^^^^^^
  File "C:\Users\bharath kumar\AppData\Local\Programs\Python\Python311\Lib\urllib\request.py", line 536, in _open
    result = self._call_chain(self.handle_open, protocol, protocol +
             ^^^^^^^^^^^^^^^^^^^^^^^^^^^^^^^^^^^^^^^^^^^^^^^^^^^^^^^
  File "C:\Users\bharath kumar\AppData\Local\Programs\Python\Python311\Lib\urllib\request.py", line 496, in _call_chain
    result = func(*args)
             ^^^^^^^^^^^
  File "C:\Users\bharath kumar\AppData\Local\Programs\Python\Python311\Lib\urllib\request.py", line 1391, in https_open
    return self.do_open(http.client.HTTPSConnection, req,
           ^^^^^^^^^^^^^^^^^^^^^^^^^^^^^^^^^^^^^^^^^^^^^^
  File "C:\Users\bharath kumar\AppData\Local\Programs\Python\Python311\Lib\urllib\request.py", line 1351, in do_open
    raise URLError(err)
urllib.error.URLError: <urlopen error [Errno 11001] getaddrinfo failed>

2026-06-12 01:32:29,621 [ERROR] Keyword 'Performance Tester': Traceback (most recent call last):
  File "C:\Users\bharath kumar\AppData\Local\Programs\Python\Python311\Lib\urllib\request.py", line 1348, in do_open
    h.request(req.get_method(), req.selector, req.data, headers,
  File "C:\Users\bharath kumar\AppData\Local\Programs\Python\Python311\Lib\http\client.py", line 1286, in request
    self._send_request(method, url, body, headers, encode_chunked)
  File "C:\Users\bharath kumar\AppData\Local\Programs\Python\Python311\Lib\http\client.py", line 1332, in _send_request
    self.endheaders(body, encode_chunked=encode_chunked)
  File "C:\Users\bharath kumar\AppData\Local\Programs\Python\Python311\Lib\http\client.py", line 1281, in endheaders
    self._send_output(message_body, encode_chunked=encode_chunked)
  File "C:\Users\bharath kumar\AppData\Local\Programs\Python\Python311\Lib\http\client.py", line 1041, in _send_output
    self.send(msg)
  File "C:\Users\bharath kumar\AppData\Local\Programs\Python\Python311\Lib\http\client.py", line 979, in send
    self.connect()
  File "C:\Users\bharath kumar\AppData\Local\Programs\Python\Python311\Lib\http\client.py", line 1451, in connect
    super().connect()
  File "C:\Users\bharath kumar\AppData\Local\Programs\Python\Python311\Lib\http\client.py", line 945, in connect
    self.sock = self._create_connection(
                ^^^^^^^^^^^^^^^^^^^^^^^^
  File "C:\Users\bharath kumar\AppData\Local\Programs\Python\Python311\Lib\socket.py", line 827, in create_connection
    for res in getaddrinfo(host, port, 0, SOCK_STREAM):
               ^^^^^^^^^^^^^^^^^^^^^^^^^^^^^^^^^^^^^^^
  File "C:\Users\bharath kumar\AppData\Local\Programs\Python\Python311\Lib\socket.py", line 962, in getaddrinfo
    for res in _socket.getaddrinfo(host, port, family, type, proto, flags):
               ^^^^^^^^^^^^^^^^^^^^^^^^^^^^^^^^^^^^^^^^^^^^^^^^^^^^^^^^^^^
socket.gaierror: [Errno 11001] getaddrinfo failed

During handling of the above exception, another exception occurred:

Traceback (most recent call last):
  File "C:\Users\bharath kumar\Desktop\Web Scraper for Nakuri\naukri_scraper.py", line 503, in process_keyword
    driver = make_driver()
             ^^^^^^^^^^^^^
  File "C:\Users\bharath kumar\Desktop\Web Scraper for Nakuri\naukri_scraper.py", line 145, in make_driver
    driver = uc.Chrome(options=options)   # no use_subprocess, no headless
             ^^^^^^^^^^^^^^^^^^^^^^^^^^
  File "C:\Users\bharath kumar\AppData\Local\Programs\Python\Python311\Lib\site-packages\undetected_chromedriver\__init__.py", line 258, in __init__
    self.patcher.auto()
  File "C:\Users\bharath kumar\AppData\Local\Programs\Python\Python311\Lib\site-packages\undetected_chromedriver\patcher.py", line 175, in auto
    release = self.fetch_release_number()
              ^^^^^^^^^^^^^^^^^^^^^^^^^^^
  File "C:\Users\bharath kumar\AppData\Local\Programs\Python\Python311\Lib\site-packages\undetected_chromedriver\patcher.py", line 250, in fetch_release_number
    with urlopen(self.url_repo + path) as conn:
         ^^^^^^^^^^^^^^^^^^^^^^^^^^^^^
  File "C:\Users\bharath kumar\AppData\Local\Programs\Python\Python311\Lib\urllib\request.py", line 216, in urlopen
    return opener.open(url, data, timeout)
           ^^^^^^^^^^^^^^^^^^^^^^^^^^^^^^^
  File "C:\Users\bharath kumar\AppData\Local\Programs\Python\Python311\Lib\urllib\request.py", line 519, in open
    response = self._open(req, data)
               ^^^^^^^^^^^^^^^^^^^^^
  File "C:\Users\bharath kumar\AppData\Local\Programs\Python\Python311\Lib\urllib\request.py", line 536, in _open
    result = self._call_chain(self.handle_open, protocol, protocol +
             ^^^^^^^^^^^^^^^^^^^^^^^^^^^^^^^^^^^^^^^^^^^^^^^^^^^^^^^
  File "C:\Users\bharath kumar\AppData\Local\Programs\Python\Python311\Lib\urllib\request.py", line 496, in _call_chain
    result = func(*args)
             ^^^^^^^^^^^
  File "C:\Users\bharath kumar\AppData\Local\Programs\Python\Python311\Lib\urllib\request.py", line 1391, in https_open
    return self.do_open(http.client.HTTPSConnection, req,
           ^^^^^^^^^^^^^^^^^^^^^^^^^^^^^^^^^^^^^^^^^^^^^^
  File "C:\Users\bharath kumar\AppData\Local\Programs\Python\Python311\Lib\urllib\request.py", line 1351, in do_open
    raise URLError(err)
urllib.error.URLError: <urlopen error [Errno 11001] getaddrinfo failed>

2026-06-12 01:32:29,635 [ERROR] Keyword 'Pharmaceutical': Traceback (most recent call last):
  File "C:\Users\bharath kumar\AppData\Local\Programs\Python\Python311\Lib\urllib\request.py", line 1348, in do_open
    h.request(req.get_method(), req.selector, req.data, headers,
  File "C:\Users\bharath kumar\AppData\Local\Programs\Python\Python311\Lib\http\client.py", line 1286, in request
    self._send_request(method, url, body, headers, encode_chunked)
  File "C:\Users\bharath kumar\AppData\Local\Programs\Python\Python311\Lib\http\client.py", line 1332, in _send_request
    self.endheaders(body, encode_chunked=encode_chunked)
  File "C:\Users\bharath kumar\AppData\Local\Programs\Python\Python311\Lib\http\client.py", line 1281, in endheaders
    self._send_output(message_body, encode_chunked=encode_chunked)
  File "C:\Users\bharath kumar\AppData\Local\Programs\Python\Python311\Lib\http\client.py", line 1041, in _send_output
    self.send(msg)
  File "C:\Users\bharath kumar\AppData\Local\Programs\Python\Python311\Lib\http\client.py", line 979, in send
    self.connect()
  File "C:\Users\bharath kumar\AppData\Local\Programs\Python\Python311\Lib\http\client.py", line 1451, in connect
    super().connect()
  File "C:\Users\bharath kumar\AppData\Local\Programs\Python\Python311\Lib\http\client.py", line 945, in connect
    self.sock = self._create_connection(
                ^^^^^^^^^^^^^^^^^^^^^^^^
  File "C:\Users\bharath kumar\AppData\Local\Programs\Python\Python311\Lib\socket.py", line 827, in create_connection
    for res in getaddrinfo(host, port, 0, SOCK_STREAM):
               ^^^^^^^^^^^^^^^^^^^^^^^^^^^^^^^^^^^^^^^
  File "C:\Users\bharath kumar\AppData\Local\Programs\Python\Python311\Lib\socket.py", line 962, in getaddrinfo
    for res in _socket.getaddrinfo(host, port, family, type, proto, flags):
               ^^^^^^^^^^^^^^^^^^^^^^^^^^^^^^^^^^^^^^^^^^^^^^^^^^^^^^^^^^^
socket.gaierror: [Errno 11001] getaddrinfo failed

During handling of the above exception, another exception occurred:

Traceback (most recent call last):
  File "C:\Users\bharath kumar\Desktop\Web Scraper for Nakuri\naukri_scraper.py", line 503, in process_keyword
    driver = make_driver()
             ^^^^^^^^^^^^^
  File "C:\Users\bharath kumar\Desktop\Web Scraper for Nakuri\naukri_scraper.py", line 145, in make_driver
    driver = uc.Chrome(options=options)   # no use_subprocess, no headless
             ^^^^^^^^^^^^^^^^^^^^^^^^^^
  File "C:\Users\bharath kumar\AppData\Local\Programs\Python\Python311\Lib\site-packages\undetected_chromedriver\__init__.py", line 258, in __init__
    self.patcher.auto()
  File "C:\Users\bharath kumar\AppData\Local\Programs\Python\Python311\Lib\site-packages\undetected_chromedriver\patcher.py", line 175, in auto
    release = self.fetch_release_number()
              ^^^^^^^^^^^^^^^^^^^^^^^^^^^
  File "C:\Users\bharath kumar\AppData\Local\Programs\Python\Python311\Lib\site-packages\undetected_chromedriver\patcher.py", line 250, in fetch_release_number
    with urlopen(self.url_repo + path) as conn:
         ^^^^^^^^^^^^^^^^^^^^^^^^^^^^^
  File "C:\Users\bharath kumar\AppData\Local\Programs\Python\Python311\Lib\urllib\request.py", line 216, in urlopen
    return opener.open(url, data, timeout)
           ^^^^^^^^^^^^^^^^^^^^^^^^^^^^^^^
  File "C:\Users\bharath kumar\AppData\Local\Programs\Python\Python311\Lib\urllib\request.py", line 519, in open
    response = self._open(req, data)
               ^^^^^^^^^^^^^^^^^^^^^
  File "C:\Users\bharath kumar\AppData\Local\Programs\Python\Python311\Lib\urllib\request.py", line 536, in _open
    result = self._call_chain(self.handle_open, protocol, protocol +
             ^^^^^^^^^^^^^^^^^^^^^^^^^^^^^^^^^^^^^^^^^^^^^^^^^^^^^^^
  File "C:\Users\bharath kumar\AppData\Local\Programs\Python\Python311\Lib\urllib\request.py", line 496, in _call_chain
    result = func(*args)
             ^^^^^^^^^^^
  File "C:\Users\bharath kumar\AppData\Local\Programs\Python\Python311\Lib\urllib\request.py", line 1391, in https_open
    return self.do_open(http.client.HTTPSConnection, req,
           ^^^^^^^^^^^^^^^^^^^^^^^^^^^^^^^^^^^^^^^^^^^^^^
  File "C:\Users\bharath kumar\AppData\Local\Programs\Python\Python311\Lib\urllib\request.py", line 1351, in do_open
    raise URLError(err)
urllib.error.URLError: <urlopen error [Errno 11001] getaddrinfo failed>

2026-06-12 01:32:29,648 [ERROR] Keyword 'Power BI Developer': Traceback (most recent call last):
  File "C:\Users\bharath kumar\AppData\Local\Programs\Python\Python311\Lib\urllib\request.py", line 1348, in do_open
    h.request(req.get_method(), req.selector, req.data, headers,
  File "C:\Users\bharath kumar\AppData\Local\Programs\Python\Python311\Lib\http\client.py", line 1286, in request
    self._send_request(method, url, body, headers, encode_chunked)
  File "C:\Users\bharath kumar\AppData\Local\Programs\Python\Python311\Lib\http\client.py", line 1332, in _send_request
    self.endheaders(body, encode_chunked=encode_chunked)
  File "C:\Users\bharath kumar\AppData\Local\Programs\Python\Python311\Lib\http\client.py", line 1281, in endheaders
    self._send_output(message_body, encode_chunked=encode_chunked)
  File "C:\Users\bharath kumar\AppData\Local\Programs\Python\Python311\Lib\http\client.py", line 1041, in _send_output
    self.send(msg)
  File "C:\Users\bharath kumar\AppData\Local\Programs\Python\Python311\Lib\http\client.py", line 979, in send
    self.connect()
  File "C:\Users\bharath kumar\AppData\Local\Programs\Python\Python311\Lib\http\client.py", line 1451, in connect
    super().connect()
  File "C:\Users\bharath kumar\AppData\Local\Programs\Python\Python311\Lib\http\client.py", line 945, in connect
    self.sock = self._create_connection(
                ^^^^^^^^^^^^^^^^^^^^^^^^
  File "C:\Users\bharath kumar\AppData\Local\Programs\Python\Python311\Lib\socket.py", line 827, in create_connection
    for res in getaddrinfo(host, port, 0, SOCK_STREAM):
               ^^^^^^^^^^^^^^^^^^^^^^^^^^^^^^^^^^^^^^^
  File "C:\Users\bharath kumar\AppData\Local\Programs\Python\Python311\Lib\socket.py", line 962, in getaddrinfo
    for res in _socket.getaddrinfo(host, port, family, type, proto, flags):
               ^^^^^^^^^^^^^^^^^^^^^^^^^^^^^^^^^^^^^^^^^^^^^^^^^^^^^^^^^^^
socket.gaierror: [Errno 11001] getaddrinfo failed

During handling of the above exception, another exception occurred:

Traceback (most recent call last):
  File "C:\Users\bharath kumar\Desktop\Web Scraper for Nakuri\naukri_scraper.py", line 503, in process_keyword
    driver = make_driver()
             ^^^^^^^^^^^^^
  File "C:\Users\bharath kumar\Desktop\Web Scraper for Nakuri\naukri_scraper.py", line 145, in make_driver
    driver = uc.Chrome(options=options)   # no use_subprocess, no headless
             ^^^^^^^^^^^^^^^^^^^^^^^^^^
  File "C:\Users\bharath kumar\AppData\Local\Programs\Python\Python311\Lib\site-packages\undetected_chromedriver\__init__.py", line 258, in __init__
    self.patcher.auto()
  File "C:\Users\bharath kumar\AppData\Local\Programs\Python\Python311\Lib\site-packages\undetected_chromedriver\patcher.py", line 175, in auto
    release = self.fetch_release_number()
              ^^^^^^^^^^^^^^^^^^^^^^^^^^^
  File "C:\Users\bharath kumar\AppData\Local\Programs\Python\Python311\Lib\site-packages\undetected_chromedriver\patcher.py", line 250, in fetch_release_number
    with urlopen(self.url_repo + path) as conn:
         ^^^^^^^^^^^^^^^^^^^^^^^^^^^^^
  File "C:\Users\bharath kumar\AppData\Local\Programs\Python\Python311\Lib\urllib\request.py", line 216, in urlopen
    return opener.open(url, data, timeout)
           ^^^^^^^^^^^^^^^^^^^^^^^^^^^^^^^
  File "C:\Users\bharath kumar\AppData\Local\Programs\Python\Python311\Lib\urllib\request.py", line 519, in open
    response = self._open(req, data)
               ^^^^^^^^^^^^^^^^^^^^^
  File "C:\Users\bharath kumar\AppData\Local\Programs\Python\Python311\Lib\urllib\request.py", line 536, in _open
    result = self._call_chain(self.handle_open, protocol, protocol +
             ^^^^^^^^^^^^^^^^^^^^^^^^^^^^^^^^^^^^^^^^^^^^^^^^^^^^^^^
  File "C:\Users\bharath kumar\AppData\Local\Programs\Python\Python311\Lib\urllib\request.py", line 496, in _call_chain
    result = func(*args)
             ^^^^^^^^^^^
  File "C:\Users\bharath kumar\AppData\Local\Programs\Python\Python311\Lib\urllib\request.py", line 1391, in https_open
    return self.do_open(http.client.HTTPSConnection, req,
           ^^^^^^^^^^^^^^^^^^^^^^^^^^^^^^^^^^^^^^^^^^^^^^
  File "C:\Users\bharath kumar\AppData\Local\Programs\Python\Python311\Lib\urllib\request.py", line 1351, in do_open
    raise URLError(err)
urllib.error.URLError: <urlopen error [Errno 11001] getaddrinfo failed>

2026-06-12 01:32:29,662 [ERROR] Keyword 'Product Designer': Traceback (most recent call last):
  File "C:\Users\bharath kumar\AppData\Local\Programs\Python\Python311\Lib\urllib\request.py", line 1348, in do_open
    h.request(req.get_method(), req.selector, req.data, headers,
  File "C:\Users\bharath kumar\AppData\Local\Programs\Python\Python311\Lib\http\client.py", line 1286, in request
    self._send_request(method, url, body, headers, encode_chunked)
  File "C:\Users\bharath kumar\AppData\Local\Programs\Python\Python311\Lib\http\client.py", line 1332, in _send_request
    self.endheaders(body, encode_chunked=encode_chunked)
  File "C:\Users\bharath kumar\AppData\Local\Programs\Python\Python311\Lib\http\client.py", line 1281, in endheaders
    self._send_output(message_body, encode_chunked=encode_chunked)
  File "C:\Users\bharath kumar\AppData\Local\Programs\Python\Python311\Lib\http\client.py", line 1041, in _send_output
    self.send(msg)
  File "C:\Users\bharath kumar\AppData\Local\Programs\Python\Python311\Lib\http\client.py", line 979, in send
    self.connect()
  File "C:\Users\bharath kumar\AppData\Local\Programs\Python\Python311\Lib\http\client.py", line 1451, in connect
    super().connect()
  File "C:\Users\bharath kumar\AppData\Local\Programs\Python\Python311\Lib\http\client.py", line 945, in connect
    self.sock = self._create_connection(
                ^^^^^^^^^^^^^^^^^^^^^^^^
  File "C:\Users\bharath kumar\AppData\Local\Programs\Python\Python311\Lib\socket.py", line 827, in create_connection
    for res in getaddrinfo(host, port, 0, SOCK_STREAM):
               ^^^^^^^^^^^^^^^^^^^^^^^^^^^^^^^^^^^^^^^
  File "C:\Users\bharath kumar\AppData\Local\Programs\Python\Python311\Lib\socket.py", line 962, in getaddrinfo
    for res in _socket.getaddrinfo(host, port, family, type, proto, flags):
               ^^^^^^^^^^^^^^^^^^^^^^^^^^^^^^^^^^^^^^^^^^^^^^^^^^^^^^^^^^^
socket.gaierror: [Errno 11001] getaddrinfo failed

During handling of the above exception, another exception occurred:

Traceback (most recent call last):
  File "C:\Users\bharath kumar\Desktop\Web Scraper for Nakuri\naukri_scraper.py", line 503, in process_keyword
    driver = make_driver()
             ^^^^^^^^^^^^^
  File "C:\Users\bharath kumar\Desktop\Web Scraper for Nakuri\naukri_scraper.py", line 145, in make_driver
    driver = uc.Chrome(options=options)   # no use_subprocess, no headless
             ^^^^^^^^^^^^^^^^^^^^^^^^^^
  File "C:\Users\bharath kumar\AppData\Local\Programs\Python\Python311\Lib\site-packages\undetected_chromedriver\__init__.py", line 258, in __init__
    self.patcher.auto()
  File "C:\Users\bharath kumar\AppData\Local\Programs\Python\Python311\Lib\site-packages\undetected_chromedriver\patcher.py", line 175, in auto
    release = self.fetch_release_number()
              ^^^^^^^^^^^^^^^^^^^^^^^^^^^
  File "C:\Users\bharath kumar\AppData\Local\Programs\Python\Python311\Lib\site-packages\undetected_chromedriver\patcher.py", line 250, in fetch_release_number
    with urlopen(self.url_repo + path) as conn:
         ^^^^^^^^^^^^^^^^^^^^^^^^^^^^^
  File "C:\Users\bharath kumar\AppData\Local\Programs\Python\Python311\Lib\urllib\request.py", line 216, in urlopen
    return opener.open(url, data, timeout)
           ^^^^^^^^^^^^^^^^^^^^^^^^^^^^^^^
  File "C:\Users\bharath kumar\AppData\Local\Programs\Python\Python311\Lib\urllib\request.py", line 519, in open
    response = self._open(req, data)
               ^^^^^^^^^^^^^^^^^^^^^
  File "C:\Users\bharath kumar\AppData\Local\Programs\Python\Python311\Lib\urllib\request.py", line 536, in _open
    result = self._call_chain(self.handle_open, protocol, protocol +
             ^^^^^^^^^^^^^^^^^^^^^^^^^^^^^^^^^^^^^^^^^^^^^^^^^^^^^^^
  File "C:\Users\bharath kumar\AppData\Local\Programs\Python\Python311\Lib\urllib\request.py", line 496, in _call_chain
    result = func(*args)
             ^^^^^^^^^^^
  File "C:\Users\bharath kumar\AppData\Local\Programs\Python\Python311\Lib\urllib\request.py", line 1391, in https_open
    return self.do_open(http.client.HTTPSConnection, req,
           ^^^^^^^^^^^^^^^^^^^^^^^^^^^^^^^^^^^^^^^^^^^^^^
  File "C:\Users\bharath kumar\AppData\Local\Programs\Python\Python311\Lib\urllib\request.py", line 1351, in do_open
    raise URLError(err)
urllib.error.URLError: <urlopen error [Errno 11001] getaddrinfo failed>

2026-06-12 01:32:29,678 [ERROR] Keyword 'Product Manager': Traceback (most recent call last):
  File "C:\Users\bharath kumar\AppData\Local\Programs\Python\Python311\Lib\urllib\request.py", line 1348, in do_open
    h.request(req.get_method(), req.selector, req.data, headers,
  File "C:\Users\bharath kumar\AppData\Local\Programs\Python\Python311\Lib\http\client.py", line 1286, in request
    self._send_request(method, url, body, headers, encode_chunked)
  File "C:\Users\bharath kumar\AppData\Local\Programs\Python\Python311\Lib\http\client.py", line 1332, in _send_request
    self.endheaders(body, encode_chunked=encode_chunked)
  File "C:\Users\bharath kumar\AppData\Local\Programs\Python\Python311\Lib\http\client.py", line 1281, in endheaders
    self._send_output(message_body, encode_chunked=encode_chunked)
  File "C:\Users\bharath kumar\AppData\Local\Programs\Python\Python311\Lib\http\client.py", line 1041, in _send_output
    self.send(msg)
  File "C:\Users\bharath kumar\AppData\Local\Programs\Python\Python311\Lib\http\client.py", line 979, in send
    self.connect()
  File "C:\Users\bharath kumar\AppData\Local\Programs\Python\Python311\Lib\http\client.py", line 1451, in connect
    super().connect()
  File "C:\Users\bharath kumar\AppData\Local\Programs\Python\Python311\Lib\http\client.py", line 945, in connect
    self.sock = self._create_connection(
                ^^^^^^^^^^^^^^^^^^^^^^^^
  File "C:\Users\bharath kumar\AppData\Local\Programs\Python\Python311\Lib\socket.py", line 827, in create_connection
    for res in getaddrinfo(host, port, 0, SOCK_STREAM):
               ^^^^^^^^^^^^^^^^^^^^^^^^^^^^^^^^^^^^^^^
  File "C:\Users\bharath kumar\AppData\Local\Programs\Python\Python311\Lib\socket.py", line 962, in getaddrinfo
    for res in _socket.getaddrinfo(host, port, family, type, proto, flags):
               ^^^^^^^^^^^^^^^^^^^^^^^^^^^^^^^^^^^^^^^^^^^^^^^^^^^^^^^^^^^
socket.gaierror: [Errno 11001] getaddrinfo failed

During handling of the above exception, another exception occurred:

Traceback (most recent call last):
  File "C:\Users\bharath kumar\Desktop\Web Scraper for Nakuri\naukri_scraper.py", line 503, in process_keyword
    driver = make_driver()
             ^^^^^^^^^^^^^
  File "C:\Users\bharath kumar\Desktop\Web Scraper for Nakuri\naukri_scraper.py", line 145, in make_driver
    driver = uc.Chrome(options=options)   # no use_subprocess, no headless
             ^^^^^^^^^^^^^^^^^^^^^^^^^^
  File "C:\Users\bharath kumar\AppData\Local\Programs\Python\Python311\Lib\site-packages\undetected_chromedriver\__init__.py", line 258, in __init__
    self.patcher.auto()
  File "C:\Users\bharath kumar\AppData\Local\Programs\Python\Python311\Lib\site-packages\undetected_chromedriver\patcher.py", line 175, in auto
    release = self.fetch_release_number()
              ^^^^^^^^^^^^^^^^^^^^^^^^^^^
  File "C:\Users\bharath kumar\AppData\Local\Programs\Python\Python311\Lib\site-packages\undetected_chromedriver\patcher.py", line 250, in fetch_release_number
    with urlopen(self.url_repo + path) as conn:
         ^^^^^^^^^^^^^^^^^^^^^^^^^^^^^
  File "C:\Users\bharath kumar\AppData\Local\Programs\Python\Python311\Lib\urllib\request.py", line 216, in urlopen
    return opener.open(url, data, timeout)
           ^^^^^^^^^^^^^^^^^^^^^^^^^^^^^^^
  File "C:\Users\bharath kumar\AppData\Local\Programs\Python\Python311\Lib\urllib\request.py", line 519, in open
    response = self._open(req, data)
               ^^^^^^^^^^^^^^^^^^^^^
  File "C:\Users\bharath kumar\AppData\Local\Programs\Python\Python311\Lib\urllib\request.py", line 536, in _open
    result = self._call_chain(self.handle_open, protocol, protocol +
             ^^^^^^^^^^^^^^^^^^^^^^^^^^^^^^^^^^^^^^^^^^^^^^^^^^^^^^^
  File "C:\Users\bharath kumar\AppData\Local\Programs\Python\Python311\Lib\urllib\request.py", line 496, in _call_chain
    result = func(*args)
             ^^^^^^^^^^^
  File "C:\Users\bharath kumar\AppData\Local\Programs\Python\Python311\Lib\urllib\request.py", line 1391, in https_open
    return self.do_open(http.client.HTTPSConnection, req,
           ^^^^^^^^^^^^^^^^^^^^^^^^^^^^^^^^^^^^^^^^^^^^^^
  File "C:\Users\bharath kumar\AppData\Local\Programs\Python\Python311\Lib\urllib\request.py", line 1351, in do_open
    raise URLError(err)
urllib.error.URLError: <urlopen error [Errno 11001] getaddrinfo failed>

2026-06-12 01:32:29,691 [ERROR] Keyword 'Professor': Traceback (most recent call last):
  File "C:\Users\bharath kumar\AppData\Local\Programs\Python\Python311\Lib\urllib\request.py", line 1348, in do_open
    h.request(req.get_method(), req.selector, req.data, headers,
  File "C:\Users\bharath kumar\AppData\Local\Programs\Python\Python311\Lib\http\client.py", line 1286, in request
    self._send_request(method, url, body, headers, encode_chunked)
  File "C:\Users\bharath kumar\AppData\Local\Programs\Python\Python311\Lib\http\client.py", line 1332, in _send_request
    self.endheaders(body, encode_chunked=encode_chunked)
  File "C:\Users\bharath kumar\AppData\Local\Programs\Python\Python311\Lib\http\client.py", line 1281, in endheaders
    self._send_output(message_body, encode_chunked=encode_chunked)
  File "C:\Users\bharath kumar\AppData\Local\Programs\Python\Python311\Lib\http\client.py", line 1041, in _send_output
    self.send(msg)
  File "C:\Users\bharath kumar\AppData\Local\Programs\Python\Python311\Lib\http\client.py", line 979, in send
    self.connect()
  File "C:\Users\bharath kumar\AppData\Local\Programs\Python\Python311\Lib\http\client.py", line 1451, in connect
    super().connect()
  File "C:\Users\bharath kumar\AppData\Local\Programs\Python\Python311\Lib\http\client.py", line 945, in connect
    self.sock = self._create_connection(
                ^^^^^^^^^^^^^^^^^^^^^^^^
  File "C:\Users\bharath kumar\AppData\Local\Programs\Python\Python311\Lib\socket.py", line 827, in create_connection
    for res in getaddrinfo(host, port, 0, SOCK_STREAM):
               ^^^^^^^^^^^^^^^^^^^^^^^^^^^^^^^^^^^^^^^
  File "C:\Users\bharath kumar\AppData\Local\Programs\Python\Python311\Lib\socket.py", line 962, in getaddrinfo
    for res in _socket.getaddrinfo(host, port, family, type, proto, flags):
               ^^^^^^^^^^^^^^^^^^^^^^^^^^^^^^^^^^^^^^^^^^^^^^^^^^^^^^^^^^^
socket.gaierror: [Errno 11001] getaddrinfo failed

During handling of the above exception, another exception occurred:

Traceback (most recent call last):
  File "C:\Users\bharath kumar\Desktop\Web Scraper for Nakuri\naukri_scraper.py", line 503, in process_keyword
    driver = make_driver()
             ^^^^^^^^^^^^^
  File "C:\Users\bharath kumar\Desktop\Web Scraper for Nakuri\naukri_scraper.py", line 145, in make_driver
    driver = uc.Chrome(options=options)   # no use_subprocess, no headless
             ^^^^^^^^^^^^^^^^^^^^^^^^^^
  File "C:\Users\bharath kumar\AppData\Local\Programs\Python\Python311\Lib\site-packages\undetected_chromedriver\__init__.py", line 258, in __init__
    self.patcher.auto()
  File "C:\Users\bharath kumar\AppData\Local\Programs\Python\Python311\Lib\site-packages\undetected_chromedriver\patcher.py", line 175, in auto
    release = self.fetch_release_number()
              ^^^^^^^^^^^^^^^^^^^^^^^^^^^
  File "C:\Users\bharath kumar\AppData\Local\Programs\Python\Python311\Lib\site-packages\undetected_chromedriver\patcher.py", line 250, in fetch_release_number
    with urlopen(self.url_repo + path) as conn:
         ^^^^^^^^^^^^^^^^^^^^^^^^^^^^^
  File "C:\Users\bharath kumar\AppData\Local\Programs\Python\Python311\Lib\urllib\request.py", line 216, in urlopen
    return opener.open(url, data, timeout)
           ^^^^^^^^^^^^^^^^^^^^^^^^^^^^^^^
  File "C:\Users\bharath kumar\AppData\Local\Programs\Python\Python311\Lib\urllib\request.py", line 519, in open
    response = self._open(req, data)
               ^^^^^^^^^^^^^^^^^^^^^
  File "C:\Users\bharath kumar\AppData\Local\Programs\Python\Python311\Lib\urllib\request.py", line 536, in _open
    result = self._call_chain(self.handle_open, protocol, protocol +
             ^^^^^^^^^^^^^^^^^^^^^^^^^^^^^^^^^^^^^^^^^^^^^^^^^^^^^^^
  File "C:\Users\bharath kumar\AppData\Local\Programs\Python\Python311\Lib\urllib\request.py", line 496, in _call_chain
    result = func(*args)
             ^^^^^^^^^^^
  File "C:\Users\bharath kumar\AppData\Local\Programs\Python\Python311\Lib\urllib\request.py", line 1391, in https_open
    return self.do_open(http.client.HTTPSConnection, req,
           ^^^^^^^^^^^^^^^^^^^^^^^^^^^^^^^^^^^^^^^^^^^^^^
  File "C:\Users\bharath kumar\AppData\Local\Programs\Python\Python311\Lib\urllib\request.py", line 1351, in do_open
    raise URLError(err)
urllib.error.URLError: <urlopen error [Errno 11001] getaddrinfo failed>

2026-06-12 01:32:29,702 [ERROR] Keyword 'Program Manager': Traceback (most recent call last):
  File "C:\Users\bharath kumar\AppData\Local\Programs\Python\Python311\Lib\urllib\request.py", line 1348, in do_open
    h.request(req.get_method(), req.selector, req.data, headers,
  File "C:\Users\bharath kumar\AppData\Local\Programs\Python\Python311\Lib\http\client.py", line 1286, in request
    self._send_request(method, url, body, headers, encode_chunked)
  File "C:\Users\bharath kumar\AppData\Local\Programs\Python\Python311\Lib\http\client.py", line 1332, in _send_request
    self.endheaders(body, encode_chunked=encode_chunked)
  File "C:\Users\bharath kumar\AppData\Local\Programs\Python\Python311\Lib\http\client.py", line 1281, in endheaders
    self._send_output(message_body, encode_chunked=encode_chunked)
  File "C:\Users\bharath kumar\AppData\Local\Programs\Python\Python311\Lib\http\client.py", line 1041, in _send_output
    self.send(msg)
  File "C:\Users\bharath kumar\AppData\Local\Programs\Python\Python311\Lib\http\client.py", line 979, in send
    self.connect()
  File "C:\Users\bharath kumar\AppData\Local\Programs\Python\Python311\Lib\http\client.py", line 1451, in connect
    super().connect()
  File "C:\Users\bharath kumar\AppData\Local\Programs\Python\Python311\Lib\http\client.py", line 945, in connect
    self.sock = self._create_connection(
                ^^^^^^^^^^^^^^^^^^^^^^^^
  File "C:\Users\bharath kumar\AppData\Local\Programs\Python\Python311\Lib\socket.py", line 827, in create_connection
    for res in getaddrinfo(host, port, 0, SOCK_STREAM):
               ^^^^^^^^^^^^^^^^^^^^^^^^^^^^^^^^^^^^^^^
  File "C:\Users\bharath kumar\AppData\Local\Programs\Python\Python311\Lib\socket.py", line 962, in getaddrinfo
    for res in _socket.getaddrinfo(host, port, family, type, proto, flags):
               ^^^^^^^^^^^^^^^^^^^^^^^^^^^^^^^^^^^^^^^^^^^^^^^^^^^^^^^^^^^
socket.gaierror: [Errno 11001] getaddrinfo failed

During handling of the above exception, another exception occurred:

Traceback (most recent call last):
  File "C:\Users\bharath kumar\Desktop\Web Scraper for Nakuri\naukri_scraper.py", line 503, in process_keyword
    driver = make_driver()
             ^^^^^^^^^^^^^
  File "C:\Users\bharath kumar\Desktop\Web Scraper for Nakuri\naukri_scraper.py", line 145, in make_driver
    driver = uc.Chrome(options=options)   # no use_subprocess, no headless
             ^^^^^^^^^^^^^^^^^^^^^^^^^^
  File "C:\Users\bharath kumar\AppData\Local\Programs\Python\Python311\Lib\site-packages\undetected_chromedriver\__init__.py", line 258, in __init__
    self.patcher.auto()
  File "C:\Users\bharath kumar\AppData\Local\Programs\Python\Python311\Lib\site-packages\undetected_chromedriver\patcher.py", line 175, in auto
    release = self.fetch_release_number()
              ^^^^^^^^^^^^^^^^^^^^^^^^^^^
  File "C:\Users\bharath kumar\AppData\Local\Programs\Python\Python311\Lib\site-packages\undetected_chromedriver\patcher.py", line 250, in fetch_release_number
    with urlopen(self.url_repo + path) as conn:
         ^^^^^^^^^^^^^^^^^^^^^^^^^^^^^
  File "C:\Users\bharath kumar\AppData\Local\Programs\Python\Python311\Lib\urllib\request.py", line 216, in urlopen
    return opener.open(url, data, timeout)
           ^^^^^^^^^^^^^^^^^^^^^^^^^^^^^^^
  File "C:\Users\bharath kumar\AppData\Local\Programs\Python\Python311\Lib\urllib\request.py", line 519, in open
    response = self._open(req, data)
               ^^^^^^^^^^^^^^^^^^^^^
  File "C:\Users\bharath kumar\AppData\Local\Programs\Python\Python311\Lib\urllib\request.py", line 536, in _open
    result = self._call_chain(self.handle_open, protocol, protocol +
             ^^^^^^^^^^^^^^^^^^^^^^^^^^^^^^^^^^^^^^^^^^^^^^^^^^^^^^^
  File "C:\Users\bharath kumar\AppData\Local\Programs\Python\Python311\Lib\urllib\request.py", line 496, in _call_chain
    result = func(*args)
             ^^^^^^^^^^^
  File "C:\Users\bharath kumar\AppData\Local\Programs\Python\Python311\Lib\urllib\request.py", line 1391, in https_open
    return self.do_open(http.client.HTTPSConnection, req,
           ^^^^^^^^^^^^^^^^^^^^^^^^^^^^^^^^^^^^^^^^^^^^^^
  File "C:\Users\bharath kumar\AppData\Local\Programs\Python\Python311\Lib\urllib\request.py", line 1351, in do_open
    raise URLError(err)
urllib.error.URLError: <urlopen error [Errno 11001] getaddrinfo failed>

2026-06-12 01:32:29,715 [ERROR] Keyword 'Project Manager': Traceback (most recent call last):
  File "C:\Users\bharath kumar\AppData\Local\Programs\Python\Python311\Lib\urllib\request.py", line 1348, in do_open
    h.request(req.get_method(), req.selector, req.data, headers,
  File "C:\Users\bharath kumar\AppData\Local\Programs\Python\Python311\Lib\http\client.py", line 1286, in request
    self._send_request(method, url, body, headers, encode_chunked)
  File "C:\Users\bharath kumar\AppData\Local\Programs\Python\Python311\Lib\http\client.py", line 1332, in _send_request
    self.endheaders(body, encode_chunked=encode_chunked)
  File "C:\Users\bharath kumar\AppData\Local\Programs\Python\Python311\Lib\http\client.py", line 1281, in endheaders
    self._send_output(message_body, encode_chunked=encode_chunked)
  File "C:\Users\bharath kumar\AppData\Local\Programs\Python\Python311\Lib\http\client.py", line 1041, in _send_output
    self.send(msg)
  File "C:\Users\bharath kumar\AppData\Local\Programs\Python\Python311\Lib\http\client.py", line 979, in send
    self.connect()
  File "C:\Users\bharath kumar\AppData\Local\Programs\Python\Python311\Lib\http\client.py", line 1451, in connect
    super().connect()
  File "C:\Users\bharath kumar\AppData\Local\Programs\Python\Python311\Lib\http\client.py", line 945, in connect
    self.sock = self._create_connection(
                ^^^^^^^^^^^^^^^^^^^^^^^^
  File "C:\Users\bharath kumar\AppData\Local\Programs\Python\Python311\Lib\socket.py", line 827, in create_connection
    for res in getaddrinfo(host, port, 0, SOCK_STREAM):
               ^^^^^^^^^^^^^^^^^^^^^^^^^^^^^^^^^^^^^^^
  File "C:\Users\bharath kumar\AppData\Local\Programs\Python\Python311\Lib\socket.py", line 962, in getaddrinfo
    for res in _socket.getaddrinfo(host, port, family, type, proto, flags):
               ^^^^^^^^^^^^^^^^^^^^^^^^^^^^^^^^^^^^^^^^^^^^^^^^^^^^^^^^^^^
socket.gaierror: [Errno 11001] getaddrinfo failed

During handling of the above exception, another exception occurred:

Traceback (most recent call last):
  File "C:\Users\bharath kumar\Desktop\Web Scraper for Nakuri\naukri_scraper.py", line 503, in process_keyword
    driver = make_driver()
             ^^^^^^^^^^^^^
  File "C:\Users\bharath kumar\Desktop\Web Scraper for Nakuri\naukri_scraper.py", line 145, in make_driver
    driver = uc.Chrome(options=options)   # no use_subprocess, no headless
             ^^^^^^^^^^^^^^^^^^^^^^^^^^
  File "C:\Users\bharath kumar\AppData\Local\Programs\Python\Python311\Lib\site-packages\undetected_chromedriver\__init__.py", line 258, in __init__
    self.patcher.auto()
  File "C:\Users\bharath kumar\AppData\Local\Programs\Python\Python311\Lib\site-packages\undetected_chromedriver\patcher.py", line 175, in auto
    release = self.fetch_release_number()
              ^^^^^^^^^^^^^^^^^^^^^^^^^^^
  File "C:\Users\bharath kumar\AppData\Local\Programs\Python\Python311\Lib\site-packages\undetected_chromedriver\patcher.py", line 250, in fetch_release_number
    with urlopen(self.url_repo + path) as conn:
         ^^^^^^^^^^^^^^^^^^^^^^^^^^^^^
  File "C:\Users\bharath kumar\AppData\Local\Programs\Python\Python311\Lib\urllib\request.py", line 216, in urlopen
    return opener.open(url, data, timeout)
           ^^^^^^^^^^^^^^^^^^^^^^^^^^^^^^^
  File "C:\Users\bharath kumar\AppData\Local\Programs\Python\Python311\Lib\urllib\request.py", line 519, in open
    response = self._open(req, data)
               ^^^^^^^^^^^^^^^^^^^^^
  File "C:\Users\bharath kumar\AppData\Local\Programs\Python\Python311\Lib\urllib\request.py", line 536, in _open
    result = self._call_chain(self.handle_open, protocol, protocol +
             ^^^^^^^^^^^^^^^^^^^^^^^^^^^^^^^^^^^^^^^^^^^^^^^^^^^^^^^
  File "C:\Users\bharath kumar\AppData\Local\Programs\Python\Python311\Lib\urllib\request.py", line 496, in _call_chain
    result = func(*args)
             ^^^^^^^^^^^
  File "C:\Users\bharath kumar\AppData\Local\Programs\Python\Python311\Lib\urllib\request.py", line 1391, in https_open
    return self.do_open(http.client.HTTPSConnection, req,
           ^^^^^^^^^^^^^^^^^^^^^^^^^^^^^^^^^^^^^^^^^^^^^^
  File "C:\Users\bharath kumar\AppData\Local\Programs\Python\Python311\Lib\urllib\request.py", line 1351, in do_open
    raise URLError(err)
urllib.error.URLError: <urlopen error [Errno 11001] getaddrinfo failed>

2026-06-12 01:32:29,731 [ERROR] Keyword 'Python Developer': Traceback (most recent call last):
  File "C:\Users\bharath kumar\AppData\Local\Programs\Python\Python311\Lib\urllib\request.py", line 1348, in do_open
    h.request(req.get_method(), req.selector, req.data, headers,
  File "C:\Users\bharath kumar\AppData\Local\Programs\Python\Python311\Lib\http\client.py", line 1286, in request
    self._send_request(method, url, body, headers, encode_chunked)
  File "C:\Users\bharath kumar\AppData\Local\Programs\Python\Python311\Lib\http\client.py", line 1332, in _send_request
    self.endheaders(body, encode_chunked=encode_chunked)
  File "C:\Users\bharath kumar\AppData\Local\Programs\Python\Python311\Lib\http\client.py", line 1281, in endheaders
    self._send_output(message_body, encode_chunked=encode_chunked)
  File "C:\Users\bharath kumar\AppData\Local\Programs\Python\Python311\Lib\http\client.py", line 1041, in _send_output
    self.send(msg)
  File "C:\Users\bharath kumar\AppData\Local\Programs\Python\Python311\Lib\http\client.py", line 979, in send
    self.connect()
  File "C:\Users\bharath kumar\AppData\Local\Programs\Python\Python311\Lib\http\client.py", line 1451, in connect
    super().connect()
  File "C:\Users\bharath kumar\AppData\Local\Programs\Python\Python311\Lib\http\client.py", line 945, in connect
    self.sock = self._create_connection(
                ^^^^^^^^^^^^^^^^^^^^^^^^
  File "C:\Users\bharath kumar\AppData\Local\Programs\Python\Python311\Lib\socket.py", line 827, in create_connection
    for res in getaddrinfo(host, port, 0, SOCK_STREAM):
               ^^^^^^^^^^^^^^^^^^^^^^^^^^^^^^^^^^^^^^^
  File "C:\Users\bharath kumar\AppData\Local\Programs\Python\Python311\Lib\socket.py", line 962, in getaddrinfo
    for res in _socket.getaddrinfo(host, port, family, type, proto, flags):
               ^^^^^^^^^^^^^^^^^^^^^^^^^^^^^^^^^^^^^^^^^^^^^^^^^^^^^^^^^^^
socket.gaierror: [Errno 11001] getaddrinfo failed

During handling of the above exception, another exception occurred:

Traceback (most recent call last):
  File "C:\Users\bharath kumar\Desktop\Web Scraper for Nakuri\naukri_scraper.py", line 503, in process_keyword
    driver = make_driver()
             ^^^^^^^^^^^^^
  File "C:\Users\bharath kumar\Desktop\Web Scraper for Nakuri\naukri_scraper.py", line 145, in make_driver
    driver = uc.Chrome(options=options)   # no use_subprocess, no headless
             ^^^^^^^^^^^^^^^^^^^^^^^^^^
  File "C:\Users\bharath kumar\AppData\Local\Programs\Python\Python311\Lib\site-packages\undetected_chromedriver\__init__.py", line 258, in __init__
    self.patcher.auto()
  File "C:\Users\bharath kumar\AppData\Local\Programs\Python\Python311\Lib\site-packages\undetected_chromedriver\patcher.py", line 175, in auto
    release = self.fetch_release_number()
              ^^^^^^^^^^^^^^^^^^^^^^^^^^^
  File "C:\Users\bharath kumar\AppData\Local\Programs\Python\Python311\Lib\site-packages\undetected_chromedriver\patcher.py", line 250, in fetch_release_number
    with urlopen(self.url_repo + path) as conn:
         ^^^^^^^^^^^^^^^^^^^^^^^^^^^^^
  File "C:\Users\bharath kumar\AppData\Local\Programs\Python\Python311\Lib\urllib\request.py", line 216, in urlopen
    return opener.open(url, data, timeout)
           ^^^^^^^^^^^^^^^^^^^^^^^^^^^^^^^
  File "C:\Users\bharath kumar\AppData\Local\Programs\Python\Python311\Lib\urllib\request.py", line 519, in open
    response = self._open(req, data)
               ^^^^^^^^^^^^^^^^^^^^^
  File "C:\Users\bharath kumar\AppData\Local\Programs\Python\Python311\Lib\urllib\request.py", line 536, in _open
    result = self._call_chain(self.handle_open, protocol, protocol +
             ^^^^^^^^^^^^^^^^^^^^^^^^^^^^^^^^^^^^^^^^^^^^^^^^^^^^^^^
  File "C:\Users\bharath kumar\AppData\Local\Programs\Python\Python311\Lib\urllib\request.py", line 496, in _call_chain
    result = func(*args)
             ^^^^^^^^^^^
  File "C:\Users\bharath kumar\AppData\Local\Programs\Python\Python311\Lib\urllib\request.py", line 1391, in https_open
    return self.do_open(http.client.HTTPSConnection, req,
           ^^^^^^^^^^^^^^^^^^^^^^^^^^^^^^^^^^^^^^^^^^^^^^
  File "C:\Users\bharath kumar\AppData\Local\Programs\Python\Python311\Lib\urllib\request.py", line 1351, in do_open
    raise URLError(err)
urllib.error.URLError: <urlopen error [Errno 11001] getaddrinfo failed>

2026-06-12 01:32:29,744 [ERROR] Keyword 'QA Engineer': Traceback (most recent call last):
  File "C:\Users\bharath kumar\AppData\Local\Programs\Python\Python311\Lib\urllib\request.py", line 1348, in do_open
    h.request(req.get_method(), req.selector, req.data, headers,
  File "C:\Users\bharath kumar\AppData\Local\Programs\Python\Python311\Lib\http\client.py", line 1286, in request
    self._send_request(method, url, body, headers, encode_chunked)
  File "C:\Users\bharath kumar\AppData\Local\Programs\Python\Python311\Lib\http\client.py", line 1332, in _send_request
    self.endheaders(body, encode_chunked=encode_chunked)
  File "C:\Users\bharath kumar\AppData\Local\Programs\Python\Python311\Lib\http\client.py", line 1281, in endheaders
    self._send_output(message_body, encode_chunked=encode_chunked)
  File "C:\Users\bharath kumar\AppData\Local\Programs\Python\Python311\Lib\http\client.py", line 1041, in _send_output
    self.send(msg)
  File "C:\Users\bharath kumar\AppData\Local\Programs\Python\Python311\Lib\http\client.py", line 979, in send
    self.connect()
  File "C:\Users\bharath kumar\AppData\Local\Programs\Python\Python311\Lib\http\client.py", line 1451, in connect
    super().connect()
  File "C:\Users\bharath kumar\AppData\Local\Programs\Python\Python311\Lib\http\client.py", line 945, in connect
    self.sock = self._create_connection(
                ^^^^^^^^^^^^^^^^^^^^^^^^
  File "C:\Users\bharath kumar\AppData\Local\Programs\Python\Python311\Lib\socket.py", line 827, in create_connection
    for res in getaddrinfo(host, port, 0, SOCK_STREAM):
               ^^^^^^^^^^^^^^^^^^^^^^^^^^^^^^^^^^^^^^^
  File "C:\Users\bharath kumar\AppData\Local\Programs\Python\Python311\Lib\socket.py", line 962, in getaddrinfo
    for res in _socket.getaddrinfo(host, port, family, type, proto, flags):
               ^^^^^^^^^^^^^^^^^^^^^^^^^^^^^^^^^^^^^^^^^^^^^^^^^^^^^^^^^^^
socket.gaierror: [Errno 11001] getaddrinfo failed

During handling of the above exception, another exception occurred:

Traceback (most recent call last):
  File "C:\Users\bharath kumar\Desktop\Web Scraper for Nakuri\naukri_scraper.py", line 503, in process_keyword
    driver = make_driver()
             ^^^^^^^^^^^^^
  File "C:\Users\bharath kumar\Desktop\Web Scraper for Nakuri\naukri_scraper.py", line 145, in make_driver
    driver = uc.Chrome(options=options)   # no use_subprocess, no headless
             ^^^^^^^^^^^^^^^^^^^^^^^^^^
  File "C:\Users\bharath kumar\AppData\Local\Programs\Python\Python311\Lib\site-packages\undetected_chromedriver\__init__.py", line 258, in __init__
    self.patcher.auto()
  File "C:\Users\bharath kumar\AppData\Local\Programs\Python\Python311\Lib\site-packages\undetected_chromedriver\patcher.py", line 175, in auto
    release = self.fetch_release_number()
              ^^^^^^^^^^^^^^^^^^^^^^^^^^^
  File "C:\Users\bharath kumar\AppData\Local\Programs\Python\Python311\Lib\site-packages\undetected_chromedriver\patcher.py", line 250, in fetch_release_number
    with urlopen(self.url_repo + path) as conn:
         ^^^^^^^^^^^^^^^^^^^^^^^^^^^^^
  File "C:\Users\bharath kumar\AppData\Local\Programs\Python\Python311\Lib\urllib\request.py", line 216, in urlopen
    return opener.open(url, data, timeout)
           ^^^^^^^^^^^^^^^^^^^^^^^^^^^^^^^
  File "C:\Users\bharath kumar\AppData\Local\Programs\Python\Python311\Lib\urllib\request.py", line 519, in open
    response = self._open(req, data)
               ^^^^^^^^^^^^^^^^^^^^^
  File "C:\Users\bharath kumar\AppData\Local\Programs\Python\Python311\Lib\urllib\request.py", line 536, in _open
    result = self._call_chain(self.handle_open, protocol, protocol +
             ^^^^^^^^^^^^^^^^^^^^^^^^^^^^^^^^^^^^^^^^^^^^^^^^^^^^^^^
  File "C:\Users\bharath kumar\AppData\Local\Programs\Python\Python311\Lib\urllib\request.py", line 496, in _call_chain
    result = func(*args)
             ^^^^^^^^^^^
  File "C:\Users\bharath kumar\AppData\Local\Programs\Python\Python311\Lib\urllib\request.py", line 1391, in https_open
    return self.do_open(http.client.HTTPSConnection, req,
           ^^^^^^^^^^^^^^^^^^^^^^^^^^^^^^^^^^^^^^^^^^^^^^
  File "C:\Users\bharath kumar\AppData\Local\Programs\Python\Python311\Lib\urllib\request.py", line 1351, in do_open
    raise URLError(err)
urllib.error.URLError: <urlopen error [Errno 11001] getaddrinfo failed>

2026-06-12 01:32:29,759 [ERROR] Keyword 'React Developer': Traceback (most recent call last):
  File "C:\Users\bharath kumar\AppData\Local\Programs\Python\Python311\Lib\urllib\request.py", line 1348, in do_open
    h.request(req.get_method(), req.selector, req.data, headers,
  File "C:\Users\bharath kumar\AppData\Local\Programs\Python\Python311\Lib\http\client.py", line 1286, in request
    self._send_request(method, url, body, headers, encode_chunked)
  File "C:\Users\bharath kumar\AppData\Local\Programs\Python\Python311\Lib\http\client.py", line 1332, in _send_request
    self.endheaders(body, encode_chunked=encode_chunked)
  File "C:\Users\bharath kumar\AppData\Local\Programs\Python\Python311\Lib\http\client.py", line 1281, in endheaders
    self._send_output(message_body, encode_chunked=encode_chunked)
  File "C:\Users\bharath kumar\AppData\Local\Programs\Python\Python311\Lib\http\client.py", line 1041, in _send_output
    self.send(msg)
  File "C:\Users\bharath kumar\AppData\Local\Programs\Python\Python311\Lib\http\client.py", line 979, in send
    self.connect()
  File "C:\Users\bharath kumar\AppData\Local\Programs\Python\Python311\Lib\http\client.py", line 1451, in connect
    super().connect()
  File "C:\Users\bharath kumar\AppData\Local\Programs\Python\Python311\Lib\http\client.py", line 945, in connect
    self.sock = self._create_connection(
                ^^^^^^^^^^^^^^^^^^^^^^^^
  File "C:\Users\bharath kumar\AppData\Local\Programs\Python\Python311\Lib\socket.py", line 827, in create_connection
    for res in getaddrinfo(host, port, 0, SOCK_STREAM):
               ^^^^^^^^^^^^^^^^^^^^^^^^^^^^^^^^^^^^^^^
  File "C:\Users\bharath kumar\AppData\Local\Programs\Python\Python311\Lib\socket.py", line 962, in getaddrinfo
    for res in _socket.getaddrinfo(host, port, family, type, proto, flags):
               ^^^^^^^^^^^^^^^^^^^^^^^^^^^^^^^^^^^^^^^^^^^^^^^^^^^^^^^^^^^
socket.gaierror: [Errno 11001] getaddrinfo failed

During handling of the above exception, another exception occurred:

Traceback (most recent call last):
  File "C:\Users\bharath kumar\Desktop\Web Scraper for Nakuri\naukri_scraper.py", line 503, in process_keyword
    driver = make_driver()
             ^^^^^^^^^^^^^
  File "C:\Users\bharath kumar\Desktop\Web Scraper for Nakuri\naukri_scraper.py", line 145, in make_driver
    driver = uc.Chrome(options=options)   # no use_subprocess, no headless
             ^^^^^^^^^^^^^^^^^^^^^^^^^^
  File "C:\Users\bharath kumar\AppData\Local\Programs\Python\Python311\Lib\site-packages\undetected_chromedriver\__init__.py", line 258, in __init__
    self.patcher.auto()
  File "C:\Users\bharath kumar\AppData\Local\Programs\Python\Python311\Lib\site-packages\undetected_chromedriver\patcher.py", line 175, in auto
    release = self.fetch_release_number()
              ^^^^^^^^^^^^^^^^^^^^^^^^^^^
  File "C:\Users\bharath kumar\AppData\Local\Programs\Python\Python311\Lib\site-packages\undetected_chromedriver\patcher.py", line 250, in fetch_release_number
    with urlopen(self.url_repo + path) as conn:
         ^^^^^^^^^^^^^^^^^^^^^^^^^^^^^
  File "C:\Users\bharath kumar\AppData\Local\Programs\Python\Python311\Lib\urllib\request.py", line 216, in urlopen
    return opener.open(url, data, timeout)
           ^^^^^^^^^^^^^^^^^^^^^^^^^^^^^^^
  File "C:\Users\bharath kumar\AppData\Local\Programs\Python\Python311\Lib\urllib\request.py", line 519, in open
    response = self._open(req, data)
               ^^^^^^^^^^^^^^^^^^^^^
  File "C:\Users\bharath kumar\AppData\Local\Programs\Python\Python311\Lib\urllib\request.py", line 536, in _open
    result = self._call_chain(self.handle_open, protocol, protocol +
             ^^^^^^^^^^^^^^^^^^^^^^^^^^^^^^^^^^^^^^^^^^^^^^^^^^^^^^^
  File "C:\Users\bharath kumar\AppData\Local\Programs\Python\Python311\Lib\urllib\request.py", line 496, in _call_chain
    result = func(*args)
             ^^^^^^^^^^^
  File "C:\Users\bharath kumar\AppData\Local\Programs\Python\Python311\Lib\urllib\request.py", line 1391, in https_open
    return self.do_open(http.client.HTTPSConnection, req,
           ^^^^^^^^^^^^^^^^^^^^^^^^^^^^^^^^^^^^^^^^^^^^^^
  File "C:\Users\bharath kumar\AppData\Local\Programs\Python\Python311\Lib\urllib\request.py", line 1351, in do_open
    raise URLError(err)
urllib.error.URLError: <urlopen error [Errno 11001] getaddrinfo failed>

2026-06-12 01:32:29,772 [ERROR] Keyword 'React Native Developer': Traceback (most recent call last):
  File "C:\Users\bharath kumar\AppData\Local\Programs\Python\Python311\Lib\urllib\request.py", line 1348, in do_open
    h.request(req.get_method(), req.selector, req.data, headers,
  File "C:\Users\bharath kumar\AppData\Local\Programs\Python\Python311\Lib\http\client.py", line 1286, in request
    self._send_request(method, url, body, headers, encode_chunked)
  File "C:\Users\bharath kumar\AppData\Local\Programs\Python\Python311\Lib\http\client.py", line 1332, in _send_request
    self.endheaders(body, encode_chunked=encode_chunked)
  File "C:\Users\bharath kumar\AppData\Local\Programs\Python\Python311\Lib\http\client.py", line 1281, in endheaders
    self._send_output(message_body, encode_chunked=encode_chunked)
  File "C:\Users\bharath kumar\AppData\Local\Programs\Python\Python311\Lib\http\client.py", line 1041, in _send_output
    self.send(msg)
  File "C:\Users\bharath kumar\AppData\Local\Programs\Python\Python311\Lib\http\client.py", line 979, in send
    self.connect()
  File "C:\Users\bharath kumar\AppData\Local\Programs\Python\Python311\Lib\http\client.py", line 1451, in connect
    super().connect()
  File "C:\Users\bharath kumar\AppData\Local\Programs\Python\Python311\Lib\http\client.py", line 945, in connect
    self.sock = self._create_connection(
                ^^^^^^^^^^^^^^^^^^^^^^^^
  File "C:\Users\bharath kumar\AppData\Local\Programs\Python\Python311\Lib\socket.py", line 827, in create_connection
    for res in getaddrinfo(host, port, 0, SOCK_STREAM):
               ^^^^^^^^^^^^^^^^^^^^^^^^^^^^^^^^^^^^^^^
  File "C:\Users\bharath kumar\AppData\Local\Programs\Python\Python311\Lib\socket.py", line 962, in getaddrinfo
    for res in _socket.getaddrinfo(host, port, family, type, proto, flags):
               ^^^^^^^^^^^^^^^^^^^^^^^^^^^^^^^^^^^^^^^^^^^^^^^^^^^^^^^^^^^
socket.gaierror: [Errno 11001] getaddrinfo failed

During handling of the above exception, another exception occurred:

Traceback (most recent call last):
  File "C:\Users\bharath kumar\Desktop\Web Scraper for Nakuri\naukri_scraper.py", line 503, in process_keyword
    driver = make_driver()
             ^^^^^^^^^^^^^
  File "C:\Users\bharath kumar\Desktop\Web Scraper for Nakuri\naukri_scraper.py", line 145, in make_driver
    driver = uc.Chrome(options=options)   # no use_subprocess, no headless
             ^^^^^^^^^^^^^^^^^^^^^^^^^^
  File "C:\Users\bharath kumar\AppData\Local\Programs\Python\Python311\Lib\site-packages\undetected_chromedriver\__init__.py", line 258, in __init__
    self.patcher.auto()
  File "C:\Users\bharath kumar\AppData\Local\Programs\Python\Python311\Lib\site-packages\undetected_chromedriver\patcher.py", line 175, in auto
    release = self.fetch_release_number()
              ^^^^^^^^^^^^^^^^^^^^^^^^^^^
  File "C:\Users\bharath kumar\AppData\Local\Programs\Python\Python311\Lib\site-packages\undetected_chromedriver\patcher.py", line 250, in fetch_release_number
    with urlopen(self.url_repo + path) as conn:
         ^^^^^^^^^^^^^^^^^^^^^^^^^^^^^
  File "C:\Users\bharath kumar\AppData\Local\Programs\Python\Python311\Lib\urllib\request.py", line 216, in urlopen
    return opener.open(url, data, timeout)
           ^^^^^^^^^^^^^^^^^^^^^^^^^^^^^^^
  File "C:\Users\bharath kumar\AppData\Local\Programs\Python\Python311\Lib\urllib\request.py", line 519, in open
    response = self._open(req, data)
               ^^^^^^^^^^^^^^^^^^^^^
  File "C:\Users\bharath kumar\AppData\Local\Programs\Python\Python311\Lib\urllib\request.py", line 536, in _open
    result = self._call_chain(self.handle_open, protocol, protocol +
             ^^^^^^^^^^^^^^^^^^^^^^^^^^^^^^^^^^^^^^^^^^^^^^^^^^^^^^^
  File "C:\Users\bharath kumar\AppData\Local\Programs\Python\Python311\Lib\urllib\request.py", line 496, in _call_chain
    result = func(*args)
             ^^^^^^^^^^^
  File "C:\Users\bharath kumar\AppData\Local\Programs\Python\Python311\Lib\urllib\request.py", line 1391, in https_open
    return self.do_open(http.client.HTTPSConnection, req,
           ^^^^^^^^^^^^^^^^^^^^^^^^^^^^^^^^^^^^^^^^^^^^^^
  File "C:\Users\bharath kumar\AppData\Local\Programs\Python\Python311\Lib\urllib\request.py", line 1351, in do_open
    raise URLError(err)
urllib.error.URLError: <urlopen error [Errno 11001] getaddrinfo failed>

2026-06-12 01:32:29,790 [ERROR] Keyword 'Recruiter': Traceback (most recent call last):
  File "C:\Users\bharath kumar\AppData\Local\Programs\Python\Python311\Lib\urllib\request.py", line 1348, in do_open
    h.request(req.get_method(), req.selector, req.data, headers,
  File "C:\Users\bharath kumar\AppData\Local\Programs\Python\Python311\Lib\http\client.py", line 1286, in request
    self._send_request(method, url, body, headers, encode_chunked)
  File "C:\Users\bharath kumar\AppData\Local\Programs\Python\Python311\Lib\http\client.py", line 1332, in _send_request
    self.endheaders(body, encode_chunked=encode_chunked)
  File "C:\Users\bharath kumar\AppData\Local\Programs\Python\Python311\Lib\http\client.py", line 1281, in endheaders
    self._send_output(message_body, encode_chunked=encode_chunked)
  File "C:\Users\bharath kumar\AppData\Local\Programs\Python\Python311\Lib\http\client.py", line 1041, in _send_output
    self.send(msg)
  File "C:\Users\bharath kumar\AppData\Local\Programs\Python\Python311\Lib\http\client.py", line 979, in send
    self.connect()
  File "C:\Users\bharath kumar\AppData\Local\Programs\Python\Python311\Lib\http\client.py", line 1451, in connect
    super().connect()
  File "C:\Users\bharath kumar\AppData\Local\Programs\Python\Python311\Lib\http\client.py", line 945, in connect
    self.sock = self._create_connection(
                ^^^^^^^^^^^^^^^^^^^^^^^^
  File "C:\Users\bharath kumar\AppData\Local\Programs\Python\Python311\Lib\socket.py", line 827, in create_connection
    for res in getaddrinfo(host, port, 0, SOCK_STREAM):
               ^^^^^^^^^^^^^^^^^^^^^^^^^^^^^^^^^^^^^^^
  File "C:\Users\bharath kumar\AppData\Local\Programs\Python\Python311\Lib\socket.py", line 962, in getaddrinfo
    for res in _socket.getaddrinfo(host, port, family, type, proto, flags):
               ^^^^^^^^^^^^^^^^^^^^^^^^^^^^^^^^^^^^^^^^^^^^^^^^^^^^^^^^^^^
socket.gaierror: [Errno 11001] getaddrinfo failed

During handling of the above exception, another exception occurred:

Traceback (most recent call last):
  File "C:\Users\bharath kumar\Desktop\Web Scraper for Nakuri\naukri_scraper.py", line 503, in process_keyword
    driver = make_driver()
             ^^^^^^^^^^^^^
  File "C:\Users\bharath kumar\Desktop\Web Scraper for Nakuri\naukri_scraper.py", line 145, in make_driver
    driver = uc.Chrome(options=options)   # no use_subprocess, no headless
             ^^^^^^^^^^^^^^^^^^^^^^^^^^
  File "C:\Users\bharath kumar\AppData\Local\Programs\Python\Python311\Lib\site-packages\undetected_chromedriver\__init__.py", line 258, in __init__
    self.patcher.auto()
  File "C:\Users\bharath kumar\AppData\Local\Programs\Python\Python311\Lib\site-packages\undetected_chromedriver\patcher.py", line 175, in auto
    release = self.fetch_release_number()
              ^^^^^^^^^^^^^^^^^^^^^^^^^^^
  File "C:\Users\bharath kumar\AppData\Local\Programs\Python\Python311\Lib\site-packages\undetected_chromedriver\patcher.py", line 250, in fetch_release_number
    with urlopen(self.url_repo + path) as conn:
         ^^^^^^^^^^^^^^^^^^^^^^^^^^^^^
  File "C:\Users\bharath kumar\AppData\Local\Programs\Python\Python311\Lib\urllib\request.py", line 216, in urlopen
    return opener.open(url, data, timeout)
           ^^^^^^^^^^^^^^^^^^^^^^^^^^^^^^^
  File "C:\Users\bharath kumar\AppData\Local\Programs\Python\Python311\Lib\urllib\request.py", line 519, in open
    response = self._open(req, data)
               ^^^^^^^^^^^^^^^^^^^^^
  File "C:\Users\bharath kumar\AppData\Local\Programs\Python\Python311\Lib\urllib\request.py", line 536, in _open
    result = self._call_chain(self.handle_open, protocol, protocol +
             ^^^^^^^^^^^^^^^^^^^^^^^^^^^^^^^^^^^^^^^^^^^^^^^^^^^^^^^
  File "C:\Users\bharath kumar\AppData\Local\Programs\Python\Python311\Lib\urllib\request.py", line 496, in _call_chain
    result = func(*args)
             ^^^^^^^^^^^
  File "C:\Users\bharath kumar\AppData\Local\Programs\Python\Python311\Lib\urllib\request.py", line 1391, in https_open
    return self.do_open(http.client.HTTPSConnection, req,
           ^^^^^^^^^^^^^^^^^^^^^^^^^^^^^^^^^^^^^^^^^^^^^^
  File "C:\Users\bharath kumar\AppData\Local\Programs\Python\Python311\Lib\urllib\request.py", line 1351, in do_open
    raise URLError(err)
urllib.error.URLError: <urlopen error [Errno 11001] getaddrinfo failed>

2026-06-12 01:32:29,801 [ERROR] Keyword 'Rust Developer': Traceback (most recent call last):
  File "C:\Users\bharath kumar\AppData\Local\Programs\Python\Python311\Lib\urllib\request.py", line 1348, in do_open
    h.request(req.get_method(), req.selector, req.data, headers,
  File "C:\Users\bharath kumar\AppData\Local\Programs\Python\Python311\Lib\http\client.py", line 1286, in request
    self._send_request(method, url, body, headers, encode_chunked)
  File "C:\Users\bharath kumar\AppData\Local\Programs\Python\Python311\Lib\http\client.py", line 1332, in _send_request
    self.endheaders(body, encode_chunked=encode_chunked)
  File "C:\Users\bharath kumar\AppData\Local\Programs\Python\Python311\Lib\http\client.py", line 1281, in endheaders
    self._send_output(message_body, encode_chunked=encode_chunked)
  File "C:\Users\bharath kumar\AppData\Local\Programs\Python\Python311\Lib\http\client.py", line 1041, in _send_output
    self.send(msg)
  File "C:\Users\bharath kumar\AppData\Local\Programs\Python\Python311\Lib\http\client.py", line 979, in send
    self.connect()
  File "C:\Users\bharath kumar\AppData\Local\Programs\Python\Python311\Lib\http\client.py", line 1451, in connect
    super().connect()
  File "C:\Users\bharath kumar\AppData\Local\Programs\Python\Python311\Lib\http\client.py", line 945, in connect
    self.sock = self._create_connection(
                ^^^^^^^^^^^^^^^^^^^^^^^^
  File "C:\Users\bharath kumar\AppData\Local\Programs\Python\Python311\Lib\socket.py", line 827, in create_connection
    for res in getaddrinfo(host, port, 0, SOCK_STREAM):
               ^^^^^^^^^^^^^^^^^^^^^^^^^^^^^^^^^^^^^^^
  File "C:\Users\bharath kumar\AppData\Local\Programs\Python\Python311\Lib\socket.py", line 962, in getaddrinfo
    for res in _socket.getaddrinfo(host, port, family, type, proto, flags):
               ^^^^^^^^^^^^^^^^^^^^^^^^^^^^^^^^^^^^^^^^^^^^^^^^^^^^^^^^^^^
socket.gaierror: [Errno 11001] getaddrinfo failed

During handling of the above exception, another exception occurred:

Traceback (most recent call last):
  File "C:\Users\bharath kumar\Desktop\Web Scraper for Nakuri\naukri_scraper.py", line 503, in process_keyword
    driver = make_driver()
             ^^^^^^^^^^^^^
  File "C:\Users\bharath kumar\Desktop\Web Scraper for Nakuri\naukri_scraper.py", line 145, in make_driver
    driver = uc.Chrome(options=options)   # no use_subprocess, no headless
             ^^^^^^^^^^^^^^^^^^^^^^^^^^
  File "C:\Users\bharath kumar\AppData\Local\Programs\Python\Python311\Lib\site-packages\undetected_chromedriver\__init__.py", line 258, in __init__
    self.patcher.auto()
  File "C:\Users\bharath kumar\AppData\Local\Programs\Python\Python311\Lib\site-packages\undetected_chromedriver\patcher.py", line 175, in auto
    release = self.fetch_release_number()
              ^^^^^^^^^^^^^^^^^^^^^^^^^^^
  File "C:\Users\bharath kumar\AppData\Local\Programs\Python\Python311\Lib\site-packages\undetected_chromedriver\patcher.py", line 250, in fetch_release_number
    with urlopen(self.url_repo + path) as conn:
         ^^^^^^^^^^^^^^^^^^^^^^^^^^^^^
  File "C:\Users\bharath kumar\AppData\Local\Programs\Python\Python311\Lib\urllib\request.py", line 216, in urlopen
    return opener.open(url, data, timeout)
           ^^^^^^^^^^^^^^^^^^^^^^^^^^^^^^^
  File "C:\Users\bharath kumar\AppData\Local\Programs\Python\Python311\Lib\urllib\request.py", line 519, in open
    response = self._open(req, data)
               ^^^^^^^^^^^^^^^^^^^^^
  File "C:\Users\bharath kumar\AppData\Local\Programs\Python\Python311\Lib\urllib\request.py", line 536, in _open
    result = self._call_chain(self.handle_open, protocol, protocol +
             ^^^^^^^^^^^^^^^^^^^^^^^^^^^^^^^^^^^^^^^^^^^^^^^^^^^^^^^
  File "C:\Users\bharath kumar\AppData\Local\Programs\Python\Python311\Lib\urllib\request.py", line 496, in _call_chain
    result = func(*args)
             ^^^^^^^^^^^
  File "C:\Users\bharath kumar\AppData\Local\Programs\Python\Python311\Lib\urllib\request.py", line 1391, in https_open
    return self.do_open(http.client.HTTPSConnection, req,
           ^^^^^^^^^^^^^^^^^^^^^^^^^^^^^^^^^^^^^^^^^^^^^^
  File "C:\Users\bharath kumar\AppData\Local\Programs\Python\Python311\Lib\urllib\request.py", line 1351, in do_open
    raise URLError(err)
urllib.error.URLError: <urlopen error [Errno 11001] getaddrinfo failed>

2026-06-12 01:32:29,815 [ERROR] Keyword 'SAP Consultant': Traceback (most recent call last):
  File "C:\Users\bharath kumar\AppData\Local\Programs\Python\Python311\Lib\urllib\request.py", line 1348, in do_open
    h.request(req.get_method(), req.selector, req.data, headers,
  File "C:\Users\bharath kumar\AppData\Local\Programs\Python\Python311\Lib\http\client.py", line 1286, in request
    self._send_request(method, url, body, headers, encode_chunked)
  File "C:\Users\bharath kumar\AppData\Local\Programs\Python\Python311\Lib\http\client.py", line 1332, in _send_request
    self.endheaders(body, encode_chunked=encode_chunked)
  File "C:\Users\bharath kumar\AppData\Local\Programs\Python\Python311\Lib\http\client.py", line 1281, in endheaders
    self._send_output(message_body, encode_chunked=encode_chunked)
  File "C:\Users\bharath kumar\AppData\Local\Programs\Python\Python311\Lib\http\client.py", line 1041, in _send_output
    self.send(msg)
  File "C:\Users\bharath kumar\AppData\Local\Programs\Python\Python311\Lib\http\client.py", line 979, in send
    self.connect()
  File "C:\Users\bharath kumar\AppData\Local\Programs\Python\Python311\Lib\http\client.py", line 1451, in connect
    super().connect()
  File "C:\Users\bharath kumar\AppData\Local\Programs\Python\Python311\Lib\http\client.py", line 945, in connect
    self.sock = self._create_connection(
                ^^^^^^^^^^^^^^^^^^^^^^^^
  File "C:\Users\bharath kumar\AppData\Local\Programs\Python\Python311\Lib\socket.py", line 827, in create_connection
    for res in getaddrinfo(host, port, 0, SOCK_STREAM):
               ^^^^^^^^^^^^^^^^^^^^^^^^^^^^^^^^^^^^^^^
  File "C:\Users\bharath kumar\AppData\Local\Programs\Python\Python311\Lib\socket.py", line 962, in getaddrinfo
    for res in _socket.getaddrinfo(host, port, family, type, proto, flags):
               ^^^^^^^^^^^^^^^^^^^^^^^^^^^^^^^^^^^^^^^^^^^^^^^^^^^^^^^^^^^
socket.gaierror: [Errno 11001] getaddrinfo failed

During handling of the above exception, another exception occurred:

Traceback (most recent call last):
  File "C:\Users\bharath kumar\Desktop\Web Scraper for Nakuri\naukri_scraper.py", line 503, in process_keyword
    driver = make_driver()
             ^^^^^^^^^^^^^
  File "C:\Users\bharath kumar\Desktop\Web Scraper for Nakuri\naukri_scraper.py", line 145, in make_driver
    driver = uc.Chrome(options=options)   # no use_subprocess, no headless
             ^^^^^^^^^^^^^^^^^^^^^^^^^^
  File "C:\Users\bharath kumar\AppData\Local\Programs\Python\Python311\Lib\site-packages\undetected_chromedriver\__init__.py", line 258, in __init__
    self.patcher.auto()
  File "C:\Users\bharath kumar\AppData\Local\Programs\Python\Python311\Lib\site-packages\undetected_chromedriver\patcher.py", line 175, in auto
    release = self.fetch_release_number()
              ^^^^^^^^^^^^^^^^^^^^^^^^^^^
  File "C:\Users\bharath kumar\AppData\Local\Programs\Python\Python311\Lib\site-packages\undetected_chromedriver\patcher.py", line 250, in fetch_release_number
    with urlopen(self.url_repo + path) as conn:
         ^^^^^^^^^^^^^^^^^^^^^^^^^^^^^
  File "C:\Users\bharath kumar\AppData\Local\Programs\Python\Python311\Lib\urllib\request.py", line 216, in urlopen
    return opener.open(url, data, timeout)
           ^^^^^^^^^^^^^^^^^^^^^^^^^^^^^^^
  File "C:\Users\bharath kumar\AppData\Local\Programs\Python\Python311\Lib\urllib\request.py", line 519, in open
    response = self._open(req, data)
               ^^^^^^^^^^^^^^^^^^^^^
  File "C:\Users\bharath kumar\AppData\Local\Programs\Python\Python311\Lib\urllib\request.py", line 536, in _open
    result = self._call_chain(self.handle_open, protocol, protocol +
             ^^^^^^^^^^^^^^^^^^^^^^^^^^^^^^^^^^^^^^^^^^^^^^^^^^^^^^^
  File "C:\Users\bharath kumar\AppData\Local\Programs\Python\Python311\Lib\urllib\request.py", line 496, in _call_chain
    result = func(*args)
             ^^^^^^^^^^^
  File "C:\Users\bharath kumar\AppData\Local\Programs\Python\Python311\Lib\urllib\request.py", line 1391, in https_open
    return self.do_open(http.client.HTTPSConnection, req,
           ^^^^^^^^^^^^^^^^^^^^^^^^^^^^^^^^^^^^^^^^^^^^^^
  File "C:\Users\bharath kumar\AppData\Local\Programs\Python\Python311\Lib\urllib\request.py", line 1351, in do_open
    raise URLError(err)
urllib.error.URLError: <urlopen error [Errno 11001] getaddrinfo failed>

2026-06-12 01:32:29,819 [ERROR] Keyword 'SEO Specialist': Traceback (most recent call last):
  File "C:\Users\bharath kumar\AppData\Local\Programs\Python\Python311\Lib\urllib\request.py", line 1348, in do_open
    h.request(req.get_method(), req.selector, req.data, headers,
  File "C:\Users\bharath kumar\AppData\Local\Programs\Python\Python311\Lib\http\client.py", line 1286, in request
    self._send_request(method, url, body, headers, encode_chunked)
  File "C:\Users\bharath kumar\AppData\Local\Programs\Python\Python311\Lib\http\client.py", line 1332, in _send_request
    self.endheaders(body, encode_chunked=encode_chunked)
  File "C:\Users\bharath kumar\AppData\Local\Programs\Python\Python311\Lib\http\client.py", line 1281, in endheaders
    self._send_output(message_body, encode_chunked=encode_chunked)
  File "C:\Users\bharath kumar\AppData\Local\Programs\Python\Python311\Lib\http\client.py", line 1041, in _send_output
    self.send(msg)
  File "C:\Users\bharath kumar\AppData\Local\Programs\Python\Python311\Lib\http\client.py", line 979, in send
    self.connect()
  File "C:\Users\bharath kumar\AppData\Local\Programs\Python\Python311\Lib\http\client.py", line 1451, in connect
    super().connect()
  File "C:\Users\bharath kumar\AppData\Local\Programs\Python\Python311\Lib\http\client.py", line 945, in connect
    self.sock = self._create_connection(
                ^^^^^^^^^^^^^^^^^^^^^^^^
  File "C:\Users\bharath kumar\AppData\Local\Programs\Python\Python311\Lib\socket.py", line 827, in create_connection
    for res in getaddrinfo(host, port, 0, SOCK_STREAM):
               ^^^^^^^^^^^^^^^^^^^^^^^^^^^^^^^^^^^^^^^
  File "C:\Users\bharath kumar\AppData\Local\Programs\Python\Python311\Lib\socket.py", line 962, in getaddrinfo
    for res in _socket.getaddrinfo(host, port, family, type, proto, flags):
               ^^^^^^^^^^^^^^^^^^^^^^^^^^^^^^^^^^^^^^^^^^^^^^^^^^^^^^^^^^^
socket.gaierror: [Errno 11001] getaddrinfo failed

During handling of the above exception, another exception occurred:

Traceback (most recent call last):
  File "C:\Users\bharath kumar\Desktop\Web Scraper for Nakuri\naukri_scraper.py", line 503, in process_keyword
    driver = make_driver()
             ^^^^^^^^^^^^^
  File "C:\Users\bharath kumar\Desktop\Web Scraper for Nakuri\naukri_scraper.py", line 145, in make_driver
    driver = uc.Chrome(options=options)   # no use_subprocess, no headless
             ^^^^^^^^^^^^^^^^^^^^^^^^^^
  File "C:\Users\bharath kumar\AppData\Local\Programs\Python\Python311\Lib\site-packages\undetected_chromedriver\__init__.py", line 258, in __init__
    self.patcher.auto()
  File "C:\Users\bharath kumar\AppData\Local\Programs\Python\Python311\Lib\site-packages\undetected_chromedriver\patcher.py", line 175, in auto
    release = self.fetch_release_number()
              ^^^^^^^^^^^^^^^^^^^^^^^^^^^
  File "C:\Users\bharath kumar\AppData\Local\Programs\Python\Python311\Lib\site-packages\undetected_chromedriver\patcher.py", line 250, in fetch_release_number
    with urlopen(self.url_repo + path) as conn:
         ^^^^^^^^^^^^^^^^^^^^^^^^^^^^^
  File "C:\Users\bharath kumar\AppData\Local\Programs\Python\Python311\Lib\urllib\request.py", line 216, in urlopen
    return opener.open(url, data, timeout)
           ^^^^^^^^^^^^^^^^^^^^^^^^^^^^^^^
  File "C:\Users\bharath kumar\AppData\Local\Programs\Python\Python311\Lib\urllib\request.py", line 519, in open
    response = self._open(req, data)
               ^^^^^^^^^^^^^^^^^^^^^
  File "C:\Users\bharath kumar\AppData\Local\Programs\Python\Python311\Lib\urllib\request.py", line 536, in _open
    result = self._call_chain(self.handle_open, protocol, protocol +
             ^^^^^^^^^^^^^^^^^^^^^^^^^^^^^^^^^^^^^^^^^^^^^^^^^^^^^^^
  File "C:\Users\bharath kumar\AppData\Local\Programs\Python\Python311\Lib\urllib\request.py", line 496, in _call_chain
    result = func(*args)
             ^^^^^^^^^^^
  File "C:\Users\bharath kumar\AppData\Local\Programs\Python\Python311\Lib\urllib\request.py", line 1391, in https_open
    return self.do_open(http.client.HTTPSConnection, req,
           ^^^^^^^^^^^^^^^^^^^^^^^^^^^^^^^^^^^^^^^^^^^^^^
  File "C:\Users\bharath kumar\AppData\Local\Programs\Python\Python311\Lib\urllib\request.py", line 1351, in do_open
    raise URLError(err)
urllib.error.URLError: <urlopen error [Errno 11001] getaddrinfo failed>

2026-06-12 01:32:29,843 [ERROR] Keyword 'SRE': Traceback (most recent call last):
  File "C:\Users\bharath kumar\AppData\Local\Programs\Python\Python311\Lib\urllib\request.py", line 1348, in do_open
    h.request(req.get_method(), req.selector, req.data, headers,
  File "C:\Users\bharath kumar\AppData\Local\Programs\Python\Python311\Lib\http\client.py", line 1286, in request
    self._send_request(method, url, body, headers, encode_chunked)
  File "C:\Users\bharath kumar\AppData\Local\Programs\Python\Python311\Lib\http\client.py", line 1332, in _send_request
    self.endheaders(body, encode_chunked=encode_chunked)
  File "C:\Users\bharath kumar\AppData\Local\Programs\Python\Python311\Lib\http\client.py", line 1281, in endheaders
    self._send_output(message_body, encode_chunked=encode_chunked)
  File "C:\Users\bharath kumar\AppData\Local\Programs\Python\Python311\Lib\http\client.py", line 1041, in _send_output
    self.send(msg)
  File "C:\Users\bharath kumar\AppData\Local\Programs\Python\Python311\Lib\http\client.py", line 979, in send
    self.connect()
  File "C:\Users\bharath kumar\AppData\Local\Programs\Python\Python311\Lib\http\client.py", line 1451, in connect
    super().connect()
  File "C:\Users\bharath kumar\AppData\Local\Programs\Python\Python311\Lib\http\client.py", line 945, in connect
    self.sock = self._create_connection(
                ^^^^^^^^^^^^^^^^^^^^^^^^
  File "C:\Users\bharath kumar\AppData\Local\Programs\Python\Python311\Lib\socket.py", line 827, in create_connection
    for res in getaddrinfo(host, port, 0, SOCK_STREAM):
               ^^^^^^^^^^^^^^^^^^^^^^^^^^^^^^^^^^^^^^^
  File "C:\Users\bharath kumar\AppData\Local\Programs\Python\Python311\Lib\socket.py", line 962, in getaddrinfo
    for res in _socket.getaddrinfo(host, port, family, type, proto, flags):
               ^^^^^^^^^^^^^^^^^^^^^^^^^^^^^^^^^^^^^^^^^^^^^^^^^^^^^^^^^^^
socket.gaierror: [Errno 11001] getaddrinfo failed

During handling of the above exception, another exception occurred:

Traceback (most recent call last):
  File "C:\Users\bharath kumar\Desktop\Web Scraper for Nakuri\naukri_scraper.py", line 503, in process_keyword
    driver = make_driver()
             ^^^^^^^^^^^^^
  File "C:\Users\bharath kumar\Desktop\Web Scraper for Nakuri\naukri_scraper.py", line 145, in make_driver
    driver = uc.Chrome(options=options)   # no use_subprocess, no headless
             ^^^^^^^^^^^^^^^^^^^^^^^^^^
  File "C:\Users\bharath kumar\AppData\Local\Programs\Python\Python311\Lib\site-packages\undetected_chromedriver\__init__.py", line 258, in __init__
    self.patcher.auto()
  File "C:\Users\bharath kumar\AppData\Local\Programs\Python\Python311\Lib\site-packages\undetected_chromedriver\patcher.py", line 175, in auto
    release = self.fetch_release_number()
              ^^^^^^^^^^^^^^^^^^^^^^^^^^^
  File "C:\Users\bharath kumar\AppData\Local\Programs\Python\Python311\Lib\site-packages\undetected_chromedriver\patcher.py", line 250, in fetch_release_number
    with urlopen(self.url_repo + path) as conn:
         ^^^^^^^^^^^^^^^^^^^^^^^^^^^^^
  File "C:\Users\bharath kumar\AppData\Local\Programs\Python\Python311\Lib\urllib\request.py", line 216, in urlopen
    return opener.open(url, data, timeout)
           ^^^^^^^^^^^^^^^^^^^^^^^^^^^^^^^
  File "C:\Users\bharath kumar\AppData\Local\Programs\Python\Python311\Lib\urllib\request.py", line 519, in open
    response = self._open(req, data)
               ^^^^^^^^^^^^^^^^^^^^^
  File "C:\Users\bharath kumar\AppData\Local\Programs\Python\Python311\Lib\urllib\request.py", line 536, in _open
    result = self._call_chain(self.handle_open, protocol, protocol +
             ^^^^^^^^^^^^^^^^^^^^^^^^^^^^^^^^^^^^^^^^^^^^^^^^^^^^^^^
  File "C:\Users\bharath kumar\AppData\Local\Programs\Python\Python311\Lib\urllib\request.py", line 496, in _call_chain
    result = func(*args)
             ^^^^^^^^^^^
  File "C:\Users\bharath kumar\AppData\Local\Programs\Python\Python311\Lib\urllib\request.py", line 1391, in https_open
    return self.do_open(http.client.HTTPSConnection, req,
           ^^^^^^^^^^^^^^^^^^^^^^^^^^^^^^^^^^^^^^^^^^^^^^
  File "C:\Users\bharath kumar\AppData\Local\Programs\Python\Python311\Lib\urllib\request.py", line 1351, in do_open
    raise URLError(err)
urllib.error.URLError: <urlopen error [Errno 11001] getaddrinfo failed>

2026-06-12 01:32:29,856 [ERROR] Keyword 'Sales Executive': Traceback (most recent call last):
  File "C:\Users\bharath kumar\AppData\Local\Programs\Python\Python311\Lib\urllib\request.py", line 1348, in do_open
    h.request(req.get_method(), req.selector, req.data, headers,
  File "C:\Users\bharath kumar\AppData\Local\Programs\Python\Python311\Lib\http\client.py", line 1286, in request
    self._send_request(method, url, body, headers, encode_chunked)
  File "C:\Users\bharath kumar\AppData\Local\Programs\Python\Python311\Lib\http\client.py", line 1332, in _send_request
    self.endheaders(body, encode_chunked=encode_chunked)
  File "C:\Users\bharath kumar\AppData\Local\Programs\Python\Python311\Lib\http\client.py", line 1281, in endheaders
    self._send_output(message_body, encode_chunked=encode_chunked)
  File "C:\Users\bharath kumar\AppData\Local\Programs\Python\Python311\Lib\http\client.py", line 1041, in _send_output
    self.send(msg)
  File "C:\Users\bharath kumar\AppData\Local\Programs\Python\Python311\Lib\http\client.py", line 979, in send
    self.connect()
  File "C:\Users\bharath kumar\AppData\Local\Programs\Python\Python311\Lib\http\client.py", line 1451, in connect
    super().connect()
  File "C:\Users\bharath kumar\AppData\Local\Programs\Python\Python311\Lib\http\client.py", line 945, in connect
    self.sock = self._create_connection(
                ^^^^^^^^^^^^^^^^^^^^^^^^
  File "C:\Users\bharath kumar\AppData\Local\Programs\Python\Python311\Lib\socket.py", line 827, in create_connection
    for res in getaddrinfo(host, port, 0, SOCK_STREAM):
               ^^^^^^^^^^^^^^^^^^^^^^^^^^^^^^^^^^^^^^^
  File "C:\Users\bharath kumar\AppData\Local\Programs\Python\Python311\Lib\socket.py", line 962, in getaddrinfo
    for res in _socket.getaddrinfo(host, port, family, type, proto, flags):
               ^^^^^^^^^^^^^^^^^^^^^^^^^^^^^^^^^^^^^^^^^^^^^^^^^^^^^^^^^^^
socket.gaierror: [Errno 11001] getaddrinfo failed

During handling of the above exception, another exception occurred:

Traceback (most recent call last):
  File "C:\Users\bharath kumar\Desktop\Web Scraper for Nakuri\naukri_scraper.py", line 503, in process_keyword
    driver = make_driver()
             ^^^^^^^^^^^^^
  File "C:\Users\bharath kumar\Desktop\Web Scraper for Nakuri\naukri_scraper.py", line 145, in make_driver
    driver = uc.Chrome(options=options)   # no use_subprocess, no headless
             ^^^^^^^^^^^^^^^^^^^^^^^^^^
  File "C:\Users\bharath kumar\AppData\Local\Programs\Python\Python311\Lib\site-packages\undetected_chromedriver\__init__.py", line 258, in __init__
    self.patcher.auto()
  File "C:\Users\bharath kumar\AppData\Local\Programs\Python\Python311\Lib\site-packages\undetected_chromedriver\patcher.py", line 175, in auto
    release = self.fetch_release_number()
              ^^^^^^^^^^^^^^^^^^^^^^^^^^^
  File "C:\Users\bharath kumar\AppData\Local\Programs\Python\Python311\Lib\site-packages\undetected_chromedriver\patcher.py", line 250, in fetch_release_number
    with urlopen(self.url_repo + path) as conn:
         ^^^^^^^^^^^^^^^^^^^^^^^^^^^^^
  File "C:\Users\bharath kumar\AppData\Local\Programs\Python\Python311\Lib\urllib\request.py", line 216, in urlopen
    return opener.open(url, data, timeout)
           ^^^^^^^^^^^^^^^^^^^^^^^^^^^^^^^
  File "C:\Users\bharath kumar\AppData\Local\Programs\Python\Python311\Lib\urllib\request.py", line 519, in open
    response = self._open(req, data)
               ^^^^^^^^^^^^^^^^^^^^^
  File "C:\Users\bharath kumar\AppData\Local\Programs\Python\Python311\Lib\urllib\request.py", line 536, in _open
    result = self._call_chain(self.handle_open, protocol, protocol +
             ^^^^^^^^^^^^^^^^^^^^^^^^^^^^^^^^^^^^^^^^^^^^^^^^^^^^^^^
  File "C:\Users\bharath kumar\AppData\Local\Programs\Python\Python311\Lib\urllib\request.py", line 496, in _call_chain
    result = func(*args)
             ^^^^^^^^^^^
  File "C:\Users\bharath kumar\AppData\Local\Programs\Python\Python311\Lib\urllib\request.py", line 1391, in https_open
    return self.do_open(http.client.HTTPSConnection, req,
           ^^^^^^^^^^^^^^^^^^^^^^^^^^^^^^^^^^^^^^^^^^^^^^
  File "C:\Users\bharath kumar\AppData\Local\Programs\Python\Python311\Lib\urllib\request.py", line 1351, in do_open
    raise URLError(err)
urllib.error.URLError: <urlopen error [Errno 11001] getaddrinfo failed>

2026-06-12 01:32:29,868 [ERROR] Keyword 'Sales Manager': Traceback (most recent call last):
  File "C:\Users\bharath kumar\AppData\Local\Programs\Python\Python311\Lib\urllib\request.py", line 1348, in do_open
    h.request(req.get_method(), req.selector, req.data, headers,
  File "C:\Users\bharath kumar\AppData\Local\Programs\Python\Python311\Lib\http\client.py", line 1286, in request
    self._send_request(method, url, body, headers, encode_chunked)
  File "C:\Users\bharath kumar\AppData\Local\Programs\Python\Python311\Lib\http\client.py", line 1332, in _send_request
    self.endheaders(body, encode_chunked=encode_chunked)
  File "C:\Users\bharath kumar\AppData\Local\Programs\Python\Python311\Lib\http\client.py", line 1281, in endheaders
    self._send_output(message_body, encode_chunked=encode_chunked)
  File "C:\Users\bharath kumar\AppData\Local\Programs\Python\Python311\Lib\http\client.py", line 1041, in _send_output
    self.send(msg)
  File "C:\Users\bharath kumar\AppData\Local\Programs\Python\Python311\Lib\http\client.py", line 979, in send
    self.connect()
  File "C:\Users\bharath kumar\AppData\Local\Programs\Python\Python311\Lib\http\client.py", line 1451, in connect
    super().connect()
  File "C:\Users\bharath kumar\AppData\Local\Programs\Python\Python311\Lib\http\client.py", line 945, in connect
    self.sock = self._create_connection(
                ^^^^^^^^^^^^^^^^^^^^^^^^
  File "C:\Users\bharath kumar\AppData\Local\Programs\Python\Python311\Lib\socket.py", line 827, in create_connection
    for res in getaddrinfo(host, port, 0, SOCK_STREAM):
               ^^^^^^^^^^^^^^^^^^^^^^^^^^^^^^^^^^^^^^^
  File "C:\Users\bharath kumar\AppData\Local\Programs\Python\Python311\Lib\socket.py", line 962, in getaddrinfo
    for res in _socket.getaddrinfo(host, port, family, type, proto, flags):
               ^^^^^^^^^^^^^^^^^^^^^^^^^^^^^^^^^^^^^^^^^^^^^^^^^^^^^^^^^^^
socket.gaierror: [Errno 11001] getaddrinfo failed

During handling of the above exception, another exception occurred:

Traceback (most recent call last):
  File "C:\Users\bharath kumar\Desktop\Web Scraper for Nakuri\naukri_scraper.py", line 503, in process_keyword
    driver = make_driver()
             ^^^^^^^^^^^^^
  File "C:\Users\bharath kumar\Desktop\Web Scraper for Nakuri\naukri_scraper.py", line 145, in make_driver
    driver = uc.Chrome(options=options)   # no use_subprocess, no headless
             ^^^^^^^^^^^^^^^^^^^^^^^^^^
  File "C:\Users\bharath kumar\AppData\Local\Programs\Python\Python311\Lib\site-packages\undetected_chromedriver\__init__.py", line 258, in __init__
    self.patcher.auto()
  File "C:\Users\bharath kumar\AppData\Local\Programs\Python\Python311\Lib\site-packages\undetected_chromedriver\patcher.py", line 175, in auto
    release = self.fetch_release_number()
              ^^^^^^^^^^^^^^^^^^^^^^^^^^^
  File "C:\Users\bharath kumar\AppData\Local\Programs\Python\Python311\Lib\site-packages\undetected_chromedriver\patcher.py", line 250, in fetch_release_number
    with urlopen(self.url_repo + path) as conn:
         ^^^^^^^^^^^^^^^^^^^^^^^^^^^^^
  File "C:\Users\bharath kumar\AppData\Local\Programs\Python\Python311\Lib\urllib\request.py", line 216, in urlopen
    return opener.open(url, data, timeout)
           ^^^^^^^^^^^^^^^^^^^^^^^^^^^^^^^
  File "C:\Users\bharath kumar\AppData\Local\Programs\Python\Python311\Lib\urllib\request.py", line 519, in open
    response = self._open(req, data)
               ^^^^^^^^^^^^^^^^^^^^^
  File "C:\Users\bharath kumar\AppData\Local\Programs\Python\Python311\Lib\urllib\request.py", line 536, in _open
    result = self._call_chain(self.handle_open, protocol, protocol +
             ^^^^^^^^^^^^^^^^^^^^^^^^^^^^^^^^^^^^^^^^^^^^^^^^^^^^^^^
  File "C:\Users\bharath kumar\AppData\Local\Programs\Python\Python311\Lib\urllib\request.py", line 496, in _call_chain
    result = func(*args)
             ^^^^^^^^^^^
  File "C:\Users\bharath kumar\AppData\Local\Programs\Python\Python311\Lib\urllib\request.py", line 1391, in https_open
    return self.do_open(http.client.HTTPSConnection, req,
           ^^^^^^^^^^^^^^^^^^^^^^^^^^^^^^^^^^^^^^^^^^^^^^
  File "C:\Users\bharath kumar\AppData\Local\Programs\Python\Python311\Lib\urllib\request.py", line 1351, in do_open
    raise URLError(err)
urllib.error.URLError: <urlopen error [Errno 11001] getaddrinfo failed>

2026-06-12 01:32:29,881 [ERROR] Keyword 'Salesforce Developer': Traceback (most recent call last):
  File "C:\Users\bharath kumar\AppData\Local\Programs\Python\Python311\Lib\urllib\request.py", line 1348, in do_open
    h.request(req.get_method(), req.selector, req.data, headers,
  File "C:\Users\bharath kumar\AppData\Local\Programs\Python\Python311\Lib\http\client.py", line 1286, in request
    self._send_request(method, url, body, headers, encode_chunked)
  File "C:\Users\bharath kumar\AppData\Local\Programs\Python\Python311\Lib\http\client.py", line 1332, in _send_request
    self.endheaders(body, encode_chunked=encode_chunked)
  File "C:\Users\bharath kumar\AppData\Local\Programs\Python\Python311\Lib\http\client.py", line 1281, in endheaders
    self._send_output(message_body, encode_chunked=encode_chunked)
  File "C:\Users\bharath kumar\AppData\Local\Programs\Python\Python311\Lib\http\client.py", line 1041, in _send_output
    self.send(msg)
  File "C:\Users\bharath kumar\AppData\Local\Programs\Python\Python311\Lib\http\client.py", line 979, in send
    self.connect()
  File "C:\Users\bharath kumar\AppData\Local\Programs\Python\Python311\Lib\http\client.py", line 1451, in connect
    super().connect()
  File "C:\Users\bharath kumar\AppData\Local\Programs\Python\Python311\Lib\http\client.py", line 945, in connect
    self.sock = self._create_connection(
                ^^^^^^^^^^^^^^^^^^^^^^^^
  File "C:\Users\bharath kumar\AppData\Local\Programs\Python\Python311\Lib\socket.py", line 827, in create_connection
    for res in getaddrinfo(host, port, 0, SOCK_STREAM):
               ^^^^^^^^^^^^^^^^^^^^^^^^^^^^^^^^^^^^^^^
  File "C:\Users\bharath kumar\AppData\Local\Programs\Python\Python311\Lib\socket.py", line 962, in getaddrinfo
    for res in _socket.getaddrinfo(host, port, family, type, proto, flags):
               ^^^^^^^^^^^^^^^^^^^^^^^^^^^^^^^^^^^^^^^^^^^^^^^^^^^^^^^^^^^
socket.gaierror: [Errno 11001] getaddrinfo failed

During handling of the above exception, another exception occurred:

Traceback (most recent call last):
  File "C:\Users\bharath kumar\Desktop\Web Scraper for Nakuri\naukri_scraper.py", line 503, in process_keyword
    driver = make_driver()
             ^^^^^^^^^^^^^
  File "C:\Users\bharath kumar\Desktop\Web Scraper for Nakuri\naukri_scraper.py", line 145, in make_driver
    driver = uc.Chrome(options=options)   # no use_subprocess, no headless
             ^^^^^^^^^^^^^^^^^^^^^^^^^^
  File "C:\Users\bharath kumar\AppData\Local\Programs\Python\Python311\Lib\site-packages\undetected_chromedriver\__init__.py", line 258, in __init__
    self.patcher.auto()
  File "C:\Users\bharath kumar\AppData\Local\Programs\Python\Python311\Lib\site-packages\undetected_chromedriver\patcher.py", line 175, in auto
    release = self.fetch_release_number()
              ^^^^^^^^^^^^^^^^^^^^^^^^^^^
  File "C:\Users\bharath kumar\AppData\Local\Programs\Python\Python311\Lib\site-packages\undetected_chromedriver\patcher.py", line 250, in fetch_release_number
    with urlopen(self.url_repo + path) as conn:
         ^^^^^^^^^^^^^^^^^^^^^^^^^^^^^
  File "C:\Users\bharath kumar\AppData\Local\Programs\Python\Python311\Lib\urllib\request.py", line 216, in urlopen
    return opener.open(url, data, timeout)
           ^^^^^^^^^^^^^^^^^^^^^^^^^^^^^^^
  File "C:\Users\bharath kumar\AppData\Local\Programs\Python\Python311\Lib\urllib\request.py", line 519, in open
    response = self._open(req, data)
               ^^^^^^^^^^^^^^^^^^^^^
  File "C:\Users\bharath kumar\AppData\Local\Programs\Python\Python311\Lib\urllib\request.py", line 536, in _open
    result = self._call_chain(self.handle_open, protocol, protocol +
             ^^^^^^^^^^^^^^^^^^^^^^^^^^^^^^^^^^^^^^^^^^^^^^^^^^^^^^^
  File "C:\Users\bharath kumar\AppData\Local\Programs\Python\Python311\Lib\urllib\request.py", line 496, in _call_chain
    result = func(*args)
             ^^^^^^^^^^^
  File "C:\Users\bharath kumar\AppData\Local\Programs\Python\Python311\Lib\urllib\request.py", line 1391, in https_open
    return self.do_open(http.client.HTTPSConnection, req,
           ^^^^^^^^^^^^^^^^^^^^^^^^^^^^^^^^^^^^^^^^^^^^^^
  File "C:\Users\bharath kumar\AppData\Local\Programs\Python\Python311\Lib\urllib\request.py", line 1351, in do_open
    raise URLError(err)
urllib.error.URLError: <urlopen error [Errno 11001] getaddrinfo failed>

2026-06-12 01:32:29,897 [ERROR] Keyword 'Scrum Master': Traceback (most recent call last):
  File "C:\Users\bharath kumar\AppData\Local\Programs\Python\Python311\Lib\urllib\request.py", line 1348, in do_open
    h.request(req.get_method(), req.selector, req.data, headers,
  File "C:\Users\bharath kumar\AppData\Local\Programs\Python\Python311\Lib\http\client.py", line 1286, in request
    self._send_request(method, url, body, headers, encode_chunked)
  File "C:\Users\bharath kumar\AppData\Local\Programs\Python\Python311\Lib\http\client.py", line 1332, in _send_request
    self.endheaders(body, encode_chunked=encode_chunked)
  File "C:\Users\bharath kumar\AppData\Local\Programs\Python\Python311\Lib\http\client.py", line 1281, in endheaders
    self._send_output(message_body, encode_chunked=encode_chunked)
  File "C:\Users\bharath kumar\AppData\Local\Programs\Python\Python311\Lib\http\client.py", line 1041, in _send_output
    self.send(msg)
  File "C:\Users\bharath kumar\AppData\Local\Programs\Python\Python311\Lib\http\client.py", line 979, in send
    self.connect()
  File "C:\Users\bharath kumar\AppData\Local\Programs\Python\Python311\Lib\http\client.py", line 1451, in connect
    super().connect()
  File "C:\Users\bharath kumar\AppData\Local\Programs\Python\Python311\Lib\http\client.py", line 945, in connect
    self.sock = self._create_connection(
                ^^^^^^^^^^^^^^^^^^^^^^^^
  File "C:\Users\bharath kumar\AppData\Local\Programs\Python\Python311\Lib\socket.py", line 827, in create_connection
    for res in getaddrinfo(host, port, 0, SOCK_STREAM):
               ^^^^^^^^^^^^^^^^^^^^^^^^^^^^^^^^^^^^^^^
  File "C:\Users\bharath kumar\AppData\Local\Programs\Python\Python311\Lib\socket.py", line 962, in getaddrinfo
    for res in _socket.getaddrinfo(host, port, family, type, proto, flags):
               ^^^^^^^^^^^^^^^^^^^^^^^^^^^^^^^^^^^^^^^^^^^^^^^^^^^^^^^^^^^
socket.gaierror: [Errno 11001] getaddrinfo failed

During handling of the above exception, another exception occurred:

Traceback (most recent call last):
  File "C:\Users\bharath kumar\Desktop\Web Scraper for Nakuri\naukri_scraper.py", line 503, in process_keyword
    driver = make_driver()
             ^^^^^^^^^^^^^
  File "C:\Users\bharath kumar\Desktop\Web Scraper for Nakuri\naukri_scraper.py", line 145, in make_driver
    driver = uc.Chrome(options=options)   # no use_subprocess, no headless
             ^^^^^^^^^^^^^^^^^^^^^^^^^^
  File "C:\Users\bharath kumar\AppData\Local\Programs\Python\Python311\Lib\site-packages\undetected_chromedriver\__init__.py", line 258, in __init__
    self.patcher.auto()
  File "C:\Users\bharath kumar\AppData\Local\Programs\Python\Python311\Lib\site-packages\undetected_chromedriver\patcher.py", line 175, in auto
    release = self.fetch_release_number()
              ^^^^^^^^^^^^^^^^^^^^^^^^^^^
  File "C:\Users\bharath kumar\AppData\Local\Programs\Python\Python311\Lib\site-packages\undetected_chromedriver\patcher.py", line 250, in fetch_release_number
    with urlopen(self.url_repo + path) as conn:
         ^^^^^^^^^^^^^^^^^^^^^^^^^^^^^
  File "C:\Users\bharath kumar\AppData\Local\Programs\Python\Python311\Lib\urllib\request.py", line 216, in urlopen
    return opener.open(url, data, timeout)
           ^^^^^^^^^^^^^^^^^^^^^^^^^^^^^^^
  File "C:\Users\bharath kumar\AppData\Local\Programs\Python\Python311\Lib\urllib\request.py", line 519, in open
    response = self._open(req, data)
               ^^^^^^^^^^^^^^^^^^^^^
  File "C:\Users\bharath kumar\AppData\Local\Programs\Python\Python311\Lib\urllib\request.py", line 536, in _open
    result = self._call_chain(self.handle_open, protocol, protocol +
             ^^^^^^^^^^^^^^^^^^^^^^^^^^^^^^^^^^^^^^^^^^^^^^^^^^^^^^^
  File "C:\Users\bharath kumar\AppData\Local\Programs\Python\Python311\Lib\urllib\request.py", line 496, in _call_chain
    result = func(*args)
             ^^^^^^^^^^^
  File "C:\Users\bharath kumar\AppData\Local\Programs\Python\Python311\Lib\urllib\request.py", line 1391, in https_open
    return self.do_open(http.client.HTTPSConnection, req,
           ^^^^^^^^^^^^^^^^^^^^^^^^^^^^^^^^^^^^^^^^^^^^^^
  File "C:\Users\bharath kumar\AppData\Local\Programs\Python\Python311\Lib\urllib\request.py", line 1351, in do_open
    raise URLError(err)
urllib.error.URLError: <urlopen error [Errno 11001] getaddrinfo failed>

2026-06-12 01:32:29,908 [ERROR] Keyword 'Service Tax': Traceback (most recent call last):
  File "C:\Users\bharath kumar\AppData\Local\Programs\Python\Python311\Lib\urllib\request.py", line 1348, in do_open
    h.request(req.get_method(), req.selector, req.data, headers,
  File "C:\Users\bharath kumar\AppData\Local\Programs\Python\Python311\Lib\http\client.py", line 1286, in request
    self._send_request(method, url, body, headers, encode_chunked)
  File "C:\Users\bharath kumar\AppData\Local\Programs\Python\Python311\Lib\http\client.py", line 1332, in _send_request
    self.endheaders(body, encode_chunked=encode_chunked)
  File "C:\Users\bharath kumar\AppData\Local\Programs\Python\Python311\Lib\http\client.py", line 1281, in endheaders
    self._send_output(message_body, encode_chunked=encode_chunked)
  File "C:\Users\bharath kumar\AppData\Local\Programs\Python\Python311\Lib\http\client.py", line 1041, in _send_output
    self.send(msg)
  File "C:\Users\bharath kumar\AppData\Local\Programs\Python\Python311\Lib\http\client.py", line 979, in send
    self.connect()
  File "C:\Users\bharath kumar\AppData\Local\Programs\Python\Python311\Lib\http\client.py", line 1451, in connect
    super().connect()
  File "C:\Users\bharath kumar\AppData\Local\Programs\Python\Python311\Lib\http\client.py", line 945, in connect
    self.sock = self._create_connection(
                ^^^^^^^^^^^^^^^^^^^^^^^^
  File "C:\Users\bharath kumar\AppData\Local\Programs\Python\Python311\Lib\socket.py", line 827, in create_connection
    for res in getaddrinfo(host, port, 0, SOCK_STREAM):
               ^^^^^^^^^^^^^^^^^^^^^^^^^^^^^^^^^^^^^^^
  File "C:\Users\bharath kumar\AppData\Local\Programs\Python\Python311\Lib\socket.py", line 962, in getaddrinfo
    for res in _socket.getaddrinfo(host, port, family, type, proto, flags):
               ^^^^^^^^^^^^^^^^^^^^^^^^^^^^^^^^^^^^^^^^^^^^^^^^^^^^^^^^^^^
socket.gaierror: [Errno 11001] getaddrinfo failed

During handling of the above exception, another exception occurred:

Traceback (most recent call last):
  File "C:\Users\bharath kumar\Desktop\Web Scraper for Nakuri\naukri_scraper.py", line 503, in process_keyword
    driver = make_driver()
             ^^^^^^^^^^^^^
  File "C:\Users\bharath kumar\Desktop\Web Scraper for Nakuri\naukri_scraper.py", line 145, in make_driver
    driver = uc.Chrome(options=options)   # no use_subprocess, no headless
             ^^^^^^^^^^^^^^^^^^^^^^^^^^
  File "C:\Users\bharath kumar\AppData\Local\Programs\Python\Python311\Lib\site-packages\undetected_chromedriver\__init__.py", line 258, in __init__
    self.patcher.auto()
  File "C:\Users\bharath kumar\AppData\Local\Programs\Python\Python311\Lib\site-packages\undetected_chromedriver\patcher.py", line 175, in auto
    release = self.fetch_release_number()
              ^^^^^^^^^^^^^^^^^^^^^^^^^^^
  File "C:\Users\bharath kumar\AppData\Local\Programs\Python\Python311\Lib\site-packages\undetected_chromedriver\patcher.py", line 250, in fetch_release_number
    with urlopen(self.url_repo + path) as conn:
         ^^^^^^^^^^^^^^^^^^^^^^^^^^^^^
  File "C:\Users\bharath kumar\AppData\Local\Programs\Python\Python311\Lib\urllib\request.py", line 216, in urlopen
    return opener.open(url, data, timeout)
           ^^^^^^^^^^^^^^^^^^^^^^^^^^^^^^^
  File "C:\Users\bharath kumar\AppData\Local\Programs\Python\Python311\Lib\urllib\request.py", line 519, in open
    response = self._open(req, data)
               ^^^^^^^^^^^^^^^^^^^^^
  File "C:\Users\bharath kumar\AppData\Local\Programs\Python\Python311\Lib\urllib\request.py", line 536, in _open
    result = self._call_chain(self.handle_open, protocol, protocol +
             ^^^^^^^^^^^^^^^^^^^^^^^^^^^^^^^^^^^^^^^^^^^^^^^^^^^^^^^
  File "C:\Users\bharath kumar\AppData\Local\Programs\Python\Python311\Lib\urllib\request.py", line 496, in _call_chain
    result = func(*args)
             ^^^^^^^^^^^
  File "C:\Users\bharath kumar\AppData\Local\Programs\Python\Python311\Lib\urllib\request.py", line 1391, in https_open
    return self.do_open(http.client.HTTPSConnection, req,
           ^^^^^^^^^^^^^^^^^^^^^^^^^^^^^^^^^^^^^^^^^^^^^^
  File "C:\Users\bharath kumar\AppData\Local\Programs\Python\Python311\Lib\urllib\request.py", line 1351, in do_open
    raise URLError(err)
urllib.error.URLError: <urlopen error [Errno 11001] getaddrinfo failed>

2026-06-12 01:32:29,923 [ERROR] Keyword 'ServiceNow Developer': Traceback (most recent call last):
  File "C:\Users\bharath kumar\AppData\Local\Programs\Python\Python311\Lib\urllib\request.py", line 1348, in do_open
    h.request(req.get_method(), req.selector, req.data, headers,
  File "C:\Users\bharath kumar\AppData\Local\Programs\Python\Python311\Lib\http\client.py", line 1286, in request
    self._send_request(method, url, body, headers, encode_chunked)
  File "C:\Users\bharath kumar\AppData\Local\Programs\Python\Python311\Lib\http\client.py", line 1332, in _send_request
    self.endheaders(body, encode_chunked=encode_chunked)
  File "C:\Users\bharath kumar\AppData\Local\Programs\Python\Python311\Lib\http\client.py", line 1281, in endheaders
    self._send_output(message_body, encode_chunked=encode_chunked)
  File "C:\Users\bharath kumar\AppData\Local\Programs\Python\Python311\Lib\http\client.py", line 1041, in _send_output
    self.send(msg)
  File "C:\Users\bharath kumar\AppData\Local\Programs\Python\Python311\Lib\http\client.py", line 979, in send
    self.connect()
  File "C:\Users\bharath kumar\AppData\Local\Programs\Python\Python311\Lib\http\client.py", line 1451, in connect
    super().connect()
  File "C:\Users\bharath kumar\AppData\Local\Programs\Python\Python311\Lib\http\client.py", line 945, in connect
    self.sock = self._create_connection(
                ^^^^^^^^^^^^^^^^^^^^^^^^
  File "C:\Users\bharath kumar\AppData\Local\Programs\Python\Python311\Lib\socket.py", line 827, in create_connection
    for res in getaddrinfo(host, port, 0, SOCK_STREAM):
               ^^^^^^^^^^^^^^^^^^^^^^^^^^^^^^^^^^^^^^^
  File "C:\Users\bharath kumar\AppData\Local\Programs\Python\Python311\Lib\socket.py", line 962, in getaddrinfo
    for res in _socket.getaddrinfo(host, port, family, type, proto, flags):
               ^^^^^^^^^^^^^^^^^^^^^^^^^^^^^^^^^^^^^^^^^^^^^^^^^^^^^^^^^^^
socket.gaierror: [Errno 11001] getaddrinfo failed

During handling of the above exception, another exception occurred:

Traceback (most recent call last):
  File "C:\Users\bharath kumar\Desktop\Web Scraper for Nakuri\naukri_scraper.py", line 503, in process_keyword
    driver = make_driver()
             ^^^^^^^^^^^^^
  File "C:\Users\bharath kumar\Desktop\Web Scraper for Nakuri\naukri_scraper.py", line 145, in make_driver
    driver = uc.Chrome(options=options)   # no use_subprocess, no headless
             ^^^^^^^^^^^^^^^^^^^^^^^^^^
  File "C:\Users\bharath kumar\AppData\Local\Programs\Python\Python311\Lib\site-packages\undetected_chromedriver\__init__.py", line 258, in __init__
    self.patcher.auto()
  File "C:\Users\bharath kumar\AppData\Local\Programs\Python\Python311\Lib\site-packages\undetected_chromedriver\patcher.py", line 175, in auto
    release = self.fetch_release_number()
              ^^^^^^^^^^^^^^^^^^^^^^^^^^^
  File "C:\Users\bharath kumar\AppData\Local\Programs\Python\Python311\Lib\site-packages\undetected_chromedriver\patcher.py", line 250, in fetch_release_number
    with urlopen(self.url_repo + path) as conn:
         ^^^^^^^^^^^^^^^^^^^^^^^^^^^^^
  File "C:\Users\bharath kumar\AppData\Local\Programs\Python\Python311\Lib\urllib\request.py", line 216, in urlopen
    return opener.open(url, data, timeout)
           ^^^^^^^^^^^^^^^^^^^^^^^^^^^^^^^
  File "C:\Users\bharath kumar\AppData\Local\Programs\Python\Python311\Lib\urllib\request.py", line 519, in open
    response = self._open(req, data)
               ^^^^^^^^^^^^^^^^^^^^^
  File "C:\Users\bharath kumar\AppData\Local\Programs\Python\Python311\Lib\urllib\request.py", line 536, in _open
    result = self._call_chain(self.handle_open, protocol, protocol +
             ^^^^^^^^^^^^^^^^^^^^^^^^^^^^^^^^^^^^^^^^^^^^^^^^^^^^^^^
  File "C:\Users\bharath kumar\AppData\Local\Programs\Python\Python311\Lib\urllib\request.py", line 496, in _call_chain
    result = func(*args)
             ^^^^^^^^^^^
  File "C:\Users\bharath kumar\AppData\Local\Programs\Python\Python311\Lib\urllib\request.py", line 1391, in https_open
    return self.do_open(http.client.HTTPSConnection, req,
           ^^^^^^^^^^^^^^^^^^^^^^^^^^^^^^^^^^^^^^^^^^^^^^
  File "C:\Users\bharath kumar\AppData\Local\Programs\Python\Python311\Lib\urllib\request.py", line 1351, in do_open
    raise URLError(err)
urllib.error.URLError: <urlopen error [Errno 11001] getaddrinfo failed>

2026-06-12 01:32:29,939 [ERROR] Keyword 'Site Reliability Engineer': Traceback (most recent call last):
  File "C:\Users\bharath kumar\AppData\Local\Programs\Python\Python311\Lib\urllib\request.py", line 1348, in do_open
    h.request(req.get_method(), req.selector, req.data, headers,
  File "C:\Users\bharath kumar\AppData\Local\Programs\Python\Python311\Lib\http\client.py", line 1286, in request
    self._send_request(method, url, body, headers, encode_chunked)
  File "C:\Users\bharath kumar\AppData\Local\Programs\Python\Python311\Lib\http\client.py", line 1332, in _send_request
    self.endheaders(body, encode_chunked=encode_chunked)
  File "C:\Users\bharath kumar\AppData\Local\Programs\Python\Python311\Lib\http\client.py", line 1281, in endheaders
    self._send_output(message_body, encode_chunked=encode_chunked)
  File "C:\Users\bharath kumar\AppData\Local\Programs\Python\Python311\Lib\http\client.py", line 1041, in _send_output
    self.send(msg)
  File "C:\Users\bharath kumar\AppData\Local\Programs\Python\Python311\Lib\http\client.py", line 979, in send
    self.connect()
  File "C:\Users\bharath kumar\AppData\Local\Programs\Python\Python311\Lib\http\client.py", line 1451, in connect
    super().connect()
  File "C:\Users\bharath kumar\AppData\Local\Programs\Python\Python311\Lib\http\client.py", line 945, in connect
    self.sock = self._create_connection(
                ^^^^^^^^^^^^^^^^^^^^^^^^
  File "C:\Users\bharath kumar\AppData\Local\Programs\Python\Python311\Lib\socket.py", line 827, in create_connection
    for res in getaddrinfo(host, port, 0, SOCK_STREAM):
               ^^^^^^^^^^^^^^^^^^^^^^^^^^^^^^^^^^^^^^^
  File "C:\Users\bharath kumar\AppData\Local\Programs\Python\Python311\Lib\socket.py", line 962, in getaddrinfo
    for res in _socket.getaddrinfo(host, port, family, type, proto, flags):
               ^^^^^^^^^^^^^^^^^^^^^^^^^^^^^^^^^^^^^^^^^^^^^^^^^^^^^^^^^^^
socket.gaierror: [Errno 11001] getaddrinfo failed

During handling of the above exception, another exception occurred:

Traceback (most recent call last):
  File "C:\Users\bharath kumar\Desktop\Web Scraper for Nakuri\naukri_scraper.py", line 503, in process_keyword
    driver = make_driver()
             ^^^^^^^^^^^^^
  File "C:\Users\bharath kumar\Desktop\Web Scraper for Nakuri\naukri_scraper.py", line 145, in make_driver
    driver = uc.Chrome(options=options)   # no use_subprocess, no headless
             ^^^^^^^^^^^^^^^^^^^^^^^^^^
  File "C:\Users\bharath kumar\AppData\Local\Programs\Python\Python311\Lib\site-packages\undetected_chromedriver\__init__.py", line 258, in __init__
    self.patcher.auto()
  File "C:\Users\bharath kumar\AppData\Local\Programs\Python\Python311\Lib\site-packages\undetected_chromedriver\patcher.py", line 175, in auto
    release = self.fetch_release_number()
              ^^^^^^^^^^^^^^^^^^^^^^^^^^^
  File "C:\Users\bharath kumar\AppData\Local\Programs\Python\Python311\Lib\site-packages\undetected_chromedriver\patcher.py", line 250, in fetch_release_number
    with urlopen(self.url_repo + path) as conn:
         ^^^^^^^^^^^^^^^^^^^^^^^^^^^^^
  File "C:\Users\bharath kumar\AppData\Local\Programs\Python\Python311\Lib\urllib\request.py", line 216, in urlopen
    return opener.open(url, data, timeout)
           ^^^^^^^^^^^^^^^^^^^^^^^^^^^^^^^
  File "C:\Users\bharath kumar\AppData\Local\Programs\Python\Python311\Lib\urllib\request.py", line 519, in open
    response = self._open(req, data)
               ^^^^^^^^^^^^^^^^^^^^^
  File "C:\Users\bharath kumar\AppData\Local\Programs\Python\Python311\Lib\urllib\request.py", line 536, in _open
    result = self._call_chain(self.handle_open, protocol, protocol +
             ^^^^^^^^^^^^^^^^^^^^^^^^^^^^^^^^^^^^^^^^^^^^^^^^^^^^^^^
  File "C:\Users\bharath kumar\AppData\Local\Programs\Python\Python311\Lib\urllib\request.py", line 496, in _call_chain
    result = func(*args)
             ^^^^^^^^^^^
  File "C:\Users\bharath kumar\AppData\Local\Programs\Python\Python311\Lib\urllib\request.py", line 1391, in https_open
    return self.do_open(http.client.HTTPSConnection, req,
           ^^^^^^^^^^^^^^^^^^^^^^^^^^^^^^^^^^^^^^^^^^^^^^
  File "C:\Users\bharath kumar\AppData\Local\Programs\Python\Python311\Lib\urllib\request.py", line 1351, in do_open
    raise URLError(err)
urllib.error.URLError: <urlopen error [Errno 11001] getaddrinfo failed>

2026-06-12 01:32:29,954 [ERROR] Keyword 'Software Engineer': Traceback (most recent call last):
  File "C:\Users\bharath kumar\AppData\Local\Programs\Python\Python311\Lib\urllib\request.py", line 1348, in do_open
    h.request(req.get_method(), req.selector, req.data, headers,
  File "C:\Users\bharath kumar\AppData\Local\Programs\Python\Python311\Lib\http\client.py", line 1286, in request
    self._send_request(method, url, body, headers, encode_chunked)
  File "C:\Users\bharath kumar\AppData\Local\Programs\Python\Python311\Lib\http\client.py", line 1332, in _send_request
    self.endheaders(body, encode_chunked=encode_chunked)
  File "C:\Users\bharath kumar\AppData\Local\Programs\Python\Python311\Lib\http\client.py", line 1281, in endheaders
    self._send_output(message_body, encode_chunked=encode_chunked)
  File "C:\Users\bharath kumar\AppData\Local\Programs\Python\Python311\Lib\http\client.py", line 1041, in _send_output
    self.send(msg)
  File "C:\Users\bharath kumar\AppData\Local\Programs\Python\Python311\Lib\http\client.py", line 979, in send
    self.connect()
  File "C:\Users\bharath kumar\AppData\Local\Programs\Python\Python311\Lib\http\client.py", line 1451, in connect
    super().connect()
  File "C:\Users\bharath kumar\AppData\Local\Programs\Python\Python311\Lib\http\client.py", line 945, in connect
    self.sock = self._create_connection(
                ^^^^^^^^^^^^^^^^^^^^^^^^
  File "C:\Users\bharath kumar\AppData\Local\Programs\Python\Python311\Lib\socket.py", line 827, in create_connection
    for res in getaddrinfo(host, port, 0, SOCK_STREAM):
               ^^^^^^^^^^^^^^^^^^^^^^^^^^^^^^^^^^^^^^^
  File "C:\Users\bharath kumar\AppData\Local\Programs\Python\Python311\Lib\socket.py", line 962, in getaddrinfo
    for res in _socket.getaddrinfo(host, port, family, type, proto, flags):
               ^^^^^^^^^^^^^^^^^^^^^^^^^^^^^^^^^^^^^^^^^^^^^^^^^^^^^^^^^^^
socket.gaierror: [Errno 11001] getaddrinfo failed

During handling of the above exception, another exception occurred:

Traceback (most recent call last):
  File "C:\Users\bharath kumar\Desktop\Web Scraper for Nakuri\naukri_scraper.py", line 503, in process_keyword
    driver = make_driver()
             ^^^^^^^^^^^^^
  File "C:\Users\bharath kumar\Desktop\Web Scraper for Nakuri\naukri_scraper.py", line 145, in make_driver
    driver = uc.Chrome(options=options)   # no use_subprocess, no headless
             ^^^^^^^^^^^^^^^^^^^^^^^^^^
  File "C:\Users\bharath kumar\AppData\Local\Programs\Python\Python311\Lib\site-packages\undetected_chromedriver\__init__.py", line 258, in __init__
    self.patcher.auto()
  File "C:\Users\bharath kumar\AppData\Local\Programs\Python\Python311\Lib\site-packages\undetected_chromedriver\patcher.py", line 175, in auto
    release = self.fetch_release_number()
              ^^^^^^^^^^^^^^^^^^^^^^^^^^^
  File "C:\Users\bharath kumar\AppData\Local\Programs\Python\Python311\Lib\site-packages\undetected_chromedriver\patcher.py", line 250, in fetch_release_number
    with urlopen(self.url_repo + path) as conn:
         ^^^^^^^^^^^^^^^^^^^^^^^^^^^^^
  File "C:\Users\bharath kumar\AppData\Local\Programs\Python\Python311\Lib\urllib\request.py", line 216, in urlopen
    return opener.open(url, data, timeout)
           ^^^^^^^^^^^^^^^^^^^^^^^^^^^^^^^
  File "C:\Users\bharath kumar\AppData\Local\Programs\Python\Python311\Lib\urllib\request.py", line 519, in open
    response = self._open(req, data)
               ^^^^^^^^^^^^^^^^^^^^^
  File "C:\Users\bharath kumar\AppData\Local\Programs\Python\Python311\Lib\urllib\request.py", line 536, in _open
    result = self._call_chain(self.handle_open, protocol, protocol +
             ^^^^^^^^^^^^^^^^^^^^^^^^^^^^^^^^^^^^^^^^^^^^^^^^^^^^^^^
  File "C:\Users\bharath kumar\AppData\Local\Programs\Python\Python311\Lib\urllib\request.py", line 496, in _call_chain
    result = func(*args)
             ^^^^^^^^^^^
  File "C:\Users\bharath kumar\AppData\Local\Programs\Python\Python311\Lib\urllib\request.py", line 1391, in https_open
    return self.do_open(http.client.HTTPSConnection, req,
           ^^^^^^^^^^^^^^^^^^^^^^^^^^^^^^^^^^^^^^^^^^^^^^
  File "C:\Users\bharath kumar\AppData\Local\Programs\Python\Python311\Lib\urllib\request.py", line 1351, in do_open
    raise URLError(err)
urllib.error.URLError: <urlopen error [Errno 11001] getaddrinfo failed>

2026-06-12 01:32:29,968 [ERROR] Keyword 'Solution Architect': Traceback (most recent call last):
  File "C:\Users\bharath kumar\AppData\Local\Programs\Python\Python311\Lib\urllib\request.py", line 1348, in do_open
    h.request(req.get_method(), req.selector, req.data, headers,
  File "C:\Users\bharath kumar\AppData\Local\Programs\Python\Python311\Lib\http\client.py", line 1286, in request
    self._send_request(method, url, body, headers, encode_chunked)
  File "C:\Users\bharath kumar\AppData\Local\Programs\Python\Python311\Lib\http\client.py", line 1332, in _send_request
    self.endheaders(body, encode_chunked=encode_chunked)
  File "C:\Users\bharath kumar\AppData\Local\Programs\Python\Python311\Lib\http\client.py", line 1281, in endheaders
    self._send_output(message_body, encode_chunked=encode_chunked)
  File "C:\Users\bharath kumar\AppData\Local\Programs\Python\Python311\Lib\http\client.py", line 1041, in _send_output
    self.send(msg)
  File "C:\Users\bharath kumar\AppData\Local\Programs\Python\Python311\Lib\http\client.py", line 979, in send
    self.connect()
  File "C:\Users\bharath kumar\AppData\Local\Programs\Python\Python311\Lib\http\client.py", line 1451, in connect
    super().connect()
  File "C:\Users\bharath kumar\AppData\Local\Programs\Python\Python311\Lib\http\client.py", line 945, in connect
    self.sock = self._create_connection(
                ^^^^^^^^^^^^^^^^^^^^^^^^
  File "C:\Users\bharath kumar\AppData\Local\Programs\Python\Python311\Lib\socket.py", line 827, in create_connection
    for res in getaddrinfo(host, port, 0, SOCK_STREAM):
               ^^^^^^^^^^^^^^^^^^^^^^^^^^^^^^^^^^^^^^^
  File "C:\Users\bharath kumar\AppData\Local\Programs\Python\Python311\Lib\socket.py", line 962, in getaddrinfo
    for res in _socket.getaddrinfo(host, port, family, type, proto, flags):
               ^^^^^^^^^^^^^^^^^^^^^^^^^^^^^^^^^^^^^^^^^^^^^^^^^^^^^^^^^^^
socket.gaierror: [Errno 11001] getaddrinfo failed

During handling of the above exception, another exception occurred:

Traceback (most recent call last):
  File "C:\Users\bharath kumar\Desktop\Web Scraper for Nakuri\naukri_scraper.py", line 503, in process_keyword
    driver = make_driver()
             ^^^^^^^^^^^^^
  File "C:\Users\bharath kumar\Desktop\Web Scraper for Nakuri\naukri_scraper.py", line 145, in make_driver
    driver = uc.Chrome(options=options)   # no use_subprocess, no headless
             ^^^^^^^^^^^^^^^^^^^^^^^^^^
  File "C:\Users\bharath kumar\AppData\Local\Programs\Python\Python311\Lib\site-packages\undetected_chromedriver\__init__.py", line 258, in __init__
    self.patcher.auto()
  File "C:\Users\bharath kumar\AppData\Local\Programs\Python\Python311\Lib\site-packages\undetected_chromedriver\patcher.py", line 175, in auto
    release = self.fetch_release_number()
              ^^^^^^^^^^^^^^^^^^^^^^^^^^^
  File "C:\Users\bharath kumar\AppData\Local\Programs\Python\Python311\Lib\site-packages\undetected_chromedriver\patcher.py", line 250, in fetch_release_number
    with urlopen(self.url_repo + path) as conn:
         ^^^^^^^^^^^^^^^^^^^^^^^^^^^^^
  File "C:\Users\bharath kumar\AppData\Local\Programs\Python\Python311\Lib\urllib\request.py", line 216, in urlopen
    return opener.open(url, data, timeout)
           ^^^^^^^^^^^^^^^^^^^^^^^^^^^^^^^
  File "C:\Users\bharath kumar\AppData\Local\Programs\Python\Python311\Lib\urllib\request.py", line 519, in open
    response = self._open(req, data)
               ^^^^^^^^^^^^^^^^^^^^^
  File "C:\Users\bharath kumar\AppData\Local\Programs\Python\Python311\Lib\urllib\request.py", line 536, in _open
    result = self._call_chain(self.handle_open, protocol, protocol +
             ^^^^^^^^^^^^^^^^^^^^^^^^^^^^^^^^^^^^^^^^^^^^^^^^^^^^^^^
  File "C:\Users\bharath kumar\AppData\Local\Programs\Python\Python311\Lib\urllib\request.py", line 496, in _call_chain
    result = func(*args)
             ^^^^^^^^^^^
  File "C:\Users\bharath kumar\AppData\Local\Programs\Python\Python311\Lib\urllib\request.py", line 1391, in https_open
    return self.do_open(http.client.HTTPSConnection, req,
           ^^^^^^^^^^^^^^^^^^^^^^^^^^^^^^^^^^^^^^^^^^^^^^
  File "C:\Users\bharath kumar\AppData\Local\Programs\Python\Python311\Lib\urllib\request.py", line 1351, in do_open
    raise URLError(err)
urllib.error.URLError: <urlopen error [Errno 11001] getaddrinfo failed>

2026-06-12 01:32:29,983 [ERROR] Keyword 'Supply Chain Manager': Traceback (most recent call last):
  File "C:\Users\bharath kumar\AppData\Local\Programs\Python\Python311\Lib\urllib\request.py", line 1348, in do_open
    h.request(req.get_method(), req.selector, req.data, headers,
  File "C:\Users\bharath kumar\AppData\Local\Programs\Python\Python311\Lib\http\client.py", line 1286, in request
    self._send_request(method, url, body, headers, encode_chunked)
  File "C:\Users\bharath kumar\AppData\Local\Programs\Python\Python311\Lib\http\client.py", line 1332, in _send_request
    self.endheaders(body, encode_chunked=encode_chunked)
  File "C:\Users\bharath kumar\AppData\Local\Programs\Python\Python311\Lib\http\client.py", line 1281, in endheaders
    self._send_output(message_body, encode_chunked=encode_chunked)
  File "C:\Users\bharath kumar\AppData\Local\Programs\Python\Python311\Lib\http\client.py", line 1041, in _send_output
    self.send(msg)
  File "C:\Users\bharath kumar\AppData\Local\Programs\Python\Python311\Lib\http\client.py", line 979, in send
    self.connect()
  File "C:\Users\bharath kumar\AppData\Local\Programs\Python\Python311\Lib\http\client.py", line 1451, in connect
    super().connect()
  File "C:\Users\bharath kumar\AppData\Local\Programs\Python\Python311\Lib\http\client.py", line 945, in connect
    self.sock = self._create_connection(
                ^^^^^^^^^^^^^^^^^^^^^^^^
  File "C:\Users\bharath kumar\AppData\Local\Programs\Python\Python311\Lib\socket.py", line 827, in create_connection
    for res in getaddrinfo(host, port, 0, SOCK_STREAM):
               ^^^^^^^^^^^^^^^^^^^^^^^^^^^^^^^^^^^^^^^
  File "C:\Users\bharath kumar\AppData\Local\Programs\Python\Python311\Lib\socket.py", line 962, in getaddrinfo
    for res in _socket.getaddrinfo(host, port, family, type, proto, flags):
               ^^^^^^^^^^^^^^^^^^^^^^^^^^^^^^^^^^^^^^^^^^^^^^^^^^^^^^^^^^^
socket.gaierror: [Errno 11001] getaddrinfo failed

During handling of the above exception, another exception occurred:

Traceback (most recent call last):
  File "C:\Users\bharath kumar\Desktop\Web Scraper for Nakuri\naukri_scraper.py", line 503, in process_keyword
    driver = make_driver()
             ^^^^^^^^^^^^^
  File "C:\Users\bharath kumar\Desktop\Web Scraper for Nakuri\naukri_scraper.py", line 145, in make_driver
    driver = uc.Chrome(options=options)   # no use_subprocess, no headless
             ^^^^^^^^^^^^^^^^^^^^^^^^^^
  File "C:\Users\bharath kumar\AppData\Local\Programs\Python\Python311\Lib\site-packages\undetected_chromedriver\__init__.py", line 258, in __init__
    self.patcher.auto()
  File "C:\Users\bharath kumar\AppData\Local\Programs\Python\Python311\Lib\site-packages\undetected_chromedriver\patcher.py", line 175, in auto
    release = self.fetch_release_number()
              ^^^^^^^^^^^^^^^^^^^^^^^^^^^
  File "C:\Users\bharath kumar\AppData\Local\Programs\Python\Python311\Lib\site-packages\undetected_chromedriver\patcher.py", line 250, in fetch_release_number
    with urlopen(self.url_repo + path) as conn:
         ^^^^^^^^^^^^^^^^^^^^^^^^^^^^^
  File "C:\Users\bharath kumar\AppData\Local\Programs\Python\Python311\Lib\urllib\request.py", line 216, in urlopen
    return opener.open(url, data, timeout)
           ^^^^^^^^^^^^^^^^^^^^^^^^^^^^^^^
  File "C:\Users\bharath kumar\AppData\Local\Programs\Python\Python311\Lib\urllib\request.py", line 519, in open
    response = self._open(req, data)
               ^^^^^^^^^^^^^^^^^^^^^
  File "C:\Users\bharath kumar\AppData\Local\Programs\Python\Python311\Lib\urllib\request.py", line 536, in _open
    result = self._call_chain(self.handle_open, protocol, protocol +
             ^^^^^^^^^^^^^^^^^^^^^^^^^^^^^^^^^^^^^^^^^^^^^^^^^^^^^^^
  File "C:\Users\bharath kumar\AppData\Local\Programs\Python\Python311\Lib\urllib\request.py", line 496, in _call_chain
    result = func(*args)
             ^^^^^^^^^^^
  File "C:\Users\bharath kumar\AppData\Local\Programs\Python\Python311\Lib\urllib\request.py", line 1391, in https_open
    return self.do_open(http.client.HTTPSConnection, req,
           ^^^^^^^^^^^^^^^^^^^^^^^^^^^^^^^^^^^^^^^^^^^^^^
  File "C:\Users\bharath kumar\AppData\Local\Programs\Python\Python311\Lib\urllib\request.py", line 1351, in do_open
    raise URLError(err)
urllib.error.URLError: <urlopen error [Errno 11001] getaddrinfo failed>

2026-06-12 01:32:29,997 [ERROR] Keyword 'Swift Developer': Traceback (most recent call last):
  File "C:\Users\bharath kumar\AppData\Local\Programs\Python\Python311\Lib\urllib\request.py", line 1348, in do_open
    h.request(req.get_method(), req.selector, req.data, headers,
  File "C:\Users\bharath kumar\AppData\Local\Programs\Python\Python311\Lib\http\client.py", line 1286, in request
    self._send_request(method, url, body, headers, encode_chunked)
  File "C:\Users\bharath kumar\AppData\Local\Programs\Python\Python311\Lib\http\client.py", line 1332, in _send_request
    self.endheaders(body, encode_chunked=encode_chunked)
  File "C:\Users\bharath kumar\AppData\Local\Programs\Python\Python311\Lib\http\client.py", line 1281, in endheaders
    self._send_output(message_body, encode_chunked=encode_chunked)
  File "C:\Users\bharath kumar\AppData\Local\Programs\Python\Python311\Lib\http\client.py", line 1041, in _send_output
    self.send(msg)
  File "C:\Users\bharath kumar\AppData\Local\Programs\Python\Python311\Lib\http\client.py", line 979, in send
    self.connect()
  File "C:\Users\bharath kumar\AppData\Local\Programs\Python\Python311\Lib\http\client.py", line 1451, in connect
    super().connect()
  File "C:\Users\bharath kumar\AppData\Local\Programs\Python\Python311\Lib\http\client.py", line 945, in connect
    self.sock = self._create_connection(
                ^^^^^^^^^^^^^^^^^^^^^^^^
  File "C:\Users\bharath kumar\AppData\Local\Programs\Python\Python311\Lib\socket.py", line 827, in create_connection
    for res in getaddrinfo(host, port, 0, SOCK_STREAM):
               ^^^^^^^^^^^^^^^^^^^^^^^^^^^^^^^^^^^^^^^
  File "C:\Users\bharath kumar\AppData\Local\Programs\Python\Python311\Lib\socket.py", line 962, in getaddrinfo
    for res in _socket.getaddrinfo(host, port, family, type, proto, flags):
               ^^^^^^^^^^^^^^^^^^^^^^^^^^^^^^^^^^^^^^^^^^^^^^^^^^^^^^^^^^^
socket.gaierror: [Errno 11001] getaddrinfo failed

During handling of the above exception, another exception occurred:

Traceback (most recent call last):
  File "C:\Users\bharath kumar\Desktop\Web Scraper for Nakuri\naukri_scraper.py", line 503, in process_keyword
    driver = make_driver()
             ^^^^^^^^^^^^^
  File "C:\Users\bharath kumar\Desktop\Web Scraper for Nakuri\naukri_scraper.py", line 145, in make_driver
    driver = uc.Chrome(options=options)   # no use_subprocess, no headless
             ^^^^^^^^^^^^^^^^^^^^^^^^^^
  File "C:\Users\bharath kumar\AppData\Local\Programs\Python\Python311\Lib\site-packages\undetected_chromedriver\__init__.py", line 258, in __init__
    self.patcher.auto()
  File "C:\Users\bharath kumar\AppData\Local\Programs\Python\Python311\Lib\site-packages\undetected_chromedriver\patcher.py", line 175, in auto
    release = self.fetch_release_number()
              ^^^^^^^^^^^^^^^^^^^^^^^^^^^
  File "C:\Users\bharath kumar\AppData\Local\Programs\Python\Python311\Lib\site-packages\undetected_chromedriver\patcher.py", line 250, in fetch_release_number
    with urlopen(self.url_repo + path) as conn:
         ^^^^^^^^^^^^^^^^^^^^^^^^^^^^^
  File "C:\Users\bharath kumar\AppData\Local\Programs\Python\Python311\Lib\urllib\request.py", line 216, in urlopen
    return opener.open(url, data, timeout)
           ^^^^^^^^^^^^^^^^^^^^^^^^^^^^^^^
  File "C:\Users\bharath kumar\AppData\Local\Programs\Python\Python311\Lib\urllib\request.py", line 519, in open
    response = self._open(req, data)
               ^^^^^^^^^^^^^^^^^^^^^
  File "C:\Users\bharath kumar\AppData\Local\Programs\Python\Python311\Lib\urllib\request.py", line 536, in _open
    result = self._call_chain(self.handle_open, protocol, protocol +
             ^^^^^^^^^^^^^^^^^^^^^^^^^^^^^^^^^^^^^^^^^^^^^^^^^^^^^^^
  File "C:\Users\bharath kumar\AppData\Local\Programs\Python\Python311\Lib\urllib\request.py", line 496, in _call_chain
    result = func(*args)
             ^^^^^^^^^^^
  File "C:\Users\bharath kumar\AppData\Local\Programs\Python\Python311\Lib\urllib\request.py", line 1391, in https_open
    return self.do_open(http.client.HTTPSConnection, req,
           ^^^^^^^^^^^^^^^^^^^^^^^^^^^^^^^^^^^^^^^^^^^^^^
  File "C:\Users\bharath kumar\AppData\Local\Programs\Python\Python311\Lib\urllib\request.py", line 1351, in do_open
    raise URLError(err)
urllib.error.URLError: <urlopen error [Errno 11001] getaddrinfo failed>

2026-06-12 01:32:30,011 [ERROR] Keyword 'TDS': Traceback (most recent call last):
  File "C:\Users\bharath kumar\AppData\Local\Programs\Python\Python311\Lib\urllib\request.py", line 1348, in do_open
    h.request(req.get_method(), req.selector, req.data, headers,
  File "C:\Users\bharath kumar\AppData\Local\Programs\Python\Python311\Lib\http\client.py", line 1286, in request
    self._send_request(method, url, body, headers, encode_chunked)
  File "C:\Users\bharath kumar\AppData\Local\Programs\Python\Python311\Lib\http\client.py", line 1332, in _send_request
    self.endheaders(body, encode_chunked=encode_chunked)
  File "C:\Users\bharath kumar\AppData\Local\Programs\Python\Python311\Lib\http\client.py", line 1281, in endheaders
    self._send_output(message_body, encode_chunked=encode_chunked)
  File "C:\Users\bharath kumar\AppData\Local\Programs\Python\Python311\Lib\http\client.py", line 1041, in _send_output
    self.send(msg)
  File "C:\Users\bharath kumar\AppData\Local\Programs\Python\Python311\Lib\http\client.py", line 979, in send
    self.connect()
  File "C:\Users\bharath kumar\AppData\Local\Programs\Python\Python311\Lib\http\client.py", line 1451, in connect
    super().connect()
  File "C:\Users\bharath kumar\AppData\Local\Programs\Python\Python311\Lib\http\client.py", line 945, in connect
    self.sock = self._create_connection(
                ^^^^^^^^^^^^^^^^^^^^^^^^
  File "C:\Users\bharath kumar\AppData\Local\Programs\Python\Python311\Lib\socket.py", line 827, in create_connection
    for res in getaddrinfo(host, port, 0, SOCK_STREAM):
               ^^^^^^^^^^^^^^^^^^^^^^^^^^^^^^^^^^^^^^^
  File "C:\Users\bharath kumar\AppData\Local\Programs\Python\Python311\Lib\socket.py", line 962, in getaddrinfo
    for res in _socket.getaddrinfo(host, port, family, type, proto, flags):
               ^^^^^^^^^^^^^^^^^^^^^^^^^^^^^^^^^^^^^^^^^^^^^^^^^^^^^^^^^^^
socket.gaierror: [Errno 11001] getaddrinfo failed

During handling of the above exception, another exception occurred:

Traceback (most recent call last):
  File "C:\Users\bharath kumar\Desktop\Web Scraper for Nakuri\naukri_scraper.py", line 503, in process_keyword
    driver = make_driver()
             ^^^^^^^^^^^^^
  File "C:\Users\bharath kumar\Desktop\Web Scraper for Nakuri\naukri_scraper.py", line 145, in make_driver
    driver = uc.Chrome(options=options)   # no use_subprocess, no headless
             ^^^^^^^^^^^^^^^^^^^^^^^^^^
  File "C:\Users\bharath kumar\AppData\Local\Programs\Python\Python311\Lib\site-packages\undetected_chromedriver\__init__.py", line 258, in __init__
    self.patcher.auto()
  File "C:\Users\bharath kumar\AppData\Local\Programs\Python\Python311\Lib\site-packages\undetected_chromedriver\patcher.py", line 175, in auto
    release = self.fetch_release_number()
              ^^^^^^^^^^^^^^^^^^^^^^^^^^^
  File "C:\Users\bharath kumar\AppData\Local\Programs\Python\Python311\Lib\site-packages\undetected_chromedriver\patcher.py", line 250, in fetch_release_number
    with urlopen(self.url_repo + path) as conn:
         ^^^^^^^^^^^^^^^^^^^^^^^^^^^^^
  File "C:\Users\bharath kumar\AppData\Local\Programs\Python\Python311\Lib\urllib\request.py", line 216, in urlopen
    return opener.open(url, data, timeout)
           ^^^^^^^^^^^^^^^^^^^^^^^^^^^^^^^
  File "C:\Users\bharath kumar\AppData\Local\Programs\Python\Python311\Lib\urllib\request.py", line 519, in open
    response = self._open(req, data)
               ^^^^^^^^^^^^^^^^^^^^^
  File "C:\Users\bharath kumar\AppData\Local\Programs\Python\Python311\Lib\urllib\request.py", line 536, in _open
    result = self._call_chain(self.handle_open, protocol, protocol +
             ^^^^^^^^^^^^^^^^^^^^^^^^^^^^^^^^^^^^^^^^^^^^^^^^^^^^^^^
  File "C:\Users\bharath kumar\AppData\Local\Programs\Python\Python311\Lib\urllib\request.py", line 496, in _call_chain
    result = func(*args)
             ^^^^^^^^^^^
  File "C:\Users\bharath kumar\AppData\Local\Programs\Python\Python311\Lib\urllib\request.py", line 1391, in https_open
    return self.do_open(http.client.HTTPSConnection, req,
           ^^^^^^^^^^^^^^^^^^^^^^^^^^^^^^^^^^^^^^^^^^^^^^
  File "C:\Users\bharath kumar\AppData\Local\Programs\Python\Python311\Lib\urllib\request.py", line 1351, in do_open
    raise URLError(err)
urllib.error.URLError: <urlopen error [Errno 11001] getaddrinfo failed>

2026-06-12 01:32:30,025 [ERROR] Keyword 'Tableau Developer': Traceback (most recent call last):
  File "C:\Users\bharath kumar\AppData\Local\Programs\Python\Python311\Lib\urllib\request.py", line 1348, in do_open
    h.request(req.get_method(), req.selector, req.data, headers,
  File "C:\Users\bharath kumar\AppData\Local\Programs\Python\Python311\Lib\http\client.py", line 1286, in request
    self._send_request(method, url, body, headers, encode_chunked)
  File "C:\Users\bharath kumar\AppData\Local\Programs\Python\Python311\Lib\http\client.py", line 1332, in _send_request
    self.endheaders(body, encode_chunked=encode_chunked)
  File "C:\Users\bharath kumar\AppData\Local\Programs\Python\Python311\Lib\http\client.py", line 1281, in endheaders
    self._send_output(message_body, encode_chunked=encode_chunked)
  File "C:\Users\bharath kumar\AppData\Local\Programs\Python\Python311\Lib\http\client.py", line 1041, in _send_output
    self.send(msg)
  File "C:\Users\bharath kumar\AppData\Local\Programs\Python\Python311\Lib\http\client.py", line 979, in send
    self.connect()
  File "C:\Users\bharath kumar\AppData\Local\Programs\Python\Python311\Lib\http\client.py", line 1451, in connect
    super().connect()
  File "C:\Users\bharath kumar\AppData\Local\Programs\Python\Python311\Lib\http\client.py", line 945, in connect
    self.sock = self._create_connection(
                ^^^^^^^^^^^^^^^^^^^^^^^^
  File "C:\Users\bharath kumar\AppData\Local\Programs\Python\Python311\Lib\socket.py", line 827, in create_connection
    for res in getaddrinfo(host, port, 0, SOCK_STREAM):
               ^^^^^^^^^^^^^^^^^^^^^^^^^^^^^^^^^^^^^^^
  File "C:\Users\bharath kumar\AppData\Local\Programs\Python\Python311\Lib\socket.py", line 962, in getaddrinfo
    for res in _socket.getaddrinfo(host, port, family, type, proto, flags):
               ^^^^^^^^^^^^^^^^^^^^^^^^^^^^^^^^^^^^^^^^^^^^^^^^^^^^^^^^^^^
socket.gaierror: [Errno 11001] getaddrinfo failed

During handling of the above exception, another exception occurred:

Traceback (most recent call last):
  File "C:\Users\bharath kumar\Desktop\Web Scraper for Nakuri\naukri_scraper.py", line 503, in process_keyword
    driver = make_driver()
             ^^^^^^^^^^^^^
  File "C:\Users\bharath kumar\Desktop\Web Scraper for Nakuri\naukri_scraper.py", line 145, in make_driver
    driver = uc.Chrome(options=options)   # no use_subprocess, no headless
             ^^^^^^^^^^^^^^^^^^^^^^^^^^
  File "C:\Users\bharath kumar\AppData\Local\Programs\Python\Python311\Lib\site-packages\undetected_chromedriver\__init__.py", line 258, in __init__
    self.patcher.auto()
  File "C:\Users\bharath kumar\AppData\Local\Programs\Python\Python311\Lib\site-packages\undetected_chromedriver\patcher.py", line 175, in auto
    release = self.fetch_release_number()
              ^^^^^^^^^^^^^^^^^^^^^^^^^^^
  File "C:\Users\bharath kumar\AppData\Local\Programs\Python\Python311\Lib\site-packages\undetected_chromedriver\patcher.py", line 250, in fetch_release_number
    with urlopen(self.url_repo + path) as conn:
         ^^^^^^^^^^^^^^^^^^^^^^^^^^^^^
  File "C:\Users\bharath kumar\AppData\Local\Programs\Python\Python311\Lib\urllib\request.py", line 216, in urlopen
    return opener.open(url, data, timeout)
           ^^^^^^^^^^^^^^^^^^^^^^^^^^^^^^^
  File "C:\Users\bharath kumar\AppData\Local\Programs\Python\Python311\Lib\urllib\request.py", line 519, in open
    response = self._open(req, data)
               ^^^^^^^^^^^^^^^^^^^^^
  File "C:\Users\bharath kumar\AppData\Local\Programs\Python\Python311\Lib\urllib\request.py", line 536, in _open
    result = self._call_chain(self.handle_open, protocol, protocol +
             ^^^^^^^^^^^^^^^^^^^^^^^^^^^^^^^^^^^^^^^^^^^^^^^^^^^^^^^
  File "C:\Users\bharath kumar\AppData\Local\Programs\Python\Python311\Lib\urllib\request.py", line 496, in _call_chain
    result = func(*args)
             ^^^^^^^^^^^
  File "C:\Users\bharath kumar\AppData\Local\Programs\Python\Python311\Lib\urllib\request.py", line 1391, in https_open
    return self.do_open(http.client.HTTPSConnection, req,
           ^^^^^^^^^^^^^^^^^^^^^^^^^^^^^^^^^^^^^^^^^^^^^^
  File "C:\Users\bharath kumar\AppData\Local\Programs\Python\Python311\Lib\urllib\request.py", line 1351, in do_open
    raise URLError(err)
urllib.error.URLError: <urlopen error [Errno 11001] getaddrinfo failed>

2026-06-12 01:32:30,044 [ERROR] Keyword 'Talent Acquisition': Traceback (most recent call last):
  File "C:\Users\bharath kumar\AppData\Local\Programs\Python\Python311\Lib\urllib\request.py", line 1348, in do_open
    h.request(req.get_method(), req.selector, req.data, headers,
  File "C:\Users\bharath kumar\AppData\Local\Programs\Python\Python311\Lib\http\client.py", line 1286, in request
    self._send_request(method, url, body, headers, encode_chunked)
  File "C:\Users\bharath kumar\AppData\Local\Programs\Python\Python311\Lib\http\client.py", line 1332, in _send_request
    self.endheaders(body, encode_chunked=encode_chunked)
  File "C:\Users\bharath kumar\AppData\Local\Programs\Python\Python311\Lib\http\client.py", line 1281, in endheaders
    self._send_output(message_body, encode_chunked=encode_chunked)
  File "C:\Users\bharath kumar\AppData\Local\Programs\Python\Python311\Lib\http\client.py", line 1041, in _send_output
    self.send(msg)
  File "C:\Users\bharath kumar\AppData\Local\Programs\Python\Python311\Lib\http\client.py", line 979, in send
    self.connect()
  File "C:\Users\bharath kumar\AppData\Local\Programs\Python\Python311\Lib\http\client.py", line 1451, in connect
    super().connect()
  File "C:\Users\bharath kumar\AppData\Local\Programs\Python\Python311\Lib\http\client.py", line 945, in connect
    self.sock = self._create_connection(
                ^^^^^^^^^^^^^^^^^^^^^^^^
  File "C:\Users\bharath kumar\AppData\Local\Programs\Python\Python311\Lib\socket.py", line 827, in create_connection
    for res in getaddrinfo(host, port, 0, SOCK_STREAM):
               ^^^^^^^^^^^^^^^^^^^^^^^^^^^^^^^^^^^^^^^
  File "C:\Users\bharath kumar\AppData\Local\Programs\Python\Python311\Lib\socket.py", line 962, in getaddrinfo
    for res in _socket.getaddrinfo(host, port, family, type, proto, flags):
               ^^^^^^^^^^^^^^^^^^^^^^^^^^^^^^^^^^^^^^^^^^^^^^^^^^^^^^^^^^^
socket.gaierror: [Errno 11001] getaddrinfo failed

During handling of the above exception, another exception occurred:

Traceback (most recent call last):
  File "C:\Users\bharath kumar\Desktop\Web Scraper for Nakuri\naukri_scraper.py", line 503, in process_keyword
    driver = make_driver()
             ^^^^^^^^^^^^^
  File "C:\Users\bharath kumar\Desktop\Web Scraper for Nakuri\naukri_scraper.py", line 145, in make_driver
    driver = uc.Chrome(options=options)   # no use_subprocess, no headless
             ^^^^^^^^^^^^^^^^^^^^^^^^^^
  File "C:\Users\bharath kumar\AppData\Local\Programs\Python\Python311\Lib\site-packages\undetected_chromedriver\__init__.py", line 258, in __init__
    self.patcher.auto()
  File "C:\Users\bharath kumar\AppData\Local\Programs\Python\Python311\Lib\site-packages\undetected_chromedriver\patcher.py", line 175, in auto
    release = self.fetch_release_number()
              ^^^^^^^^^^^^^^^^^^^^^^^^^^^
  File "C:\Users\bharath kumar\AppData\Local\Programs\Python\Python311\Lib\site-packages\undetected_chromedriver\patcher.py", line 250, in fetch_release_number
    with urlopen(self.url_repo + path) as conn:
         ^^^^^^^^^^^^^^^^^^^^^^^^^^^^^
  File "C:\Users\bharath kumar\AppData\Local\Programs\Python\Python311\Lib\urllib\request.py", line 216, in urlopen
    return opener.open(url, data, timeout)
           ^^^^^^^^^^^^^^^^^^^^^^^^^^^^^^^
  File "C:\Users\bharath kumar\AppData\Local\Programs\Python\Python311\Lib\urllib\request.py", line 519, in open
    response = self._open(req, data)
               ^^^^^^^^^^^^^^^^^^^^^
  File "C:\Users\bharath kumar\AppData\Local\Programs\Python\Python311\Lib\urllib\request.py", line 536, in _open
    result = self._call_chain(self.handle_open, protocol, protocol +
             ^^^^^^^^^^^^^^^^^^^^^^^^^^^^^^^^^^^^^^^^^^^^^^^^^^^^^^^
  File "C:\Users\bharath kumar\AppData\Local\Programs\Python\Python311\Lib\urllib\request.py", line 496, in _call_chain
    result = func(*args)
             ^^^^^^^^^^^
  File "C:\Users\bharath kumar\AppData\Local\Programs\Python\Python311\Lib\urllib\request.py", line 1391, in https_open
    return self.do_open(http.client.HTTPSConnection, req,
           ^^^^^^^^^^^^^^^^^^^^^^^^^^^^^^^^^^^^^^^^^^^^^^
  File "C:\Users\bharath kumar\AppData\Local\Programs\Python\Python311\Lib\urllib\request.py", line 1351, in do_open
    raise URLError(err)
urllib.error.URLError: <urlopen error [Errno 11001] getaddrinfo failed>

2026-06-12 01:32:30,049 [ERROR] Keyword 'Teacher': Traceback (most recent call last):
  File "C:\Users\bharath kumar\AppData\Local\Programs\Python\Python311\Lib\urllib\request.py", line 1348, in do_open
    h.request(req.get_method(), req.selector, req.data, headers,
  File "C:\Users\bharath kumar\AppData\Local\Programs\Python\Python311\Lib\http\client.py", line 1286, in request
    self._send_request(method, url, body, headers, encode_chunked)
  File "C:\Users\bharath kumar\AppData\Local\Programs\Python\Python311\Lib\http\client.py", line 1332, in _send_request
    self.endheaders(body, encode_chunked=encode_chunked)
  File "C:\Users\bharath kumar\AppData\Local\Programs\Python\Python311\Lib\http\client.py", line 1281, in endheaders
    self._send_output(message_body, encode_chunked=encode_chunked)
  File "C:\Users\bharath kumar\AppData\Local\Programs\Python\Python311\Lib\http\client.py", line 1041, in _send_output
    self.send(msg)
  File "C:\Users\bharath kumar\AppData\Local\Programs\Python\Python311\Lib\http\client.py", line 979, in send
    self.connect()
  File "C:\Users\bharath kumar\AppData\Local\Programs\Python\Python311\Lib\http\client.py", line 1451, in connect
    super().connect()
  File "C:\Users\bharath kumar\AppData\Local\Programs\Python\Python311\Lib\http\client.py", line 945, in connect
    self.sock = self._create_connection(
                ^^^^^^^^^^^^^^^^^^^^^^^^
  File "C:\Users\bharath kumar\AppData\Local\Programs\Python\Python311\Lib\socket.py", line 827, in create_connection
    for res in getaddrinfo(host, port, 0, SOCK_STREAM):
               ^^^^^^^^^^^^^^^^^^^^^^^^^^^^^^^^^^^^^^^
  File "C:\Users\bharath kumar\AppData\Local\Programs\Python\Python311\Lib\socket.py", line 962, in getaddrinfo
    for res in _socket.getaddrinfo(host, port, family, type, proto, flags):
               ^^^^^^^^^^^^^^^^^^^^^^^^^^^^^^^^^^^^^^^^^^^^^^^^^^^^^^^^^^^
socket.gaierror: [Errno 11001] getaddrinfo failed

During handling of the above exception, another exception occurred:

Traceback (most recent call last):
  File "C:\Users\bharath kumar\Desktop\Web Scraper for Nakuri\naukri_scraper.py", line 503, in process_keyword
    driver = make_driver()
             ^^^^^^^^^^^^^
  File "C:\Users\bharath kumar\Desktop\Web Scraper for Nakuri\naukri_scraper.py", line 145, in make_driver
    driver = uc.Chrome(options=options)   # no use_subprocess, no headless
             ^^^^^^^^^^^^^^^^^^^^^^^^^^
  File "C:\Users\bharath kumar\AppData\Local\Programs\Python\Python311\Lib\site-packages\undetected_chromedriver\__init__.py", line 258, in __init__
    self.patcher.auto()
  File "C:\Users\bharath kumar\AppData\Local\Programs\Python\Python311\Lib\site-packages\undetected_chromedriver\patcher.py", line 175, in auto
    release = self.fetch_release_number()
              ^^^^^^^^^^^^^^^^^^^^^^^^^^^
  File "C:\Users\bharath kumar\AppData\Local\Programs\Python\Python311\Lib\site-packages\undetected_chromedriver\patcher.py", line 250, in fetch_release_number
    with urlopen(self.url_repo + path) as conn:
         ^^^^^^^^^^^^^^^^^^^^^^^^^^^^^
  File "C:\Users\bharath kumar\AppData\Local\Programs\Python\Python311\Lib\urllib\request.py", line 216, in urlopen
    return opener.open(url, data, timeout)
           ^^^^^^^^^^^^^^^^^^^^^^^^^^^^^^^
  File "C:\Users\bharath kumar\AppData\Local\Programs\Python\Python311\Lib\urllib\request.py", line 519, in open
    response = self._open(req, data)
               ^^^^^^^^^^^^^^^^^^^^^
  File "C:\Users\bharath kumar\AppData\Local\Programs\Python\Python311\Lib\urllib\request.py", line 536, in _open
    result = self._call_chain(self.handle_open, protocol, protocol +
             ^^^^^^^^^^^^^^^^^^^^^^^^^^^^^^^^^^^^^^^^^^^^^^^^^^^^^^^
  File "C:\Users\bharath kumar\AppData\Local\Programs\Python\Python311\Lib\urllib\request.py", line 496, in _call_chain
    result = func(*args)
             ^^^^^^^^^^^
  File "C:\Users\bharath kumar\AppData\Local\Programs\Python\Python311\Lib\urllib\request.py", line 1391, in https_open
    return self.do_open(http.client.HTTPSConnection, req,
           ^^^^^^^^^^^^^^^^^^^^^^^^^^^^^^^^^^^^^^^^^^^^^^
  File "C:\Users\bharath kumar\AppData\Local\Programs\Python\Python311\Lib\urllib\request.py", line 1351, in do_open
    raise URLError(err)
urllib.error.URLError: <urlopen error [Errno 11001] getaddrinfo failed>

2026-06-12 01:32:30,086 [ERROR] Keyword 'Test Engineer': Traceback (most recent call last):
  File "C:\Users\bharath kumar\AppData\Local\Programs\Python\Python311\Lib\urllib\request.py", line 1348, in do_open
    h.request(req.get_method(), req.selector, req.data, headers,
  File "C:\Users\bharath kumar\AppData\Local\Programs\Python\Python311\Lib\http\client.py", line 1286, in request
    self._send_request(method, url, body, headers, encode_chunked)
  File "C:\Users\bharath kumar\AppData\Local\Programs\Python\Python311\Lib\http\client.py", line 1332, in _send_request
    self.endheaders(body, encode_chunked=encode_chunked)
  File "C:\Users\bharath kumar\AppData\Local\Programs\Python\Python311\Lib\http\client.py", line 1281, in endheaders
    self._send_output(message_body, encode_chunked=encode_chunked)
  File "C:\Users\bharath kumar\AppData\Local\Programs\Python\Python311\Lib\http\client.py", line 1041, in _send_output
    self.send(msg)
  File "C:\Users\bharath kumar\AppData\Local\Programs\Python\Python311\Lib\http\client.py", line 979, in send
    self.connect()
  File "C:\Users\bharath kumar\AppData\Local\Programs\Python\Python311\Lib\http\client.py", line 1451, in connect
    super().connect()
  File "C:\Users\bharath kumar\AppData\Local\Programs\Python\Python311\Lib\http\client.py", line 945, in connect
    self.sock = self._create_connection(
                ^^^^^^^^^^^^^^^^^^^^^^^^
  File "C:\Users\bharath kumar\AppData\Local\Programs\Python\Python311\Lib\socket.py", line 827, in create_connection
    for res in getaddrinfo(host, port, 0, SOCK_STREAM):
               ^^^^^^^^^^^^^^^^^^^^^^^^^^^^^^^^^^^^^^^
  File "C:\Users\bharath kumar\AppData\Local\Programs\Python\Python311\Lib\socket.py", line 962, in getaddrinfo
    for res in _socket.getaddrinfo(host, port, family, type, proto, flags):
               ^^^^^^^^^^^^^^^^^^^^^^^^^^^^^^^^^^^^^^^^^^^^^^^^^^^^^^^^^^^
socket.gaierror: [Errno 11001] getaddrinfo failed

During handling of the above exception, another exception occurred:

Traceback (most recent call last):
  File "C:\Users\bharath kumar\Desktop\Web Scraper for Nakuri\naukri_scraper.py", line 503, in process_keyword
    driver = make_driver()
             ^^^^^^^^^^^^^
  File "C:\Users\bharath kumar\Desktop\Web Scraper for Nakuri\naukri_scraper.py", line 145, in make_driver
    driver = uc.Chrome(options=options)   # no use_subprocess, no headless
             ^^^^^^^^^^^^^^^^^^^^^^^^^^
  File "C:\Users\bharath kumar\AppData\Local\Programs\Python\Python311\Lib\site-packages\undetected_chromedriver\__init__.py", line 258, in __init__
    self.patcher.auto()
  File "C:\Users\bharath kumar\AppData\Local\Programs\Python\Python311\Lib\site-packages\undetected_chromedriver\patcher.py", line 175, in auto
    release = self.fetch_release_number()
              ^^^^^^^^^^^^^^^^^^^^^^^^^^^
  File "C:\Users\bharath kumar\AppData\Local\Programs\Python\Python311\Lib\site-packages\undetected_chromedriver\patcher.py", line 250, in fetch_release_number
    with urlopen(self.url_repo + path) as conn:
         ^^^^^^^^^^^^^^^^^^^^^^^^^^^^^
  File "C:\Users\bharath kumar\AppData\Local\Programs\Python\Python311\Lib\urllib\request.py", line 216, in urlopen
    return opener.open(url, data, timeout)
           ^^^^^^^^^^^^^^^^^^^^^^^^^^^^^^^
  File "C:\Users\bharath kumar\AppData\Local\Programs\Python\Python311\Lib\urllib\request.py", line 519, in open
    response = self._open(req, data)
               ^^^^^^^^^^^^^^^^^^^^^
  File "C:\Users\bharath kumar\AppData\Local\Programs\Python\Python311\Lib\urllib\request.py", line 536, in _open
    result = self._call_chain(self.handle_open, protocol, protocol +
             ^^^^^^^^^^^^^^^^^^^^^^^^^^^^^^^^^^^^^^^^^^^^^^^^^^^^^^^
  File "C:\Users\bharath kumar\AppData\Local\Programs\Python\Python311\Lib\urllib\request.py", line 496, in _call_chain
    result = func(*args)
             ^^^^^^^^^^^
  File "C:\Users\bharath kumar\AppData\Local\Programs\Python\Python311\Lib\urllib\request.py", line 1391, in https_open
    return self.do_open(http.client.HTTPSConnection, req,
           ^^^^^^^^^^^^^^^^^^^^^^^^^^^^^^^^^^^^^^^^^^^^^^
  File "C:\Users\bharath kumar\AppData\Local\Programs\Python\Python311\Lib\urllib\request.py", line 1351, in do_open
    raise URLError(err)
urllib.error.URLError: <urlopen error [Errno 11001] getaddrinfo failed>

2026-06-12 01:32:30,100 [ERROR] Keyword 'VLSI Engineer': Traceback (most recent call last):
  File "C:\Users\bharath kumar\AppData\Local\Programs\Python\Python311\Lib\urllib\request.py", line 1348, in do_open
    h.request(req.get_method(), req.selector, req.data, headers,
  File "C:\Users\bharath kumar\AppData\Local\Programs\Python\Python311\Lib\http\client.py", line 1286, in request
    self._send_request(method, url, body, headers, encode_chunked)
  File "C:\Users\bharath kumar\AppData\Local\Programs\Python\Python311\Lib\http\client.py", line 1332, in _send_request
    self.endheaders(body, encode_chunked=encode_chunked)
  File "C:\Users\bharath kumar\AppData\Local\Programs\Python\Python311\Lib\http\client.py", line 1281, in endheaders
    self._send_output(message_body, encode_chunked=encode_chunked)
  File "C:\Users\bharath kumar\AppData\Local\Programs\Python\Python311\Lib\http\client.py", line 1041, in _send_output
    self.send(msg)
  File "C:\Users\bharath kumar\AppData\Local\Programs\Python\Python311\Lib\http\client.py", line 979, in send
    self.connect()
  File "C:\Users\bharath kumar\AppData\Local\Programs\Python\Python311\Lib\http\client.py", line 1451, in connect
    super().connect()
  File "C:\Users\bharath kumar\AppData\Local\Programs\Python\Python311\Lib\http\client.py", line 945, in connect
    self.sock = self._create_connection(
                ^^^^^^^^^^^^^^^^^^^^^^^^
  File "C:\Users\bharath kumar\AppData\Local\Programs\Python\Python311\Lib\socket.py", line 827, in create_connection
    for res in getaddrinfo(host, port, 0, SOCK_STREAM):
               ^^^^^^^^^^^^^^^^^^^^^^^^^^^^^^^^^^^^^^^
  File "C:\Users\bharath kumar\AppData\Local\Programs\Python\Python311\Lib\socket.py", line 962, in getaddrinfo
    for res in _socket.getaddrinfo(host, port, family, type, proto, flags):
               ^^^^^^^^^^^^^^^^^^^^^^^^^^^^^^^^^^^^^^^^^^^^^^^^^^^^^^^^^^^
socket.gaierror: [Errno 11001] getaddrinfo failed

During handling of the above exception, another exception occurred:

Traceback (most recent call last):
  File "C:\Users\bharath kumar\Desktop\Web Scraper for Nakuri\naukri_scraper.py", line 503, in process_keyword
    driver = make_driver()
             ^^^^^^^^^^^^^
  File "C:\Users\bharath kumar\Desktop\Web Scraper for Nakuri\naukri_scraper.py", line 145, in make_driver
    driver = uc.Chrome(options=options)   # no use_subprocess, no headless
             ^^^^^^^^^^^^^^^^^^^^^^^^^^
  File "C:\Users\bharath kumar\AppData\Local\Programs\Python\Python311\Lib\site-packages\undetected_chromedriver\__init__.py", line 258, in __init__
    self.patcher.auto()
  File "C:\Users\bharath kumar\AppData\Local\Programs\Python\Python311\Lib\site-packages\undetected_chromedriver\patcher.py", line 175, in auto
    release = self.fetch_release_number()
              ^^^^^^^^^^^^^^^^^^^^^^^^^^^
  File "C:\Users\bharath kumar\AppData\Local\Programs\Python\Python311\Lib\site-packages\undetected_chromedriver\patcher.py", line 250, in fetch_release_number
    with urlopen(self.url_repo + path) as conn:
         ^^^^^^^^^^^^^^^^^^^^^^^^^^^^^
  File "C:\Users\bharath kumar\AppData\Local\Programs\Python\Python311\Lib\urllib\request.py", line 216, in urlopen
    return opener.open(url, data, timeout)
           ^^^^^^^^^^^^^^^^^^^^^^^^^^^^^^^
  File "C:\Users\bharath kumar\AppData\Local\Programs\Python\Python311\Lib\urllib\request.py", line 519, in open
    response = self._open(req, data)
               ^^^^^^^^^^^^^^^^^^^^^
  File "C:\Users\bharath kumar\AppData\Local\Programs\Python\Python311\Lib\urllib\request.py", line 536, in _open
    result = self._call_chain(self.handle_open, protocol, protocol +
             ^^^^^^^^^^^^^^^^^^^^^^^^^^^^^^^^^^^^^^^^^^^^^^^^^^^^^^^
  File "C:\Users\bharath kumar\AppData\Local\Programs\Python\Python311\Lib\urllib\request.py", line 496, in _call_chain
    result = func(*args)
             ^^^^^^^^^^^
  File "C:\Users\bharath kumar\AppData\Local\Programs\Python\Python311\Lib\urllib\request.py", line 1391, in https_open
    return self.do_open(http.client.HTTPSConnection, req,
           ^^^^^^^^^^^^^^^^^^^^^^^^^^^^^^^^^^^^^^^^^^^^^^
  File "C:\Users\bharath kumar\AppData\Local\Programs\Python\Python311\Lib\urllib\request.py", line 1351, in do_open
    raise URLError(err)
urllib.error.URLError: <urlopen error [Errno 11001] getaddrinfo failed>

2026-06-12 01:32:30,104 [ERROR] Keyword 'UI UX Designer': Traceback (most recent call last):
  File "C:\Users\bharath kumar\AppData\Local\Programs\Python\Python311\Lib\urllib\request.py", line 1348, in do_open
    h.request(req.get_method(), req.selector, req.data, headers,
  File "C:\Users\bharath kumar\AppData\Local\Programs\Python\Python311\Lib\http\client.py", line 1286, in request
    self._send_request(method, url, body, headers, encode_chunked)
  File "C:\Users\bharath kumar\AppData\Local\Programs\Python\Python311\Lib\http\client.py", line 1332, in _send_request
    self.endheaders(body, encode_chunked=encode_chunked)
  File "C:\Users\bharath kumar\AppData\Local\Programs\Python\Python311\Lib\http\client.py", line 1281, in endheaders
    self._send_output(message_body, encode_chunked=encode_chunked)
  File "C:\Users\bharath kumar\AppData\Local\Programs\Python\Python311\Lib\http\client.py", line 1041, in _send_output
    self.send(msg)
  File "C:\Users\bharath kumar\AppData\Local\Programs\Python\Python311\Lib\http\client.py", line 979, in send
    self.connect()
  File "C:\Users\bharath kumar\AppData\Local\Programs\Python\Python311\Lib\http\client.py", line 1451, in connect
    super().connect()
  File "C:\Users\bharath kumar\AppData\Local\Programs\Python\Python311\Lib\http\client.py", line 945, in connect
    self.sock = self._create_connection(
                ^^^^^^^^^^^^^^^^^^^^^^^^
  File "C:\Users\bharath kumar\AppData\Local\Programs\Python\Python311\Lib\socket.py", line 827, in create_connection
    for res in getaddrinfo(host, port, 0, SOCK_STREAM):
               ^^^^^^^^^^^^^^^^^^^^^^^^^^^^^^^^^^^^^^^
  File "C:\Users\bharath kumar\AppData\Local\Programs\Python\Python311\Lib\socket.py", line 962, in getaddrinfo
    for res in _socket.getaddrinfo(host, port, family, type, proto, flags):
               ^^^^^^^^^^^^^^^^^^^^^^^^^^^^^^^^^^^^^^^^^^^^^^^^^^^^^^^^^^^
socket.gaierror: [Errno 11001] getaddrinfo failed

During handling of the above exception, another exception occurred:

Traceback (most recent call last):
  File "C:\Users\bharath kumar\Desktop\Web Scraper for Nakuri\naukri_scraper.py", line 503, in process_keyword
    driver = make_driver()
             ^^^^^^^^^^^^^
  File "C:\Users\bharath kumar\Desktop\Web Scraper for Nakuri\naukri_scraper.py", line 145, in make_driver
    driver = uc.Chrome(options=options)   # no use_subprocess, no headless
             ^^^^^^^^^^^^^^^^^^^^^^^^^^
  File "C:\Users\bharath kumar\AppData\Local\Programs\Python\Python311\Lib\site-packages\undetected_chromedriver\__init__.py", line 258, in __init__
    self.patcher.auto()
  File "C:\Users\bharath kumar\AppData\Local\Programs\Python\Python311\Lib\site-packages\undetected_chromedriver\patcher.py", line 175, in auto
    release = self.fetch_release_number()
              ^^^^^^^^^^^^^^^^^^^^^^^^^^^
  File "C:\Users\bharath kumar\AppData\Local\Programs\Python\Python311\Lib\site-packages\undetected_chromedriver\patcher.py", line 250, in fetch_release_number
    with urlopen(self.url_repo + path) as conn:
         ^^^^^^^^^^^^^^^^^^^^^^^^^^^^^
  File "C:\Users\bharath kumar\AppData\Local\Programs\Python\Python311\Lib\urllib\request.py", line 216, in urlopen
    return opener.open(url, data, timeout)
           ^^^^^^^^^^^^^^^^^^^^^^^^^^^^^^^
  File "C:\Users\bharath kumar\AppData\Local\Programs\Python\Python311\Lib\urllib\request.py", line 519, in open
    response = self._open(req, data)
               ^^^^^^^^^^^^^^^^^^^^^
  File "C:\Users\bharath kumar\AppData\Local\Programs\Python\Python311\Lib\urllib\request.py", line 536, in _open
    result = self._call_chain(self.handle_open, protocol, protocol +
             ^^^^^^^^^^^^^^^^^^^^^^^^^^^^^^^^^^^^^^^^^^^^^^^^^^^^^^^
  File "C:\Users\bharath kumar\AppData\Local\Programs\Python\Python311\Lib\urllib\request.py", line 496, in _call_chain
    result = func(*args)
             ^^^^^^^^^^^
  File "C:\Users\bharath kumar\AppData\Local\Programs\Python\Python311\Lib\urllib\request.py", line 1391, in https_open
    return self.do_open(http.client.HTTPSConnection, req,
           ^^^^^^^^^^^^^^^^^^^^^^^^^^^^^^^^^^^^^^^^^^^^^^
  File "C:\Users\bharath kumar\AppData\Local\Programs\Python\Python311\Lib\urllib\request.py", line 1351, in do_open
    raise URLError(err)
urllib.error.URLError: <urlopen error [Errno 11001] getaddrinfo failed>

2026-06-12 01:32:30,126 [ERROR] Keyword 'Web Designer': Traceback (most recent call last):
  File "C:\Users\bharath kumar\AppData\Local\Programs\Python\Python311\Lib\urllib\request.py", line 1348, in do_open
    h.request(req.get_method(), req.selector, req.data, headers,
  File "C:\Users\bharath kumar\AppData\Local\Programs\Python\Python311\Lib\http\client.py", line 1286, in request
    self._send_request(method, url, body, headers, encode_chunked)
  File "C:\Users\bharath kumar\AppData\Local\Programs\Python\Python311\Lib\http\client.py", line 1332, in _send_request
    self.endheaders(body, encode_chunked=encode_chunked)
  File "C:\Users\bharath kumar\AppData\Local\Programs\Python\Python311\Lib\http\client.py", line 1281, in endheaders
    self._send_output(message_body, encode_chunked=encode_chunked)
  File "C:\Users\bharath kumar\AppData\Local\Programs\Python\Python311\Lib\http\client.py", line 1041, in _send_output
    self.send(msg)
  File "C:\Users\bharath kumar\AppData\Local\Programs\Python\Python311\Lib\http\client.py", line 979, in send
    self.connect()
  File "C:\Users\bharath kumar\AppData\Local\Programs\Python\Python311\Lib\http\client.py", line 1451, in connect
    super().connect()
  File "C:\Users\bharath kumar\AppData\Local\Programs\Python\Python311\Lib\http\client.py", line 945, in connect
    self.sock = self._create_connection(
                ^^^^^^^^^^^^^^^^^^^^^^^^
  File "C:\Users\bharath kumar\AppData\Local\Programs\Python\Python311\Lib\socket.py", line 827, in create_connection
    for res in getaddrinfo(host, port, 0, SOCK_STREAM):
               ^^^^^^^^^^^^^^^^^^^^^^^^^^^^^^^^^^^^^^^
  File "C:\Users\bharath kumar\AppData\Local\Programs\Python\Python311\Lib\socket.py", line 962, in getaddrinfo
    for res in _socket.getaddrinfo(host, port, family, type, proto, flags):
               ^^^^^^^^^^^^^^^^^^^^^^^^^^^^^^^^^^^^^^^^^^^^^^^^^^^^^^^^^^^
socket.gaierror: [Errno 11001] getaddrinfo failed

During handling of the above exception, another exception occurred:

Traceback (most recent call last):
  File "C:\Users\bharath kumar\Desktop\Web Scraper for Nakuri\naukri_scraper.py", line 503, in process_keyword
    driver = make_driver()
             ^^^^^^^^^^^^^
  File "C:\Users\bharath kumar\Desktop\Web Scraper for Nakuri\naukri_scraper.py", line 145, in make_driver
    driver = uc.Chrome(options=options)   # no use_subprocess, no headless
             ^^^^^^^^^^^^^^^^^^^^^^^^^^
  File "C:\Users\bharath kumar\AppData\Local\Programs\Python\Python311\Lib\site-packages\undetected_chromedriver\__init__.py", line 258, in __init__
    self.patcher.auto()
  File "C:\Users\bharath kumar\AppData\Local\Programs\Python\Python311\Lib\site-packages\undetected_chromedriver\patcher.py", line 175, in auto
    release = self.fetch_release_number()
              ^^^^^^^^^^^^^^^^^^^^^^^^^^^
  File "C:\Users\bharath kumar\AppData\Local\Programs\Python\Python311\Lib\site-packages\undetected_chromedriver\patcher.py", line 250, in fetch_release_number
    with urlopen(self.url_repo + path) as conn:
         ^^^^^^^^^^^^^^^^^^^^^^^^^^^^^
  File "C:\Users\bharath kumar\AppData\Local\Programs\Python\Python311\Lib\urllib\request.py", line 216, in urlopen
    return opener.open(url, data, timeout)
           ^^^^^^^^^^^^^^^^^^^^^^^^^^^^^^^
  File "C:\Users\bharath kumar\AppData\Local\Programs\Python\Python311\Lib\urllib\request.py", line 519, in open
    response = self._open(req, data)
               ^^^^^^^^^^^^^^^^^^^^^
  File "C:\Users\bharath kumar\AppData\Local\Programs\Python\Python311\Lib\urllib\request.py", line 536, in _open
    result = self._call_chain(self.handle_open, protocol, protocol +
             ^^^^^^^^^^^^^^^^^^^^^^^^^^^^^^^^^^^^^^^^^^^^^^^^^^^^^^^
  File "C:\Users\bharath kumar\AppData\Local\Programs\Python\Python311\Lib\urllib\request.py", line 496, in _call_chain
    result = func(*args)
             ^^^^^^^^^^^
  File "C:\Users\bharath kumar\AppData\Local\Programs\Python\Python311\Lib\urllib\request.py", line 1391, in https_open
    return self.do_open(http.client.HTTPSConnection, req,
           ^^^^^^^^^^^^^^^^^^^^^^^^^^^^^^^^^^^^^^^^^^^^^^
  File "C:\Users\bharath kumar\AppData\Local\Programs\Python\Python311\Lib\urllib\request.py", line 1351, in do_open
    raise URLError(err)
urllib.error.URLError: <urlopen error [Errno 11001] getaddrinfo failed>

2026-06-12 01:32:30,129 [ERROR] Keyword 'iOS Developer': Traceback (most recent call last):
  File "C:\Users\bharath kumar\AppData\Local\Programs\Python\Python311\Lib\urllib\request.py", line 1348, in do_open
    h.request(req.get_method(), req.selector, req.data, headers,
  File "C:\Users\bharath kumar\AppData\Local\Programs\Python\Python311\Lib\http\client.py", line 1286, in request
    self._send_request(method, url, body, headers, encode_chunked)
  File "C:\Users\bharath kumar\AppData\Local\Programs\Python\Python311\Lib\http\client.py", line 1332, in _send_request
    self.endheaders(body, encode_chunked=encode_chunked)
  File "C:\Users\bharath kumar\AppData\Local\Programs\Python\Python311\Lib\http\client.py", line 1281, in endheaders
    self._send_output(message_body, encode_chunked=encode_chunked)
  File "C:\Users\bharath kumar\AppData\Local\Programs\Python\Python311\Lib\http\client.py", line 1041, in _send_output
    self.send(msg)
  File "C:\Users\bharath kumar\AppData\Local\Programs\Python\Python311\Lib\http\client.py", line 979, in send
    self.connect()
  File "C:\Users\bharath kumar\AppData\Local\Programs\Python\Python311\Lib\http\client.py", line 1451, in connect
    super().connect()
  File "C:\Users\bharath kumar\AppData\Local\Programs\Python\Python311\Lib\http\client.py", line 945, in connect
    self.sock = self._create_connection(
                ^^^^^^^^^^^^^^^^^^^^^^^^
  File "C:\Users\bharath kumar\AppData\Local\Programs\Python\Python311\Lib\socket.py", line 827, in create_connection
    for res in getaddrinfo(host, port, 0, SOCK_STREAM):
               ^^^^^^^^^^^^^^^^^^^^^^^^^^^^^^^^^^^^^^^
  File "C:\Users\bharath kumar\AppData\Local\Programs\Python\Python311\Lib\socket.py", line 962, in getaddrinfo
    for res in _socket.getaddrinfo(host, port, family, type, proto, flags):
               ^^^^^^^^^^^^^^^^^^^^^^^^^^^^^^^^^^^^^^^^^^^^^^^^^^^^^^^^^^^
socket.gaierror: [Errno 11001] getaddrinfo failed

During handling of the above exception, another exception occurred:

Traceback (most recent call last):
  File "C:\Users\bharath kumar\Desktop\Web Scraper for Nakuri\naukri_scraper.py", line 503, in process_keyword
    driver = make_driver()
             ^^^^^^^^^^^^^
  File "C:\Users\bharath kumar\Desktop\Web Scraper for Nakuri\naukri_scraper.py", line 145, in make_driver
    driver = uc.Chrome(options=options)   # no use_subprocess, no headless
             ^^^^^^^^^^^^^^^^^^^^^^^^^^
  File "C:\Users\bharath kumar\AppData\Local\Programs\Python\Python311\Lib\site-packages\undetected_chromedriver\__init__.py", line 258, in __init__
    self.patcher.auto()
  File "C:\Users\bharath kumar\AppData\Local\Programs\Python\Python311\Lib\site-packages\undetected_chromedriver\patcher.py", line 175, in auto
    release = self.fetch_release_number()
              ^^^^^^^^^^^^^^^^^^^^^^^^^^^
  File "C:\Users\bharath kumar\AppData\Local\Programs\Python\Python311\Lib\site-packages\undetected_chromedriver\patcher.py", line 250, in fetch_release_number
    with urlopen(self.url_repo + path) as conn:
         ^^^^^^^^^^^^^^^^^^^^^^^^^^^^^
  File "C:\Users\bharath kumar\AppData\Local\Programs\Python\Python311\Lib\urllib\request.py", line 216, in urlopen
    return opener.open(url, data, timeout)
           ^^^^^^^^^^^^^^^^^^^^^^^^^^^^^^^
  File "C:\Users\bharath kumar\AppData\Local\Programs\Python\Python311\Lib\urllib\request.py", line 519, in open
    response = self._open(req, data)
               ^^^^^^^^^^^^^^^^^^^^^
  File "C:\Users\bharath kumar\AppData\Local\Programs\Python\Python311\Lib\urllib\request.py", line 536, in _open
    result = self._call_chain(self.handle_open, protocol, protocol +
             ^^^^^^^^^^^^^^^^^^^^^^^^^^^^^^^^^^^^^^^^^^^^^^^^^^^^^^^
  File "C:\Users\bharath kumar\AppData\Local\Programs\Python\Python311\Lib\urllib\request.py", line 496, in _call_chain
    result = func(*args)
             ^^^^^^^^^^^
  File "C:\Users\bharath kumar\AppData\Local\Programs\Python\Python311\Lib\urllib\request.py", line 1391, in https_open
    return self.do_open(http.client.HTTPSConnection, req,
           ^^^^^^^^^^^^^^^^^^^^^^^^^^^^^^^^^^^^^^^^^^^^^^
  File "C:\Users\bharath kumar\AppData\Local\Programs\Python\Python311\Lib\urllib\request.py", line 1351, in do_open
    raise URLError(err)
urllib.error.URLError: <urlopen error [Errno 11001] getaddrinfo failed>

2026-06-12 07:16:03,883 [INFO] Note: NumExpr detected 16 cores but "NUMEXPR_MAX_THREADS" not set, so enforcing safe limit of 8.
2026-06-12 07:16:03,883 [INFO] NumExpr defaulting to 8 threads.
